$MeshFormat
4.1 0 8
$EndMeshFormat
$PhysicalNames
97
2 2 "surface_1"
2 3 "surface_2"
2 4 "surface_3"
2 5 "surface_4"
2 6 "surface_5"
2 7 "surface_6"
2 8 "surface_8"
2 9 "surface_9"
2 10 "surface_10"
2 11 "surface_11"
2 12 "surface_12"
2 13 "surface_13"
2 14 "surface_14"
2 15 "surface_15"
2 16 "surface_16"
2 17 "surface_17"
2 18 "surface_18"
2 19 "surface_19"
2 20 "surface_20"
2 21 "surface_21"
2 22 "surface_22"
2 23 "surface_23"
2 24 "surface_24"
2 25 "surface_25"
2 26 "surface_26"
2 27 "surface_27"
2 28 "surface_28"
2 29 "surface_29"
2 30 "surface_30"
2 31 "surface_31"
2 32 "surface_32"
2 33 "surface_33"
2 34 "surface_34"
2 35 "surface_35"
2 36 "surface_36"
2 37 "surface_37"
2 38 "surface_38"
2 39 "surface_39"
2 40 "surface_40"
2 41 "surface_41"
2 42 "surface_42"
2 43 "surface_43"
2 44 "surface_44"
2 45 "surface_45"
2 46 "surface_46"
2 47 "surface_47"
2 48 "surface_48"
2 49 "surface_49"
2 50 "surface_50"
2 51 "surface_51"
2 52 "surface_52"
2 53 "surface_53"
2 54 "surface_54"
2 55 "surface_55"
2 56 "surface_56"
2 57 "surface_57"
2 58 "surface_58"
2 59 "surface_59"
2 60 "surface_60"
2 61 "surface_61"
2 62 "surface_62"
2 63 "surface_63"
2 64 "surface_64"
2 65 "surface_65"
2 66 "surface_66"
2 67 "surface_67"
2 68 "surface_68"
2 69 "surface_69"
2 70 "surface_70"
2 71 "surface_71"
2 72 "surface_72"
2 73 "surface_73"
2 74 "surface_74"
2 75 "surface_75"
2 76 "surface_76"
2 77 "surface_77"
2 78 "surface_78"
2 79 "surface_79"
2 80 "surface_80"
2 81 "surface_81"
2 82 "surface_82"
2 83 "surface_83"
2 84 "surface_84"
2 85 "surface_85"
2 86 "surface_86"
2 87 "surface_87"
2 88 "surface_88"
2 89 "surface_89"
2 90 "surface_90"
2 91 "surface_91"
2 92 "surface_92"
2 93 "surface_93"
2 94 "surface_94"
2 95 "surface_95"
2 96 "surface_96"
2 97 "surface_97"
3 1 "Volume"
$EndPhysicalNames
$Entities
186 279 97 2
1 -1700 -1700 0 0 
2 -1700 1700 0 0 
3 1700 -1700 0 0 
4 1700 1700 0 0 
5 1450 0 0 0 
6 -1175 -65 0 0 
7 -1195 -85 0 0 
8 -1031.50375665821 -65 0 0 
9 -1195 -308.248278173037 0 0 
10 -1011.57131691602 -83.3574879227053 0 0 
11 -711.5695772229819 -1164.49349532036 0 0 
12 1011.57131691602 -83.3574879227053 0 0 
13 761.763756110353 -1120.47728726089 0 0 
14 1031.50375665821 -65 0 0 
15 1195 -296.596928980823 0 0 
16 1175 -65 0 0 
17 1195 -85 0 0 
18 -152.45317992879 -476.191167420816 0 0 
19 152.45317992879 -476.191167420816 0 0 
20 -164.899169735225 -482.294789335976 0 0 
21 164.899169735225 -482.294789335976 0 0 
22 -166.610574130929 -486.996834268727 0 0 
23 166.610574130929 -486.996834268727 0 0 
24 -160.266340115751 -499.939696589401 0 0 
25 160.266340115751 -499.939696589401 0 0 
26 -68.2500000000001 777.008325244975 0 0 
27 -68.2499999999999 -777.008325244975 0 0 
28 -50.0000000000001 796.931615635871 0 0 
29 -49.9999999999999 -796.931615635871 0 0 
30 -50.0000000000001 847.112743381895 0 0 
31 -49.9999999999999 -847.112743381895 0 0 
32 -71.64705882352951 867.044807932057 0 0 
33 -71.64705882352931 -867.044807932057 0 0 
34 -574.004328257315 -33.8235294117649 0 0 
35 574.004328257315 -33.8235294117647 0 0 
36 -593.9696961966999 -15.0000000000002 0 0 
37 593.9696961966999 -15 0 0 
38 -649.057008282015 -15.0000000000002 0 0 
39 649.057008282015 -15 0 0 
40 -669.027993152231 -36.0769230769232 0 0 
41 669.027993152231 -36.07692307692309 0 0 
42 189.303870940002 -462.778612780594 0 0 
43 189.303870940003 462.778612780594 0 0 
44 183.693022150943 -475.454386469463 0 0 
45 183.693022150944 475.454386469462 0 0 
46 185.404426546647 -480.156431402214 0 0 
47 185.404426546647 480.156431402214 0 0 
48 198.583903293428 -485.993244143112 0 0 
49 198.583903293429 485.993244143112 0 0 
50 68.2500000000001 -777.008325244975 0 0 
51 68.2499999999999 777.008325244975 0 0 
52 50.0000000000001 -796.931615635871 0 0 
53 49.9999999999999 796.931615635871 0 0 
54 50.0000000000001 -847.112743381895 0 0 
55 49.9999999999999 847.112743381895 0 0 
56 71.64705882352951 -867.044807932057 0 0 
57 71.64705882352931 867.044807932057 0 0 
58 -189.303870940002 462.778612780594 0 0 
59 -189.303870940003 -462.778612780594 0 0 
60 -183.693022150943 475.454386469463 0 0 
61 -183.693022150944 -475.454386469463 0 0 
62 -185.404426546647 480.156431402214 0 0 
63 -185.404426546647 -480.156431402214 0 0 
64 -198.583903293428 485.993244143112 0 0 
65 -198.583903293429 -485.993244143112 0 0 
66 669.027993152231 36.07692307692309 0 0 
67 -669.027993152231 36.07692307692309 0 0 
68 649.057008282015 15 0 0 
69 -649.057008282015 15 0 0 
70 593.9696961966999 15 0 0 
71 -593.9696961966999 15 0 0 
72 574.004328257315 33.8235294117647 0 0 
73 -574.004328257315 33.8235294117647 0 0 
74 761.763756110353 1120.47728726089 0 0 
75 -711.5695772229819 1164.49349532036 0 0 
76 1195 296.596928980823 0 0 
77 -1195 308.248278173037 0 0 
78 1195 85 0 0 
79 -1195 85 0 0 
80 1175 65 0 0 
81 -1175 65 0 0 
82 1031.50375665821 65 0 0 
83 -1031.50375665821 65 0 0 
84 1011.57131691602 83.3574879227052 0 0 
85 -1011.57131691602 83.3574879227053 0 0 
86 152.453179928791 476.191167420816 0 0 
87 -152.45317992879 476.191167420816 0 0 
88 164.899169735226 482.294789335976 0 0 
89 -164.899169735225 482.294789335976 0 0 
90 166.610574130929 486.996834268727 0 0 
91 -166.610574130928 486.996834268728 0 0 
92 160.266340115751 499.939696589401 0 0 
93 -160.26634011575 499.939696589401 0 0 
94 -1700 -1700 45 0 
95 -1700 1700 45 0 
96 1700 -1700 45 0 
97 1700 1700 45 0 
98 1450 0 45 0 
99 -1175 -65 45 0 
100 -1195 -85 45 0 
101 -1031.50375665821 -65 45 0 
102 -1195 -308.248278173037 45 0 
103 -1011.57131691602 -83.3574879227053 45 0 
104 -711.5695772229819 -1164.49349532036 45 0 
105 1011.57131691602 -83.3574879227053 45 0 
106 761.763756110353 -1120.47728726089 45 0 
107 1031.50375665821 -65 45 0 
108 1195 -296.596928980823 45 0 
109 1175 -65 45 0 
110 1195 -85 45 0 
111 -152.45317992879 -476.191167420816 45 0 
112 152.45317992879 -476.191167420816 45 0 
113 -164.899169735225 -482.294789335976 45 0 
114 164.899169735225 -482.294789335976 45 0 
115 -166.610574130929 -486.996834268727 45 0 
116 166.610574130929 -486.996834268727 45 0 
117 -160.266340115751 -499.939696589401 45 0 
118 160.266340115751 -499.939696589401 45 0 
119 -68.2500000000001 777.008325244975 45 0 
120 -68.2499999999999 -777.008325244975 45 0 
121 -50.0000000000001 796.931615635871 45 0 
122 -49.9999999999999 -796.931615635871 45 0 
123 -50.0000000000001 847.112743381895 45 0 
124 -49.9999999999999 -847.112743381895 45 0 
125 -71.64705882352951 867.044807932057 45 0 
126 -71.64705882352931 -867.044807932057 45 0 
127 -574.004328257315 -33.8235294117649 45 0 
128 574.004328257315 -33.8235294117647 45 0 
129 -593.9696961966999 -15.0000000000002 45 0 
130 593.9696961966999 -15 45 0 
131 -649.057008282015 -15.0000000000002 45 0 
132 649.057008282015 -15 45 0 
133 -669.027993152231 -36.0769230769232 45 0 
134 669.027993152231 -36.07692307692309 45 0 
135 189.303870940002 -462.778612780594 45 0 
136 189.303870940003 462.778612780594 45 0 
137 183.693022150943 -475.454386469463 45 0 
138 183.693022150944 475.454386469462 45 0 
139 185.404426546647 -480.156431402214 45 0 
140 185.404426546647 480.156431402214 45 0 
141 198.583903293428 -485.993244143112 45 0 
142 198.583903293429 485.993244143112 45 0 
143 68.2500000000001 -777.008325244975 45 0 
144 68.2499999999999 777.008325244975 45 0 
145 50.0000000000001 -796.931615635871 45 0 
146 49.9999999999999 796.931615635871 45 0 
147 50.0000000000001 -847.112743381895 45 0 
148 49.9999999999999 847.112743381895 45 0 
149 71.64705882352951 -867.044807932057 45 0 
150 71.64705882352931 867.044807932057 45 0 
151 -189.303870940002 462.778612780594 45 0 
152 -189.303870940003 -462.778612780594 45 0 
153 -183.693022150943 475.454386469463 45 0 
154 -183.693022150944 -475.454386469463 45 0 
155 -185.404426546647 480.156431402214 45 0 
156 -185.404426546647 -480.156431402214 45 0 
157 -198.583903293428 485.993244143112 45 0 
158 -198.583903293429 -485.993244143112 45 0 
159 669.027993152231 36.07692307692309 45 0 
160 -669.027993152231 36.07692307692309 45 0 
161 649.057008282015 15 45 0 
162 -649.057008282015 15 45 0 
163 593.9696961966999 15 45 0 
164 -593.9696961966999 15 45 0 
165 574.004328257315 33.8235294117647 45 0 
166 -574.004328257315 33.8235294117647 45 0 
167 761.763756110353 1120.47728726089 45 0 
168 -711.5695772229819 1164.49349532036 45 0 
169 1195 296.596928980823 45 0 
170 -1195 308.248278173037 45 0 
171 1195 85 45 0 
172 -1195 85 45 0 
173 1175 65 45 0 
174 -1175 65 45 0 
175 1031.50375665821 65 45 0 
176 -1031.50375665821 65 45 0 
177 1011.57131691602 83.3574879227052 45 0 
178 -1011.57131691602 83.3574879227053 45 0 
179 152.453179928791 476.191167420816 45 0 
180 -152.45317992879 476.191167420816 45 0 
181 164.899169735226 482.294789335976 45 0 
182 -164.899169735225 482.294789335976 45 0 
183 166.610574130929 486.996834268727 45 0 
184 -166.610574130928 486.996834268728 45 0 
185 160.266340115751 499.939696589401 45 0 
186 -160.26634011575 499.939696589401 45 0 
1 -1700.0000001 -1700.0000001 -1e-07 -1699.9999999 1700.0000001 1e-07 0 2 1 -2 
2 -1700.0000001 -1700.000000100001 -1e-07 1700.0000001 -1699.9999999 1e-07 0 2 3 -1 
3 -1700.0000001 1699.9999999 -1e-07 1700.0000001 1700.0000001 1e-07 0 2 2 -4 
4 1699.9999999 -1700.0000001 -1e-07 1700.000000100001 1700.0000001 1e-07 0 2 4 -3 
5 -1450.0000001 -1450.0000001 -1e-07 1450.0000001 1450.0000001 1e-07 0 2 5 -5 
6 -1195.0000001 -85.00000009999999 -1e-07 -1174.9999999 -64.99999990000001 1e-07 0 2 6 -7 
7 -1175.0000001 -65.00000009999999 -1e-07 -1031.50375655821 -64.99999990000001 1e-07 0 2 6 -8 
8 -1195.0000001 -308.248278273037 -1e-07 -1194.9999999 -84.99999990000001 1e-07 0 2 7 -9 
9 -1031.50375675821 -83.35748802270548 -1e-07 -1011.571316816022 -64.99999990000001 1e-07 0 2 10 -8 
10 -1195.0000001 -1164.493495420362 -1e-07 -711.5695771229831 -308.2482780730369 1e-07 0 2 9 -11 
11 -1011.571317016023 -1015.0000001 -1e-07 1011.571317016023 -83.35748782270542 1e-07 0 2 10 -12 
12 -711.5695773229837 -1360.0000001 -1e-07 761.7637562103504 -1120.477287160887 1e-07 0 2 11 -13 
13 1011.571316816022 -83.35748802270548 -1e-07 1031.50375675821 -64.99999990000001 1e-07 0 2 14 -12 
14 761.7637560103509 -1120.477287360887 -1e-07 1195.0000001 -296.5969288808232 1e-07 0 2 13 -15 
15 1031.50375655821 -65.00000009999999 -1e-07 1175.0000001 -64.99999990000001 1e-07 0 2 14 -16 
16 1194.9999999 -296.596929080823 -1e-07 1195.0000001 -84.99999990000001 1e-07 0 2 15 -17 
17 1174.9999999 -85.00000009999999 -1e-07 1195.0000001 -64.99999990000001 1e-07 0 2 17 -16 
18 -152.4531800287904 -500.0000001 -1e-07 152.4531800287902 -476.1911673208162 1e-07 0 2 18 -19 
19 -164.899169835225 -482.294789435976 -1e-07 -152.4531798287902 -475.714990669233 1e-07 0 2 18 -20 
20 152.4531798287902 -482.294789435976 -1e-07 164.899169835225 -475.714990669233 1e-07 0 2 21 -19 
21 -166.6105742309288 -486.996834368727 -1e-07 -164.8991696352252 -482.2947892359759 1e-07 0 2 22 -20 
22 164.8991696352251 -486.996834368727 -1e-07 166.6105742309287 -482.2947892359759 1e-07 0 2 21 -23 
23 -167.21364802307 -499.9396966894011 -1e-07 -160.266340015751 -486.9968341687269 1e-07 0 2 22 -24 
24 160.266340015751 -499.9396966894011 -1e-07 167.21364802307 -486.9968341687269 1e-07 0 2 25 -23 
25 -160.2663402157509 -525.0000001 -1e-07 160.2663402157506 -499.9396964894011 1e-07 0 2 24 -25 
26 -780.0000001 -777.0083253449744 -1e-07 -68.24999990000003 777.0083253449744 1e-07 0 2 26 -27 
27 -68.25000010000002 777.0083251449743 -1e-07 -49.9999999000001 796.931615735871 1e-07 0 2 26 -28 
28 -68.25000009999982 -796.931615735871 -1e-07 -49.9999998999999 -777.0083251449743 1e-07 0 2 29 -27 
29 -50.00000010000009 796.9316155358711 -1e-07 -49.99999990000008 847.112743481895 1e-07 0 2 30 -28 
30 -50.00000009999989 -847.112743481895 -1e-07 -49.99999989999988 -796.9316155358711 1e-07 0 2 29 -31 
31 -71.64705892352953 847.1127432818951 -1e-07 -49.9999999000001 867.112743481895 1e-07 0 2 30 -32 
32 -71.64705892352933 -867.112743481895 -1e-07 -49.9999998999999 -847.1127432818951 1e-07 0 2 33 -31 
33 -870.0000001 -867.0448080320571 -1e-07 -71.64705872352943 867.0448080320571 1e-07 0 2 32 -33 
34 -574.004328357315 -575.0000001 -1e-07 574.004328357315 -33.8235293117649 1e-07 0 2 34 -35 
35 -593.9696962966999 -33.8235295117649 -1e-07 -574.0043281573151 -14.9999999000002 1e-07 0 2 34 -36 
36 574.0043281573151 -33.8235295117647 -1e-07 593.9696962966999 -14.9999999 1e-07 0 2 37 -35 
37 -649.0570083820149 -15.00000010000017 -1e-07 -593.9696960967 -14.99999990000017 1e-07 0 2 36 -38 
38 593.9696960967 -15.00000010000002 -1e-07 649.0570083820149 -14.99999990000001 1e-07 0 2 39 -37 
39 -669.0570083820149 -36.07692317692319 -1e-07 -649.057008182015 -14.9999999000002 1e-07 0 2 38 -40 
40 649.057008182015 -36.07692317692309 -1e-07 669.0570083820149 -14.9999999 1e-07 0 2 41 -39 
41 -669.027993252231 -670.0000001 -1e-07 669.027993252231 -36.07692297692307 1e-07 0 2 40 -41 
42 189.303870840002 -462.7786128805942 -1e-07 500.0000001 462.7786128805937 1e-07 0 2 42 -43 
43 183.089948258802 -475.454386569463 -1e-07 189.303871040002 -462.7786126805941 1e-07 0 2 42 -44 
44 183.089948258803 462.7786126805941 -1e-07 189.303871040003 475.4543865694621 1e-07 0 2 45 -43 
45 183.6930220509434 -480.156431502214 -1e-07 185.404426646647 -475.4543863694628 1e-07 0 2 46 -44 
46 183.6930220509436 475.4543863694622 -1e-07 185.4044266466474 480.1564315022139 1e-07 0 2 45 -47 
47 185.4044264466467 -486.736230068958 -1e-07 198.5839033934282 -480.1564313022141 1e-07 0 2 46 -48 
48 185.4044264466471 480.156431302214 -1e-07 198.5839033934287 486.736230068957 1e-07 0 2 49 -47 
49 198.5839031934278 -485.9932442431121 -1e-07 525.0000001 485.9932442431116 1e-07 0 2 48 -49 
50 68.24999990000009 -777.0083253449744 -1e-07 780.0000001 777.0083253449744 1e-07 0 2 50 -51 
51 49.9999999 -796.931615735871 -1e-07 68.25000010000002 -777.0083251449743 1e-07 0 2 50 -52 
52 49.9999998999999 777.0083251449743 -1e-07 68.25000009999981 796.931615735871 1e-07 0 2 53 -51 
53 49.99999990000006 -847.112743481895 -1e-07 50.00000010000008 -796.9316155358711 1e-07 0 2 54 -52 
54 49.9999998999999 796.9316155358711 -1e-07 50.0000000999999 847.112743481895 1e-07 0 2 53 -55 
55 49.9999999000001 -867.112743481895 -1e-07 71.64705892352951 -847.1127432818951 1e-07 0 2 54 -56 
56 49.9999998999999 847.1127432818951 -1e-07 71.64705892352933 867.112743481895 1e-07 0 2 57 -55 
57 71.64705872352909 -867.0448080320571 -1e-07 870.0000001 867.0448080320571 1e-07 0 2 56 -57 
58 -500.0000001 -462.7786128805938 -1e-07 -189.303870840002 462.7786128805942 1e-07 0 2 58 -59 
59 -189.303871040002 462.7786126805941 -1e-07 -183.089948258802 475.454386569463 1e-07 0 2 58 -60 
60 -189.303871040003 -475.454386569463 -1e-07 -183.089948258803 -462.7786126805941 1e-07 0 2 61 -59 
61 -185.4044266466468 475.4543863694629 -1e-07 -183.6930220509431 480.1564315022142 1e-07 0 2 62 -60 
62 -185.4044266466473 -480.1564315022139 -1e-07 -183.6930220509438 -475.4543863694631 1e-07 0 2 61 -63 
63 -198.5839033934282 480.1564313022141 -1e-07 -185.4044264466467 486.736230068958 1e-07 0 2 62 -64 
64 -198.5839033934287 -486.736230068957 -1e-07 -185.4044264466471 -480.156431302214 1e-07 0 2 65 -63 
65 -525.0000001 -485.9932442431117 -1e-07 -198.583903193428 485.993244243112 1e-07 0 2 64 -65 
66 -669.027993252231 36.07692297692307 -1e-07 669.027993252231 670.0000001 1e-07 0 2 66 -67 
67 649.057008182015 14.9999999 -1e-07 669.0570083820149 36.07692317692307 1e-07 0 2 68 -66 
68 -669.0570083820149 14.9999999 -1e-07 -649.057008182015 36.07692317692308 1e-07 0 2 67 -69 
69 593.9696960967 14.9999999 -1e-07 649.0570083820149 15.0000001 1e-07 0 2 70 -68 
70 -649.0570083820149 14.9999999 -1e-07 -593.9696960967 15.0000001 1e-07 0 2 69 -71 
71 574.0043281573151 14.9999999 -1e-07 593.9696962966999 33.82352951176471 1e-07 0 2 72 -70 
72 -593.9696962966999 14.9999999 -1e-07 -574.0043281573151 33.8235295117647 1e-07 0 2 71 -73 
73 -574.004328357315 33.82352931176467 -1e-07 574.004328357315 575.0000001 1e-07 0 2 72 -73 
74 -711.5695773229829 1120.477287160887 -1e-07 761.7637562103507 1360.0000001 1e-07 0 2 74 -75 
75 761.763756010351 296.5969288808229 -1e-07 1195.0000001 1120.477287360887 1e-07 0 2 76 -74 
76 -1195.0000001 308.2482780730371 -1e-07 -711.5695771229829 1164.493495420362 1e-07 0 2 75 -77 
77 1194.9999999 84.99999990000001 -1e-07 1195.0000001 296.596929080823 1e-07 0 2 78 -76 
78 -1195.0000001 84.99999990000001 -1e-07 -1194.9999999 308.248278273037 1e-07 0 2 77 -79 
79 1174.9999999 64.99999990000001 -1e-07 1195.0000001 85.00000009999999 1e-07 0 2 80 -78 
80 -1195.0000001 64.99999990000001 -1e-07 -1174.9999999 85.00000009999999 1e-07 0 2 79 -81 
81 1031.50375655821 64.99999989999996 -1e-07 1175.0000001 65.00000009999997 1e-07 0 2 80 -82 
82 -1175.0000001 64.99999989999998 -1e-07 -1031.50375655821 65.00000009999998 1e-07 0 2 83 -81 
83 1011.571316816022 64.99999989999991 -1e-07 1031.50375675821 83.35748802270538 1e-07 0 2 84 -82 
84 -1031.50375675821 64.99999990000001 -1e-07 -1011.571316816022 83.35748802270548 1e-07 0 2 83 -85 
85 -1011.571317016023 83.35748782270542 -1e-07 1011.571317016023 1015.0000001 1e-07 0 2 84 -85 
86 -152.4531800287901 476.191167320816 -1e-07 152.4531800287911 500.0000001 1e-07 0 2 86 -87 
87 152.4531798287911 475.714990669233 -1e-07 164.8991698352251 482.2947894359764 1e-07 0 2 86 -88 
88 -164.899169835225 475.714990669233 -1e-07 -152.4531798287902 482.294789435976 1e-07 0 2 89 -87 
89 164.8991696352261 482.2947892359759 -1e-07 166.6105742309296 486.9968343687268 1e-07 0 2 90 -88 
90 -166.6105742309286 482.2947892359759 -1e-07 -164.8991696352248 486.9968343687277 1e-07 0 2 89 -91 
91 160.266340015751 486.9968341687269 -1e-07 167.21364802307 499.9396966894011 1e-07 0 2 90 -92 
92 -167.213648023069 486.9968341687278 -1e-07 -160.26634001575 499.9396966894011 1e-07 0 2 93 -91 
93 -160.2663402157501 499.9396964894011 -1e-07 160.266340215751 525.0000001 1e-07 0 2 92 -93 
94 -1700.0000001 -1700.0000001 -1.000000011686097e-07 -1699.9999999 -1699.9999999 45.0000001 0 2 1 -94 
95 -1700.0000001 1699.9999999 -1.000000011686097e-07 -1699.9999999 1700.0000001 45.0000001 0 2 2 -95 
96 -1700.0000001 -1700.0000001 44.9999999 -1699.9999999 1700.0000001 45.0000001 0 2 94 -95 
97 1699.9999999 -1700.0000001 -1.000000011686097e-07 1700.0000001 -1699.9999999 45.0000001 0 2 3 -96 
98 -1700.0000001 -1700.000000100001 44.9999999 1700.0000001 -1699.9999999 45.0000001 0 2 96 -94 
99 1699.9999999 1699.9999999 -1.000000011686097e-07 1700.0000001 1700.0000001 45.0000001 0 2 4 -97 
100 -1700.0000001 1699.9999999 44.9999999 1700.0000001 1700.0000001 45.0000001 0 2 95 -97 
101 1699.9999999 -1700.0000001 44.9999999 1700.000000100001 1700.0000001 45.0000001 0 2 97 -96 
102 1449.9999999 -1e-07 -1.000000011686097e-07 1450.0000001 1e-07 45.0000001 0 2 5 -98 
103 -1450.0000001 -1450.0000001 44.9999999 1450.0000001 1450.0000001 45.0000001 0 2 98 -98 
104 -1175.0000001 -65.00000009999999 -1.000000011686097e-07 -1174.9999999 -64.99999990000001 45.0000001 0 2 6 -99 
105 -1195.0000001 -85.00000009999999 -1.000000011686097e-07 -1194.9999999 -84.99999990000001 45.0000001 0 2 7 -100 
106 -1195.0000001 -85.00000009999999 44.9999999 -1174.9999999 -64.99999990000001 45.0000001 0 2 99 -100 
107 -1031.50375675821 -65.00000009999999 -1.000000011686097e-07 -1031.50375655821 -64.99999990000001 45.0000001 0 2 8 -101 
108 -1175.0000001 -65.00000009999999 44.9999999 -1031.50375655821 -64.99999990000001 45.0000001 0 2 99 -101 
109 -1195.0000001 -308.248278273037 -1.000000011686097e-07 -1194.9999999 -308.248278073037 45.0000001 0 2 9 -102 
110 -1195.0000001 -308.248278273037 44.9999999 -1194.9999999 -84.99999990000001 45.0000001 0 2 100 -102 
111 -1011.57131701602 -83.3574880227053 -1.000000011686097e-07 -1011.57131681602 -83.35748782270531 45.0000001 0 2 10 -103 
112 -1031.50375675821 -83.35748802270548 44.9999999 -1011.571316816022 -64.99999990000001 45.0000001 0 2 103 -101 
113 -711.5695773229819 -1164.49349542036 -1.000000011686097e-07 -711.569577122982 -1164.49349522036 45.0000001 0 2 11 -104 
114 -1195.0000001 -1164.493495420362 44.9999999 -711.5695771229831 -308.2482780730369 45.0000001 0 2 102 -104 
115 1011.57131681602 -83.3574880227053 -1.000000011686097e-07 1011.57131701602 -83.35748782270531 45.0000001 0 2 12 -105 
116 -1011.571317016023 -1015.0000001 44.9999999 1011.571317016023 -83.35748782270542 45.0000001 0 2 103 -105 
117 761.7637560103531 -1120.47728736089 -1.000000011686097e-07 761.763756210353 -1120.47728716089 45.0000001 0 2 13 -106 
118 -711.5695773229837 -1360.0000001 44.9999999 761.7637562103504 -1120.477287160887 45.0000001 0 2 104 -106 
119 1031.50375655821 -65.00000009999999 -1.000000011686097e-07 1031.50375675821 -64.99999990000001 45.0000001 0 2 14 -107 
120 1011.571316816022 -83.35748802270548 44.9999999 1031.50375675821 -64.99999990000001 45.0000001 0 2 107 -105 
121 1194.9999999 -296.596929080823 -1.000000011686097e-07 1195.0000001 -296.5969288808229 45.0000001 0 2 15 -108 
122 761.7637560103509 -1120.477287360887 44.9999999 1195.0000001 -296.5969288808232 45.0000001 0 2 106 -108 
123 1174.9999999 -65.00000009999999 -1.000000011686097e-07 1175.0000001 -64.99999990000001 45.0000001 0 2 16 -109 
124 1031.50375655821 -65.00000009999999 44.9999999 1175.0000001 -64.99999990000001 45.0000001 0 2 107 -109 
125 1194.9999999 -85.00000009999999 -1.000000011686097e-07 1195.0000001 -84.99999990000001 45.0000001 0 2 17 -110 
126 1194.9999999 -296.596929080823 44.9999999 1195.0000001 -84.99999990000001 45.0000001 0 2 108 -110 
127 1174.9999999 -85.00000009999999 44.9999999 1195.0000001 -64.99999990000001 45.0000001 0 2 110 -109 
128 -152.45318002879 -476.191167520816 -1.000000011686097e-07 -152.45317982879 -476.191167320816 45.0000001 0 2 18 -111 
129 152.45317982879 -476.191167520816 -1.000000011686097e-07 152.45318002879 -476.191167320816 45.0000001 0 2 19 -112 
130 -152.4531800287904 -500.0000001 44.9999999 152.4531800287902 -476.1911673208162 45.0000001 0 2 111 -112 
131 -164.899169835225 -482.294789435976 -1.000000011686097e-07 -164.899169635225 -482.294789235976 45.0000001 0 2 20 -113 
132 -164.899169835225 -482.294789435976 44.9999999 -152.4531798287902 -475.714990669233 45.0000001 0 2 111 -113 
133 164.899169635225 -482.294789435976 -1.000000011686097e-07 164.899169835225 -482.294789235976 45.0000001 0 2 21 -114 
134 152.4531798287902 -482.294789435976 44.9999999 164.899169835225 -475.714990669233 45.0000001 0 2 114 -112 
135 -166.610574230929 -486.996834368727 -1.000000011686097e-07 -166.610574030929 -486.9968341687269 45.0000001 0 2 22 -115 
136 -166.6105742309288 -486.996834368727 44.9999999 -164.8991696352252 -482.2947892359759 45.0000001 0 2 115 -113 
137 166.610574030929 -486.996834368727 -1.000000011686097e-07 166.610574230929 -486.9968341687269 45.0000001 0 2 23 -116 
138 164.8991696352251 -486.996834368727 44.9999999 166.6105742309287 -482.2947892359759 45.0000001 0 2 114 -116 
139 -160.266340215751 -499.939696689401 -1.000000011686097e-07 -160.266340015751 -499.9396964894009 45.0000001 0 2 24 -117 
140 -167.21364802307 -499.9396966894011 44.9999999 -160.266340015751 -486.9968341687269 45.0000001 0 2 115 -117 
141 160.266340015751 -499.939696689401 -1.000000011686097e-07 160.266340215751 -499.9396964894009 45.0000001 0 2 25 -118 
142 160.266340015751 -499.9396966894011 44.9999999 167.21364802307 -486.9968341687269 45.0000001 0 2 118 -116 
143 -160.2663402157509 -525.0000001 44.9999999 160.2663402157506 -499.9396964894011 45.0000001 0 2 117 -118 
144 -68.25000010000009 777.0083251449751 -1.000000011686097e-07 -68.24999990000011 777.008325344975 45.0000001 0 2 26 -119 
145 -68.25000009999989 -777.008325344975 -1.000000011686097e-07 -68.24999989999991 -777.0083251449751 45.0000001 0 2 27 -120 
146 -780.0000001 -777.0083253449744 44.9999999 -68.24999990000003 777.0083253449744 45.0000001 0 2 119 -120 
147 -50.0000001000001 796.9316155358711 -1.000000011686097e-07 -49.9999999000001 796.931615735871 45.0000001 0 2 28 -121 
148 -68.25000010000002 777.0083251449743 44.9999999 -49.9999999000001 796.931615735871 45.0000001 0 2 119 -121 
149 -50.0000000999999 -796.931615735871 -1.000000011686097e-07 -49.9999998999999 -796.9316155358711 45.0000001 0 2 29 -122 
150 -68.25000009999982 -796.931615735871 44.9999999 -49.9999998999999 -777.0083251449743 45.0000001 0 2 122 -120 
151 -50.0000001000001 847.1127432818951 -1.000000011686097e-07 -49.9999999000001 847.112743481895 45.0000001 0 2 30 -123 
152 -50.00000010000009 796.9316155358711 44.9999999 -49.99999990000008 847.112743481895 45.0000001 0 2 123 -121 
153 -50.0000000999999 -847.112743481895 -1.000000011686097e-07 -49.9999998999999 -847.1127432818951 45.0000001 0 2 31 -124 
154 -50.00000009999989 -847.112743481895 44.9999999 -49.99999989999988 -796.9316155358711 45.0000001 0 2 122 -124 
155 -71.6470589235295 867.044807832057 -1.000000011686097e-07 -71.64705872352951 867.0448080320569 45.0000001 0 2 32 -125 
156 -71.64705892352953 847.1127432818951 44.9999999 -49.9999999000001 867.112743481895 45.0000001 0 2 123 -125 
157 -71.6470589235293 -867.0448080320569 -1.000000011686097e-07 -71.64705872352931 -867.044807832057 45.0000001 0 2 33 -126 
158 -71.64705892352933 -867.112743481895 44.9999999 -49.9999998999999 -847.1127432818951 45.0000001 0 2 126 -124 
159 -870.0000001 -867.0448080320571 44.9999999 -71.64705872352943 867.0448080320571 45.0000001 0 2 125 -126 
160 -574.004328357315 -33.8235295117649 -1.000000011686097e-07 -574.0043281573151 -33.8235293117649 45.0000001 0 2 34 -127 
161 574.0043281573151 -33.8235295117647 -1.000000011686097e-07 574.004328357315 -33.8235293117647 45.0000001 0 2 35 -128 
162 -574.004328357315 -575.0000001 44.9999999 574.004328357315 -33.8235293117649 45.0000001 0 2 127 -128 
163 -593.9696962966999 -15.0000001000002 -1.000000011686097e-07 -593.9696960967 -14.9999999000002 45.0000001 0 2 36 -129 
164 -593.9696962966999 -33.8235295117649 44.9999999 -574.0043281573151 -14.9999999000002 45.0000001 0 2 127 -129 
165 593.9696960967 -15.0000001 -1.000000011686097e-07 593.9696962966999 -14.9999999 45.0000001 0 2 37 -130 
166 574.0043281573151 -33.8235295117647 44.9999999 593.9696962966999 -14.9999999 45.0000001 0 2 130 -128 
167 -649.0570083820149 -15.0000001000002 -1.000000011686097e-07 -649.057008182015 -14.9999999000002 45.0000001 0 2 38 -131 
168 -649.0570083820149 -15.00000010000017 44.9999999 -593.9696960967 -14.99999990000017 45.0000001 0 2 129 -131 
169 649.057008182015 -15.0000001 -1.000000011686097e-07 649.0570083820149 -14.9999999 45.0000001 0 2 39 -132 
170 593.9696960967 -15.00000010000002 44.9999999 649.0570083820149 -14.99999990000001 45.0000001 0 2 132 -130 
171 -669.027993252231 -36.0769231769232 -1.000000011686097e-07 -669.0279930522311 -36.0769229769232 45.0000001 0 2 40 -133 
172 -669.0570083820149 -36.07692317692319 44.9999999 -649.057008182015 -14.9999999000002 45.0000001 0 2 131 -133 
173 669.0279930522311 -36.0769231769231 -1.000000011686097e-07 669.027993252231 -36.07692297692309 45.0000001 0 2 41 -134 
174 649.057008182015 -36.07692317692309 44.9999999 669.0570083820149 -14.9999999 45.0000001 0 2 134 -132 
175 -669.027993252231 -670.0000001 44.9999999 669.027993252231 -36.07692297692307 45.0000001 0 2 133 -134 
176 189.303870840002 -462.778612880594 -1.000000011686097e-07 189.303871040002 -462.778612680594 45.0000001 0 2 42 -135 
177 189.303870840003 462.778612680594 -1.000000011686097e-07 189.303871040003 462.778612880594 45.0000001 0 2 43 -136 
178 189.303870840002 -462.7786128805942 44.9999999 500.0000001 462.7786128805937 45.0000001 0 2 135 -136 
179 183.693022050943 -475.454386569463 -1.000000011686097e-07 183.693022250943 -475.454386369463 45.0000001 0 2 44 -137 
180 183.089948258802 -475.454386569463 44.9999999 189.303871040002 -462.7786126805941 45.0000001 0 2 135 -137 
181 183.693022050944 475.454386369462 -1.000000011686097e-07 183.693022250944 475.454386569462 45.0000001 0 2 45 -138 
182 183.089948258803 462.7786126805941 44.9999999 189.303871040003 475.4543865694621 45.0000001 0 2 138 -136 
183 185.404426446647 -480.156431502214 -1.000000011686097e-07 185.404426646647 -480.156431302214 45.0000001 0 2 46 -139 
184 183.6930220509434 -480.156431502214 44.9999999 185.404426646647 -475.4543863694628 45.0000001 0 2 139 -137 
185 185.404426446647 480.156431302214 -1.000000011686097e-07 185.404426646647 480.156431502214 45.0000001 0 2 47 -140 
186 183.6930220509436 475.4543863694622 44.9999999 185.4044266466474 480.1564315022139 45.0000001 0 2 138 -140 
187 198.583903193428 -485.993244243112 -1.000000011686097e-07 198.583903393428 -485.993244043112 45.0000001 0 2 48 -141 
188 185.4044264466467 -486.736230068958 44.9999999 198.5839033934282 -480.1564313022141 45.0000001 0 2 139 -141 
189 198.583903193429 485.993244043112 -1.000000011686097e-07 198.583903393429 485.993244243112 45.0000001 0 2 49 -142 
190 185.4044264466471 480.156431302214 44.9999999 198.5839033934287 486.736230068957 45.0000001 0 2 142 -140 
191 198.5839031934278 -485.9932442431121 44.9999999 525.0000001 485.9932442431116 45.0000001 0 2 141 -142 
192 68.24999990000011 -777.008325344975 -1.000000011686097e-07 68.25000010000009 -777.0083251449751 45.0000001 0 2 50 -143 
193 68.24999989999991 777.0083251449751 -1.000000011686097e-07 68.25000009999989 777.008325344975 45.0000001 0 2 51 -144 
194 68.24999990000009 -777.0083253449744 44.9999999 780.0000001 777.0083253449744 45.0000001 0 2 143 -144 
195 49.9999999000001 -796.931615735871 -1.000000011686097e-07 50.0000001000001 -796.9316155358711 45.0000001 0 2 52 -145 
196 49.9999999 -796.931615735871 44.9999999 68.25000010000002 -777.0083251449743 45.0000001 0 2 143 -145 
197 49.9999998999999 796.9316155358711 -1.000000011686097e-07 50.0000000999999 796.931615735871 45.0000001 0 2 53 -146 
198 49.9999998999999 777.0083251449743 44.9999999 68.25000009999981 796.931615735871 45.0000001 0 2 146 -144 
199 49.9999999000001 -847.112743481895 -1.000000011686097e-07 50.0000001000001 -847.1127432818951 45.0000001 0 2 54 -147 
200 49.99999990000006 -847.112743481895 44.9999999 50.00000010000008 -796.9316155358711 45.0000001 0 2 147 -145 
201 49.9999998999999 847.1127432818951 -1.000000011686097e-07 50.0000000999999 847.112743481895 45.0000001 0 2 55 -148 
202 49.9999998999999 796.9316155358711 44.9999999 50.0000000999999 847.112743481895 45.0000001 0 2 146 -148 
203 71.64705872352951 -867.0448080320569 -1.000000011686097e-07 71.6470589235295 -867.044807832057 45.0000001 0 2 56 -149 
204 49.9999999000001 -867.112743481895 44.9999999 71.64705892352951 -847.1127432818951 45.0000001 0 2 147 -149 
205 71.64705872352931 867.044807832057 -1.000000011686097e-07 71.6470589235293 867.0448080320569 45.0000001 0 2 57 -150 
206 49.9999998999999 847.1127432818951 44.9999999 71.64705892352933 867.112743481895 45.0000001 0 2 150 -148 
207 71.64705872352909 -867.0448080320571 44.9999999 870.0000001 867.0448080320571 45.0000001 0 2 149 -150 
208 -189.303871040002 462.778612680594 -1.000000011686097e-07 -189.303870840002 462.778612880594 45.0000001 0 2 58 -151 
209 -189.303871040003 -462.778612880594 -1.000000011686097e-07 -189.303870840003 -462.778612680594 45.0000001 0 2 59 -152 
210 -500.0000001 -462.7786128805938 44.9999999 -189.303870840002 462.7786128805942 45.0000001 0 2 151 -152 
211 -183.693022250943 475.454386369463 -1.000000011686097e-07 -183.693022050943 475.454386569463 45.0000001 0 2 60 -153 
212 -189.303871040002 462.7786126805941 44.9999999 -183.089948258802 475.454386569463 45.0000001 0 2 151 -153 
213 -183.693022250944 -475.454386569463 -1.000000011686097e-07 -183.693022050944 -475.454386369463 45.0000001 0 2 61 -154 
214 -189.303871040003 -475.454386569463 44.9999999 -183.089948258803 -462.7786126805941 45.0000001 0 2 154 -152 
215 -185.404426646647 480.156431302214 -1.000000011686097e-07 -185.404426446647 480.156431502214 45.0000001 0 2 62 -155 
216 -185.4044266466468 475.4543863694629 44.9999999 -183.6930220509431 480.1564315022142 45.0000001 0 2 155 -153 
217 -185.404426646647 -480.156431502214 -1.000000011686097e-07 -185.404426446647 -480.156431302214 45.0000001 0 2 63 -156 
218 -185.4044266466473 -480.1564315022139 44.9999999 -183.6930220509438 -475.4543863694631 45.0000001 0 2 154 -156 
219 -198.583903393428 485.993244043112 -1.000000011686097e-07 -198.583903193428 485.993244243112 45.0000001 0 2 64 -157 
220 -198.5839033934282 480.1564313022141 44.9999999 -185.4044264466467 486.736230068958 45.0000001 0 2 155 -157 
221 -198.583903393429 -485.993244243112 -1.000000011686097e-07 -198.583903193429 -485.993244043112 45.0000001 0 2 65 -158 
222 -198.5839033934287 -486.736230068957 44.9999999 -185.4044264466471 -480.156431302214 45.0000001 0 2 158 -156 
223 -525.0000001 -485.9932442431117 44.9999999 -198.583903193428 485.993244243112 45.0000001 0 2 157 -158 
224 669.0279930522311 36.07692297692309 -1.000000011686097e-07 669.027993252231 36.0769231769231 45.0000001 0 2 66 -159 
225 -669.027993252231 36.07692297692309 -1.000000011686097e-07 -669.0279930522311 36.0769231769231 45.0000001 0 2 67 -160 
226 -669.027993252231 36.07692297692307 44.9999999 669.027993252231 670.0000001 45.0000001 0 2 159 -160 
227 649.057008182015 14.9999999 -1.000000011686097e-07 649.0570083820149 15.0000001 45.0000001 0 2 68 -161 
228 649.057008182015 14.9999999 44.9999999 669.0570083820149 36.07692317692307 45.0000001 0 2 161 -159 
229 -649.0570083820149 14.9999999 -1.000000011686097e-07 -649.057008182015 15.0000001 45.0000001 0 2 69 -162 
230 -669.0570083820149 14.9999999 44.9999999 -649.057008182015 36.07692317692308 45.0000001 0 2 160 -162 
231 593.9696960967 14.9999999 -1.000000011686097e-07 593.9696962966999 15.0000001 45.0000001 0 2 70 -163 
232 593.9696960967 14.9999999 44.9999999 649.0570083820149 15.0000001 45.0000001 0 2 163 -161 
233 -593.9696962966999 14.9999999 -1.000000011686097e-07 -593.9696960967 15.0000001 45.0000001 0 2 71 -164 
234 -649.0570083820149 14.9999999 44.9999999 -593.9696960967 15.0000001 45.0000001 0 2 162 -164 
235 574.0043281573151 33.8235293117647 -1.000000011686097e-07 574.004328357315 33.8235295117647 45.0000001 0 2 72 -165 
236 574.0043281573151 14.9999999 44.9999999 593.9696962966999 33.82352951176471 45.0000001 0 2 165 -163 
237 -574.004328357315 33.8235293117647 -1.000000011686097e-07 -574.0043281573151 33.8235295117647 45.0000001 0 2 73 -166 
238 -593.9696962966999 14.9999999 44.9999999 -574.0043281573151 33.8235295117647 45.0000001 0 2 164 -166 
239 -574.004328357315 33.82352931176467 44.9999999 574.004328357315 575.0000001 45.0000001 0 2 165 -166 
240 761.7637560103531 1120.47728716089 -1.000000011686097e-07 761.763756210353 1120.47728736089 45.0000001 0 2 74 -167 
241 -711.5695773229819 1164.49349522036 -1.000000011686097e-07 -711.569577122982 1164.49349542036 45.0000001 0 2 75 -168 
242 -711.5695773229829 1120.477287160887 44.9999999 761.7637562103507 1360.0000001 45.0000001 0 2 167 -168 
243 1194.9999999 296.5969288808229 -1.000000011686097e-07 1195.0000001 296.596929080823 45.0000001 0 2 76 -169 
244 761.763756010351 296.5969288808229 44.9999999 1195.0000001 1120.477287360887 45.0000001 0 2 169 -167 
245 -1195.0000001 308.248278073037 -1.000000011686097e-07 -1194.9999999 308.248278273037 45.0000001 0 2 77 -170 
246 -1195.0000001 308.2482780730371 44.9999999 -711.5695771229829 1164.493495420362 45.0000001 0 2 168 -170 
247 1194.9999999 84.99999990000001 -1.000000011686097e-07 1195.0000001 85.00000009999999 45.0000001 0 2 78 -171 
248 1194.9999999 84.99999990000001 44.9999999 1195.0000001 296.596929080823 45.0000001 0 2 171 -169 
249 -1195.0000001 84.99999990000001 -1.000000011686097e-07 -1194.9999999 85.00000009999999 45.0000001 0 2 79 -172 
250 -1195.0000001 84.99999990000001 44.9999999 -1194.9999999 308.248278273037 45.0000001 0 2 170 -172 
251 1174.9999999 64.99999990000001 -1.000000011686097e-07 1175.0000001 65.00000009999999 45.0000001 0 2 80 -173 
252 1174.9999999 64.99999990000001 44.9999999 1195.0000001 85.00000009999999 45.0000001 0 2 173 -171 
253 -1175.0000001 64.99999990000001 -1.000000011686097e-07 -1174.9999999 65.00000009999999 45.0000001 0 2 81 -174 
254 -1195.0000001 64.99999990000001 44.9999999 -1174.9999999 85.00000009999999 45.0000001 0 2 172 -174 
255 1031.50375655821 64.99999990000001 -1.000000011686097e-07 1031.50375675821 65.00000009999999 45.0000001 0 2 82 -175 
256 1031.50375655821 64.99999989999996 44.9999999 1175.0000001 65.00000009999997 45.0000001 0 2 173 -175 
257 -1031.50375675821 64.99999990000001 -1.000000011686097e-07 -1031.50375655821 65.00000009999999 45.0000001 0 2 83 -176 
258 -1175.0000001 64.99999989999998 44.9999999 -1031.50375655821 65.00000009999998 45.0000001 0 2 176 -174 
259 1011.57131681602 83.35748782270521 -1.000000011686097e-07 1011.57131701602 83.3574880227052 45.0000001 0 2 84 -177 
260 1011.571316816022 64.99999989999991 44.9999999 1031.50375675821 83.35748802270538 45.0000001 0 2 177 -175 
261 -1011.57131701602 83.35748782270531 -1.000000011686097e-07 -1011.57131681602 83.3574880227053 45.0000001 0 2 85 -178 
262 -1031.50375675821 64.99999990000001 44.9999999 -1011.571316816022 83.35748802270548 45.0000001 0 2 176 -178 
263 -1011.571317016023 83.35748782270542 44.9999999 1011.571317016023 1015.0000001 45.0000001 0 2 177 -178 
264 152.453179828791 476.191167320816 -1.000000011686097e-07 152.453180028791 476.191167520816 45.0000001 0 2 86 -179 
265 -152.45318002879 476.191167320816 -1.000000011686097e-07 -152.45317982879 476.191167520816 45.0000001 0 2 87 -180 
266 -152.4531800287901 476.191167320816 44.9999999 152.4531800287911 500.0000001 45.0000001 0 2 179 -180 
267 164.899169635226 482.294789235976 -1.000000011686097e-07 164.899169835226 482.294789435976 45.0000001 0 2 88 -181 
268 152.4531798287911 475.714990669233 44.9999999 164.8991698352251 482.2947894359764 45.0000001 0 2 179 -181 
269 -164.899169835225 482.294789235976 -1.000000011686097e-07 -164.899169635225 482.294789435976 45.0000001 0 2 89 -182 
270 -164.899169835225 475.714990669233 44.9999999 -152.4531798287902 482.294789435976 45.0000001 0 2 182 -180 
271 166.610574030929 486.9968341687269 -1.000000011686097e-07 166.610574230929 486.996834368727 45.0000001 0 2 90 -183 
272 164.8991696352261 482.2947892359759 44.9999999 166.6105742309296 486.9968343687268 45.0000001 0 2 183 -181 
273 -166.610574230928 486.996834168728 -1.000000011686097e-07 -166.610574030928 486.996834368728 45.0000001 0 2 91 -184 
274 -166.6105742309286 482.2947892359759 44.9999999 -164.8991696352248 486.9968343687277 45.0000001 0 2 182 -184 
275 160.266340015751 499.9396964894009 -1.000000011686097e-07 160.266340215751 499.939696689401 45.0000001 0 2 92 -185 
276 160.266340015751 486.9968341687269 44.9999999 167.21364802307 499.9396966894011 45.0000001 0 2 183 -185 
277 -160.26634021575 499.9396964894009 -1.000000011686097e-07 -160.26634001575 499.939696689401 45.0000001 0 2 93 -186 
278 -167.213648023069 486.9968341687278 44.9999999 -160.26634001575 499.9396966894011 45.0000001 0 2 186 -184 
279 -160.2663402157501 499.9396964894011 44.9999999 160.266340215751 525.0000001 45.0000001 0 2 185 -186 
1 -1700.0000001 -1700.000000100001 -1e-07 1700.000000100001 1700.0000001 1e-07 1 2 5 -1 -2 -4 -3 -5 
2 -1450.0000001 -1450.0000001 -1e-07 1450.0000001 1450.0000001 1e-07 1 3 89 5 -6 7 -9 11 -13 15 -17 -16 -14 -12 -10 -8 18 -20 22 -24 -25 -23 21 -19 26 -28 30 -32 -33 -31 29 -27 34 -36 -38 -40 -41 -39 -37 -35 42 -44 46 -48 -49 -47 45 -43 50 -52 54 -56 -57 -55 53 -51 58 -60 62 -64 -65 -63 61 -59 -66 -67 -69 -71 73 -72 -70 -68 -74 -75 -77 -79 81 -83 85 -84 82 -80 -78 -76 86 -88 90 -92 -93 -91 89 -87 
3 -1700.0000001 -1700.0000001 -1.000000011686097e-07 -1699.9999999 1700.0000001 45.0000001 1 4 4 94 96 -95 -1 
4 -1700.0000001 -1700.000000100001 -1.000000011686097e-07 1700.0000001 -1699.9999999 45.0000001 1 5 4 97 98 -94 -2 
5 -1700.0000001 1699.9999999 -1.000000011686097e-07 1700.0000001 1700.0000001 45.0000001 1 6 4 95 100 -99 -3 
6 1699.9999999 -1700.0000001 -1.000000011686097e-07 1700.000000100001 1700.0000001 45.0000001 1 7 4 99 101 -97 -4 
7 -1450.0000001 -1450.0000001 -1.000000011686097e-07 1450.0000001 1450.0000001 45.0000001 0 4 102 103 -102 -5 
8 -1700.0000001 -1700.000000100001 44.9999999 1700.000000100001 1700.0000001 45.0000001 1 8 5 -96 -98 -101 -100 -103 
9 -1195.0000001 -85.00000009999999 -1.000000011686097e-07 -1174.9999999 -64.99999990000001 45.0000001 1 9 4 104 106 -105 -6 
10 -1175.0000001 -65.00000009999999 -1.000000011686097e-07 -1031.50375655821 -64.99999990000001 45.0000001 1 10 4 104 108 -107 -7 
11 -1195.0000001 -308.248278273037 -1.000000011686097e-07 -1194.9999999 -84.99999990000001 45.0000001 1 11 4 105 110 -109 -8 
12 -1031.50375675821 -83.35748802270548 -1.000000011686097e-07 -1011.571316816022 -64.99999990000001 45.0000001 1 12 4 111 112 -107 -9 
13 -1195.0000001 -1164.493495420362 -1.000000011686097e-07 -711.5695771229831 -308.2482780730369 45.0000001 1 13 4 109 114 -113 -10 
14 -1011.571317016023 -1015.0000001 -1.000000011686097e-07 1011.571317016023 -83.35748782270542 45.0000001 1 14 4 111 116 -115 -11 
15 -711.5695773229837 -1360.0000001 -1.000000011686097e-07 761.7637562103504 -1120.477287160887 45.0000001 1 15 4 113 118 -117 -12 
16 1011.571316816022 -83.35748802270548 -1.000000011686097e-07 1031.50375675821 -64.99999990000001 45.0000001 1 16 4 119 120 -115 -13 
17 761.7637560103509 -1120.477287360887 -1.000000011686097e-07 1195.0000001 -296.5969288808232 45.0000001 1 17 4 117 122 -121 -14 
18 1031.50375655821 -65.00000009999999 -1.000000011686097e-07 1175.0000001 -64.99999990000001 45.0000001 1 18 4 119 124 -123 -15 
19 1194.9999999 -296.596929080823 -1.000000011686097e-07 1195.0000001 -84.99999990000001 45.0000001 1 19 4 121 126 -125 -16 
20 1174.9999999 -85.00000009999999 -1.000000011686097e-07 1195.0000001 -64.99999990000001 45.0000001 1 20 4 125 127 -123 -17 
21 -152.4531800287904 -500.0000001 -1.000000011686097e-07 152.4531800287902 -476.1911673208162 45.0000001 1 21 4 128 130 -129 -18 
22 -164.899169835225 -482.294789435976 -1.000000011686097e-07 -152.4531798287902 -475.714990669233 45.0000001 1 22 4 128 132 -131 -19 
23 152.4531798287902 -482.294789435976 -1.000000011686097e-07 164.899169835225 -475.714990669233 45.0000001 1 23 4 133 134 -129 -20 
24 -166.610574230929 -486.996834368727 -1.000000011686097e-07 -164.899169635225 -482.2947892359759 45.0000001 1 24 4 135 136 -131 -21 
25 164.899169635225 -486.996834368727 -1.000000011686097e-07 166.610574230929 -482.2947892359759 45.0000001 1 25 4 133 138 -137 -22 
26 -167.21364802307 -499.9396966894011 -1.000000011686097e-07 -160.266340015751 -486.9968341687269 45.0000001 1 26 4 135 140 -139 -23 
27 160.266340015751 -499.9396966894011 -1.000000011686097e-07 167.21364802307 -486.9968341687269 45.0000001 1 27 4 141 142 -137 -24 
28 -160.2663402157509 -525.0000001 -1.000000011686097e-07 160.2663402157506 -499.9396964894011 45.0000001 1 28 4 139 143 -141 -25 
29 -780.0000001 -777.0083253449744 -1.000000011686097e-07 -68.24999990000003 777.0083253449744 45.0000001 1 29 4 144 146 -145 -26 
30 -68.25000010000002 777.0083251449743 -1.000000011686097e-07 -49.9999999000001 796.931615735871 45.0000001 1 30 4 144 148 -147 -27 
31 -68.25000009999982 -796.931615735871 -1.000000011686097e-07 -49.9999998999999 -777.0083251449743 45.0000001 1 31 4 149 150 -145 -28 
32 -50.0000001000001 796.9316155358711 -1.000000011686097e-07 -49.99999990000008 847.112743481895 45.0000001 1 32 4 151 152 -147 -29 
33 -50.0000000999999 -847.112743481895 -1.000000011686097e-07 -49.99999989999988 -796.9316155358711 45.0000001 1 33 4 149 154 -153 -30 
34 -71.64705892352953 847.1127432818951 -1.000000011686097e-07 -49.9999999000001 867.112743481895 45.0000001 1 34 4 151 156 -155 -31 
35 -71.64705892352933 -867.112743481895 -1.000000011686097e-07 -49.9999998999999 -847.1127432818951 45.0000001 1 35 4 157 158 -153 -32 
36 -870.0000001 -867.0448080320571 -1.000000011686097e-07 -71.64705872352943 867.0448080320571 45.0000001 1 36 4 155 159 -157 -33 
37 -574.004328357315 -575.0000001 -1.000000011686097e-07 574.004328357315 -33.8235293117649 45.0000001 1 37 4 160 162 -161 -34 
38 -593.9696962966999 -33.8235295117649 -1.000000011686097e-07 -574.0043281573151 -14.9999999000002 45.0000001 1 38 4 160 164 -163 -35 
39 574.0043281573151 -33.8235295117647 -1.000000011686097e-07 593.9696962966999 -14.9999999 45.0000001 1 39 4 165 166 -161 -36 
40 -649.0570083820149 -15.0000001000002 -1.000000011686097e-07 -593.9696960967 -14.99999990000017 45.0000001 1 40 4 163 168 -167 -37 
41 593.9696960967 -15.00000010000002 -1.000000011686097e-07 649.0570083820149 -14.9999999 45.0000001 1 41 4 169 170 -165 -38 
42 -669.0570083820149 -36.07692317692319 -1.000000011686097e-07 -649.057008182015 -14.9999999000002 45.0000001 1 42 4 167 172 -171 -39 
43 649.057008182015 -36.07692317692309 -1.000000011686097e-07 669.0570083820149 -14.9999999 45.0000001 1 43 4 173 174 -169 -40 
44 -669.027993252231 -670.0000001 -1.000000011686097e-07 669.027993252231 -36.07692297692307 45.0000001 1 44 4 171 175 -173 -41 
45 189.303870840002 -462.7786128805942 -1.000000011686097e-07 500.0000001 462.7786128805937 45.0000001 1 45 4 176 178 -177 -42 
46 183.089948258802 -475.454386569463 -1.000000011686097e-07 189.303871040002 -462.7786126805941 45.0000001 1 46 4 176 180 -179 -43 
47 183.089948258803 462.7786126805941 -1.000000011686097e-07 189.303871040003 475.4543865694621 45.0000001 1 47 4 181 182 -177 -44 
48 183.693022050943 -480.156431502214 -1.000000011686097e-07 185.404426646647 -475.4543863694628 45.0000001 1 48 4 183 184 -179 -45 
49 183.6930220509436 475.454386369462 -1.000000011686097e-07 185.4044266466474 480.156431502214 45.0000001 1 49 4 181 186 -185 -46 
50 185.4044264466467 -486.736230068958 -1.000000011686097e-07 198.5839033934282 -480.1564313022141 45.0000001 1 50 4 183 188 -187 -47 
51 185.4044264466471 480.156431302214 -1.000000011686097e-07 198.5839033934287 486.736230068957 45.0000001 1 51 4 189 190 -185 -48 
52 198.5839031934278 -485.9932442431121 -1.000000011686097e-07 525.0000001 485.9932442431116 45.0000001 1 52 4 187 191 -189 -49 
53 68.24999990000009 -777.0083253449744 -1.000000011686097e-07 780.0000001 777.0083253449744 45.0000001 1 53 4 192 194 -193 -50 
54 49.9999999 -796.931615735871 -1.000000011686097e-07 68.25000010000002 -777.0083251449743 45.0000001 1 54 4 192 196 -195 -51 
55 49.9999998999999 777.0083251449743 -1.000000011686097e-07 68.25000009999981 796.931615735871 45.0000001 1 55 4 197 198 -193 -52 
56 49.99999990000006 -847.112743481895 -1.000000011686097e-07 50.0000001000001 -796.9316155358711 45.0000001 1 56 4 199 200 -195 -53 
57 49.9999998999999 796.9316155358711 -1.000000011686097e-07 50.0000000999999 847.112743481895 45.0000001 1 57 4 197 202 -201 -54 
58 49.9999999000001 -867.112743481895 -1.000000011686097e-07 71.64705892352951 -847.1127432818951 45.0000001 1 58 4 199 204 -203 -55 
59 49.9999998999999 847.1127432818951 -1.000000011686097e-07 71.64705892352933 867.112743481895 45.0000001 1 59 4 205 206 -201 -56 
60 71.64705872352909 -867.0448080320571 -1.000000011686097e-07 870.0000001 867.0448080320571 45.0000001 1 60 4 203 207 -205 -57 
61 -500.0000001 -462.7786128805938 -1.000000011686097e-07 -189.303870840002 462.7786128805942 45.0000001 1 61 4 208 210 -209 -58 
62 -189.303871040002 462.7786126805941 -1.000000011686097e-07 -183.089948258802 475.454386569463 45.0000001 1 62 4 208 212 -211 -59 
63 -189.303871040003 -475.454386569463 -1.000000011686097e-07 -183.089948258803 -462.7786126805941 45.0000001 1 63 4 213 214 -209 -60 
64 -185.404426646647 475.4543863694629 -1.000000011686097e-07 -183.693022050943 480.1564315022142 45.0000001 1 64 4 215 216 -211 -61 
65 -185.4044266466473 -480.156431502214 -1.000000011686097e-07 -183.6930220509438 -475.454386369463 45.0000001 1 65 4 213 218 -217 -62 
66 -198.5839033934282 480.1564313022141 -1.000000011686097e-07 -185.4044264466467 486.736230068958 45.0000001 1 66 4 215 220 -219 -63 
67 -198.5839033934287 -486.736230068957 -1.000000011686097e-07 -185.4044264466471 -480.156431302214 45.0000001 1 67 4 221 222 -217 -64 
68 -525.0000001 -485.9932442431117 -1.000000011686097e-07 -198.583903193428 485.993244243112 45.0000001 1 68 4 219 223 -221 -65 
69 -669.027993252231 36.07692297692307 -1.000000011686097e-07 669.027993252231 670.0000001 45.0000001 1 69 4 224 226 -225 -66 
70 649.057008182015 14.9999999 -1.000000011686097e-07 669.0570083820149 36.07692317692307 45.0000001 1 70 4 227 228 -224 -67 
71 -669.0570083820149 14.9999999 -1.000000011686097e-07 -649.057008182015 36.07692317692308 45.0000001 1 71 4 225 230 -229 -68 
72 593.9696960967 14.9999999 -1.000000011686097e-07 649.0570083820149 15.0000001 45.0000001 1 72 4 231 232 -227 -69 
73 -649.0570083820149 14.9999999 -1.000000011686097e-07 -593.9696960967 15.0000001 45.0000001 1 73 4 229 234 -233 -70 
74 574.0043281573151 14.9999999 -1.000000011686097e-07 593.9696962966999 33.82352951176471 45.0000001 1 74 4 235 236 -231 -71 
75 -593.9696962966999 14.9999999 -1.000000011686097e-07 -574.0043281573151 33.8235295117647 45.0000001 1 75 4 233 238 -237 -72 
76 -574.004328357315 33.82352931176467 -1.000000011686097e-07 574.004328357315 575.0000001 45.0000001 1 76 4 235 239 -237 -73 
77 -711.5695773229829 1120.477287160887 -1.000000011686097e-07 761.7637562103507 1360.0000001 45.0000001 1 77 4 240 242 -241 -74 
78 761.763756010351 296.5969288808229 -1.000000011686097e-07 1195.0000001 1120.477287360887 45.0000001 1 78 4 243 244 -240 -75 
79 -1195.0000001 308.2482780730371 -1.000000011686097e-07 -711.5695771229829 1164.493495420362 45.0000001 1 79 4 241 246 -245 -76 
80 1194.9999999 84.99999990000001 -1.000000011686097e-07 1195.0000001 296.596929080823 45.0000001 1 80 4 247 248 -243 -77 
81 -1195.0000001 84.99999990000001 -1.000000011686097e-07 -1194.9999999 308.248278273037 45.0000001 1 81 4 245 250 -249 -78 
82 1174.9999999 64.99999990000001 -1.000000011686097e-07 1195.0000001 85.00000009999999 45.0000001 1 82 4 251 252 -247 -79 
83 -1195.0000001 64.99999990000001 -1.000000011686097e-07 -1174.9999999 85.00000009999999 45.0000001 1 83 4 249 254 -253 -80 
84 1031.50375655821 64.99999989999996 -1.000000011686097e-07 1175.0000001 65.00000009999999 45.0000001 1 84 4 251 256 -255 -81 
85 -1175.0000001 64.99999989999998 -1.000000011686097e-07 -1031.50375655821 65.00000009999999 45.0000001 1 85 4 257 258 -253 -82 
86 1011.571316816022 64.99999989999991 -1.000000011686097e-07 1031.50375675821 83.35748802270538 45.0000001 1 86 4 259 260 -255 -83 
87 -1031.50375675821 64.99999990000001 -1.000000011686097e-07 -1011.571316816022 83.35748802270548 45.0000001 1 87 4 257 262 -261 -84 
88 -1011.571317016023 83.35748782270542 -1.000000011686097e-07 1011.571317016023 1015.0000001 45.0000001 1 88 4 259 263 -261 -85 
89 -152.4531800287901 476.191167320816 -1.000000011686097e-07 152.4531800287911 500.0000001 45.0000001 1 89 4 264 266 -265 -86 
90 152.4531798287911 475.714990669233 -1.000000011686097e-07 164.8991698352251 482.2947894359764 45.0000001 1 90 4 264 268 -267 -87 
91 -164.899169835225 475.714990669233 -1.000000011686097e-07 -152.4531798287902 482.294789435976 45.0000001 1 91 4 269 270 -265 -88 
92 164.899169635226 482.2947892359759 -1.000000011686097e-07 166.6105742309296 486.996834368727 45.0000001 1 92 4 271 272 -267 -89 
93 -166.6105742309286 482.2947892359759 -1.000000011686097e-07 -164.8991696352248 486.996834368728 45.0000001 1 93 4 269 274 -273 -90 
94 160.266340015751 486.9968341687269 -1.000000011686097e-07 167.21364802307 499.9396966894011 45.0000001 1 94 4 271 276 -275 -91 
95 -167.213648023069 486.9968341687278 -1.000000011686097e-07 -160.26634001575 499.9396966894011 45.0000001 1 95 4 277 278 -273 -92 
96 -160.2663402157501 499.9396964894011 -1.000000011686097e-07 160.266340215751 525.0000001 45.0000001 1 96 4 275 279 -277 -93 
97 -1450.0000001 -1450.0000001 44.9999999 1450.0000001 1450.0000001 45.0000001 1 97 89 103 -106 108 -112 116 -120 124 -127 -126 -122 -118 -114 -110 130 -134 138 -142 -143 -140 136 -132 146 -150 154 -158 -159 -156 152 -148 162 -166 -170 -174 -175 -172 -168 -164 178 -182 186 -190 -191 -188 184 -180 194 -198 202 -206 -207 -204 200 -196 210 -214 218 -222 -223 -220 216 -212 -226 -228 -232 -236 239 -238 -234 -230 -242 -244 -248 -252 256 -260 263 -262 258 -254 -250 -246 266 -270 274 -278 -279 -276 272 -268 
1 -1700.0000001 -1700.000000100001 -1.000000011686097e-07 1700.000000100001 1700.0000001 45.0000001 1 1 7 3 4 5 6 7 -1 8 
2 -1450.0000001 -1450.0000001 -1.000000011686097e-07 1450.0000001 1450.0000001 45.0000001 1 1 91 -7 9 -10 11 12 13 -14 15 16 17 -18 19 20 -21 22 23 -24 -25 26 27 28 -29 30 31 -32 -33 34 35 36 -37 38 39 40 41 42 43 44 -45 46 47 -48 -49 50 51 52 -53 54 55 -56 -57 58 59 60 -61 62 63 -64 -65 66 67 68 69 70 71 72 73 74 75 -76 77 78 79 80 81 82 83 -84 -85 86 87 -88 -89 90 91 -92 -93 94 95 96 -2 97 
$EndEntities
$Nodes
470 7342 1 7342
0 1 0 1
1
-1700 -1700 0
0 2 0 1
2
-1700 1700 0
0 3 0 1
3
1700 -1700 0
0 4 0 1
4
1700 1700 0
0 5 0 1
5
1450 0 0
0 6 0 1
6
-1175 -65 0
0 7 0 1
7
-1195 -85 0
0 8 0 1
8
-1031.50375665821 -65 0
0 9 0 1
9
-1195 -308.248278173037 0
0 10 0 1
10
-1011.57131691602 -83.3574879227053 0
0 11 0 1
11
-711.5695772229819 -1164.49349532036 0
0 12 0 1
12
1011.57131691602 -83.3574879227053 0
0 13 0 1
13
761.763756110353 -1120.47728726089 0
0 14 0 1
14
1031.50375665821 -65 0
0 15 0 1
15
1195 -296.596928980823 0
0 16 0 1
16
1175 -65 0
0 17 0 1
17
1195 -85 0
0 18 0 1
18
-152.45317992879 -476.191167420816 0
0 19 0 1
19
152.45317992879 -476.191167420816 0
0 20 0 1
20
-164.899169735225 -482.294789335976 0
0 21 0 1
21
164.899169735225 -482.294789335976 0
0 22 0 1
22
-166.610574130929 -486.996834268727 0
0 23 0 1
23
166.610574130929 -486.996834268727 0
0 24 0 1
24
-160.266340115751 -499.939696589401 0
0 25 0 1
25
160.266340115751 -499.939696589401 0
0 26 0 1
26
-68.2500000000001 777.008325244975 0
0 27 0 1
27
-68.2499999999999 -777.008325244975 0
0 28 0 1
28
-50.0000000000001 796.931615635871 0
0 29 0 1
29
-49.9999999999999 -796.931615635871 0
0 30 0 1
30
-50.0000000000001 847.112743381895 0
0 31 0 1
31
-49.9999999999999 -847.112743381895 0
0 32 0 1
32
-71.64705882352951 867.044807932057 0
0 33 0 1
33
-71.64705882352931 -867.044807932057 0
0 34 0 1
34
-574.004328257315 -33.8235294117649 0
0 35 0 1
35
574.004328257315 -33.8235294117647 0
0 36 0 1
36
-593.9696961966999 -15.0000000000002 0
0 37 0 1
37
593.9696961966999 -15 0
0 38 0 1
38
-649.057008282015 -15.0000000000002 0
0 39 0 1
39
649.057008282015 -15 0
0 40 0 1
40
-669.027993152231 -36.0769230769232 0
0 41 0 1
41
669.027993152231 -36.07692307692309 0
0 42 0 1
42
189.303870940002 -462.778612780594 0
0 43 0 1
43
189.303870940003 462.778612780594 0
0 44 0 1
44
183.693022150943 -475.454386469463 0
0 45 0 1
45
183.693022150944 475.454386469462 0
0 46 0 1
46
185.404426546647 -480.156431402214 0
0 47 0 1
47
185.404426546647 480.156431402214 0
0 48 0 1
48
198.583903293428 -485.993244143112 0
0 49 0 1
49
198.583903293429 485.993244143112 0
0 50 0 1
50
68.2500000000001 -777.008325244975 0
0 51 0 1
51
68.2499999999999 777.008325244975 0
0 52 0 1
52
50.0000000000001 -796.931615635871 0
0 53 0 1
53
49.9999999999999 796.931615635871 0
0 54 0 1
54
50.0000000000001 -847.112743381895 0
0 55 0 1
55
49.9999999999999 847.112743381895 0
0 56 0 1
56
71.64705882352951 -867.044807932057 0
0 57 0 1
57
71.64705882352931 867.044807932057 0
0 58 0 1
58
-189.303870940002 462.778612780594 0
0 59 0 1
59
-189.303870940003 -462.778612780594 0
0 60 0 1
60
-183.693022150943 475.454386469463 0
0 61 0 1
61
-183.693022150944 -475.454386469463 0
0 62 0 1
62
-185.404426546647 480.156431402214 0
0 63 0 1
63
-185.404426546647 -480.156431402214 0
0 64 0 1
64
-198.583903293428 485.993244143112 0
0 65 0 1
65
-198.583903293429 -485.993244143112 0
0 66 0 1
66
669.027993152231 36.07692307692309 0
0 67 0 1
67
-669.027993152231 36.07692307692309 0
0 68 0 1
68
649.057008282015 15 0
0 69 0 1
69
-649.057008282015 15 0
0 70 0 1
70
593.9696961966999 15 0
0 71 0 1
71
-593.9696961966999 15 0
0 72 0 1
72
574.004328257315 33.8235294117647 0
0 73 0 1
73
-574.004328257315 33.8235294117647 0
0 74 0 1
74
761.763756110353 1120.47728726089 0
0 75 0 1
75
-711.5695772229819 1164.49349532036 0
0 76 0 1
76
1195 296.596928980823 0
0 77 0 1
77
-1195 308.248278173037 0
0 78 0 1
78
1195 85 0
0 79 0 1
79
-1195 85 0
0 80 0 1
80
1175 65 0
0 81 0 1
81
-1175 65 0
0 82 0 1
82
1031.50375665821 65 0
0 83 0 1
83
-1031.50375665821 65 0
0 84 0 1
84
1011.57131691602 83.3574879227052 0
0 85 0 1
85
-1011.57131691602 83.3574879227053 0
0 86 0 1
86
152.453179928791 476.191167420816 0
0 87 0 1
87
-152.45317992879 476.191167420816 0
0 88 0 1
88
164.899169735226 482.294789335976 0
0 89 0 1
89
-164.899169735225 482.294789335976 0
0 90 0 1
90
166.610574130929 486.996834268727 0
0 91 0 1
91
-166.610574130928 486.996834268728 0
0 92 0 1
92
160.266340115751 499.939696589401 0
0 93 0 1
93
-160.26634011575 499.939696589401 0
0 94 0 1
94
-1700 -1700 45
0 95 0 1
95
-1700 1700 45
0 96 0 1
96
1700 -1700 45
0 97 0 1
97
1700 1700 45
0 98 0 1
98
1450 0 45
0 99 0 1
99
-1175 -65 45
0 100 0 1
100
-1195 -85 45
0 101 0 1
101
-1031.50375665821 -65 45
0 102 0 1
102
-1195 -308.248278173037 45
0 103 0 1
103
-1011.57131691602 -83.3574879227053 45
0 104 0 1
104
-711.5695772229819 -1164.49349532036 45
0 105 0 1
105
1011.57131691602 -83.3574879227053 45
0 106 0 1
106
761.763756110353 -1120.47728726089 45
0 107 0 1
107
1031.50375665821 -65 45
0 108 0 1
108
1195 -296.596928980823 45
0 109 0 1
109
1175 -65 45
0 110 0 1
110
1195 -85 45
0 111 0 1
111
-152.45317992879 -476.191167420816 45
0 112 0 1
112
152.45317992879 -476.191167420816 45
0 113 0 1
113
-164.899169735225 -482.294789335976 45
0 114 0 1
114
164.899169735225 -482.294789335976 45
0 115 0 1
115
-166.610574130929 -486.996834268727 45
0 116 0 1
116
166.610574130929 -486.996834268727 45
0 117 0 1
117
-160.266340115751 -499.939696589401 45
0 118 0 1
118
160.266340115751 -499.939696589401 45
0 119 0 1
119
-68.2500000000001 777.008325244975 45
0 120 0 1
120
-68.2499999999999 -777.008325244975 45
0 121 0 1
121
-50.0000000000001 796.931615635871 45
0 122 0 1
122
-49.9999999999999 -796.931615635871 45
0 123 0 1
123
-50.0000000000001 847.112743381895 45
0 124 0 1
124
-49.9999999999999 -847.112743381895 45
0 125 0 1
125
-71.64705882352951 867.044807932057 45
0 126 0 1
126
-71.64705882352931 -867.044807932057 45
0 127 0 1
127
-574.004328257315 -33.8235294117649 45
0 128 0 1
128
574.004328257315 -33.8235294117647 45
0 129 0 1
129
-593.9696961966999 -15.0000000000002 45
0 130 0 1
130
593.9696961966999 -15 45
0 131 0 1
131
-649.057008282015 -15.0000000000002 45
0 132 0 1
132
649.057008282015 -15 45
0 133 0 1
133
-669.027993152231 -36.0769230769232 45
0 134 0 1
134
669.027993152231 -36.07692307692309 45
0 135 0 1
135
189.303870940002 -462.778612780594 45
0 136 0 1
136
189.303870940003 462.778612780594 45
0 137 0 1
137
183.693022150943 -475.454386469463 45
0 138 0 1
138
183.693022150944 475.454386469462 45
0 139 0 1
139
185.404426546647 -480.156431402214 45
0 140 0 1
140
185.404426546647 480.156431402214 45
0 141 0 1
141
198.583903293428 -485.993244143112 45
0 142 0 1
142
198.583903293429 485.993244143112 45
0 143 0 1
143
68.2500000000001 -777.008325244975 45
0 144 0 1
144
68.2499999999999 777.008325244975 45
0 145 0 1
145
50.0000000000001 -796.931615635871 45
0 146 0 1
146
49.9999999999999 796.931615635871 45
0 147 0 1
147
50.0000000000001 -847.112743381895 45
0 148 0 1
148
49.9999999999999 847.112743381895 45
0 149 0 1
149
71.64705882352951 -867.044807932057 45
0 150 0 1
150
71.64705882352931 867.044807932057 45
0 151 0 1
151
-189.303870940002 462.778612780594 45
0 152 0 1
152
-189.303870940003 -462.778612780594 45
0 153 0 1
153
-183.693022150943 475.454386469463 45
0 154 0 1
154
-183.693022150944 -475.454386469463 45
0 155 0 1
155
-185.404426546647 480.156431402214 45
0 156 0 1
156
-185.404426546647 -480.156431402214 45
0 157 0 1
157
-198.583903293428 485.993244143112 45
0 158 0 1
158
-198.583903293429 -485.993244143112 45
0 159 0 1
159
669.027993152231 36.07692307692309 45
0 160 0 1
160
-669.027993152231 36.07692307692309 45
0 161 0 1
161
649.057008282015 15 45
0 162 0 1
162
-649.057008282015 15 45
0 163 0 1
163
593.9696961966999 15 45
0 164 0 1
164
-593.9696961966999 15 45
0 165 0 1
165
574.004328257315 33.8235294117647 45
0 166 0 1
166
-574.004328257315 33.8235294117647 45
0 167 0 1
167
761.763756110353 1120.47728726089 45
0 168 0 1
168
-711.5695772229819 1164.49349532036 45
0 169 0 1
169
1195 296.596928980823 45
0 170 0 1
170
-1195 308.248278173037 45
0 171 0 1
171
1195 85 45
0 172 0 1
172
-1195 85 45
0 173 0 1
173
1175 65 45
0 174 0 1
174
-1175 65 45
0 175 0 1
175
1031.50375665821 65 45
0 176 0 1
176
-1031.50375665821 65 45
0 177 0 1
177
1011.57131691602 83.3574879227052 45
0 178 0 1
178
-1011.57131691602 83.3574879227053 45
0 179 0 1
179
152.453179928791 476.191167420816 45
0 180 0 1
180
-152.45317992879 476.191167420816 45
0 181 0 1
181
164.899169735226 482.294789335976 45
0 182 0 1
182
-164.899169735225 482.294789335976 45
0 183 0 1
183
166.610574130929 486.996834268727 45
0 184 0 1
184
-166.610574130928 486.996834268728 45
0 185 0 1
185
160.266340115751 499.939696589401 45
0 186 0 1
186
-160.26634011575 499.939696589401 45
1 1 0 43
187
188
189
190
191
192
193
194
195
196
197
198
199
200
201
202
203
204
205
206
207
208
209
210
211
212
213
214
215
216
217
218
219
220
221
222
223
224
225
226
227
228
229
-1700 -1622.727272727273 0
-1700 -1545.454545454545 0
-1700 -1468.181818181818 0
-1700 -1390.909090909091 0
-1700 -1313.636363636364 0
-1700 -1236.363636363636 0
-1700 -1159.090909090909 0
-1700 -1081.818181818182 0
-1700 -1004.545454545455 0
-1700 -927.2727272727273 0
-1700 -850 0
-1700 -772.7272727272726 0
-1700 -695.4545454545455 0
-1700 -618.181818181818 0
-1700 -540.909090909091 0
-1700 -463.6363636363635 0
-1700 -386.3636363636363 0
-1700 -309.090909090909 0
-1700 -231.818181818182 0
-1700 -154.5454545454545 0
-1700 -77.27272727272725 0
-1700 0 0
-1700 77.27272727272725 0
-1700 154.5454545454547 0
-1700 231.818181818182 0
-1700 309.090909090909 0
-1700 386.3636363636365 0
-1700 463.636363636364 0
-1700 540.909090909091 0
-1700 618.181818181818 0
-1700 695.4545454545455 0
-1700 772.727272727273 0
-1700 850 0
-1700 927.2727272727275 0
-1700 1004.545454545455 0
-1700 1081.818181818182 0
-1700 1159.090909090909 0
-1700 1236.363636363636 0
-1700 1313.636363636364 0
-1700 1390.909090909091 0
-1700 1468.181818181818 0
-1700 1545.454545454545 0
-1700 1622.727272727273 0
1 2 0 43
230
231
232
233
234
235
236
237
238
239
240
241
242
243
244
245
246
247
248
249
250
251
252
253
254
255
256
257
258
259
260
261
262
263
264
265
266
267
268
269
270
271
272
1622.727272727273 -1700 0
1545.454545454545 -1700 0
1468.181818181818 -1700 0
1390.909090909091 -1700 0
1313.636363636364 -1700 0
1236.363636363636 -1700 0
1159.090909090909 -1700 0
1081.818181818182 -1700 0
1004.545454545455 -1700 0
927.2727272727273 -1700 0
850 -1700 0
772.7272727272726 -1700 0
695.4545454545455 -1700 0
618.181818181818 -1700 0
540.909090909091 -1700 0
463.6363636363635 -1700 0
386.3636363636363 -1700 0
309.090909090909 -1700 0
231.818181818182 -1700 0
154.5454545454545 -1700 0
77.27272727272725 -1700 0
0 -1700 0
-77.27272727272725 -1700 0
-154.5454545454547 -1700 0
-231.818181818182 -1700 0
-309.090909090909 -1700 0
-386.3636363636365 -1700 0
-463.636363636364 -1700 0
-540.909090909091 -1700 0
-618.181818181818 -1700 0
-695.4545454545455 -1700 0
-772.727272727273 -1700 0
-850 -1700 0
-927.2727272727275 -1700 0
-1004.545454545455 -1700 0
-1081.818181818182 -1700 0
-1159.090909090909 -1700 0
-1236.363636363636 -1700 0
-1313.636363636364 -1700 0
-1390.909090909091 -1700 0
-1468.181818181818 -1700 0
-1545.454545454545 -1700 0
-1622.727272727273 -1700 0
1 3 0 43
273
274
275
276
277
278
279
280
281
282
283
284
285
286
287
288
289
290
291
292
293
294
295
296
297
298
299
300
301
302
303
304
305
306
307
308
309
310
311
312
313
314
315
-1622.727272727273 1700 0
-1545.454545454545 1700 0
-1468.181818181818 1700 0
-1390.909090909091 1700 0
-1313.636363636364 1700 0
-1236.363636363636 1700 0
-1159.090909090909 1700 0
-1081.818181818182 1700 0
-1004.545454545455 1700 0
-927.2727272727273 1700 0
-850 1700 0
-772.7272727272726 1700 0
-695.4545454545455 1700 0
-618.181818181818 1700 0
-540.909090909091 1700 0
-463.6363636363635 1700 0
-386.3636363636363 1700 0
-309.090909090909 1700 0
-231.818181818182 1700 0
-154.5454545454545 1700 0
-77.27272727272725 1700 0
0 1700 0
77.27272727272725 1700 0
154.5454545454547 1700 0
231.818181818182 1700 0
309.090909090909 1700 0
386.3636363636365 1700 0
463.636363636364 1700 0
540.909090909091 1700 0
618.181818181818 1700 0
695.4545454545455 1700 0
772.727272727273 1700 0
850 1700 0
927.2727272727275 1700 0
1004.545454545455 1700 0
1081.818181818182 1700 0
1159.090909090909 1700 0
1236.363636363636 1700 0
1313.636363636364 1700 0
1390.909090909091 1700 0
1468.181818181818 1700 0
1545.454545454545 1700 0
1622.727272727273 1700 0
1 4 0 43
316
317
318
319
320
321
322
323
324
325
326
327
328
329
330
331
332
333
334
335
336
337
338
339
340
341
342
343
344
345
346
347
348
349
350
351
352
353
354
355
356
357
358
1700 1622.727272727273 0
1700 1545.454545454545 0
1700 1468.181818181818 0
1700 1390.909090909091 0
1700 1313.636363636364 0
1700 1236.363636363636 0
1700 1159.090909090909 0
1700 1081.818181818182 0
1700 1004.545454545455 0
1700 927.2727272727273 0
1700 850 0
1700 772.7272727272726 0
1700 695.4545454545455 0
1700 618.181818181818 0
1700 540.909090909091 0
1700 463.6363636363635 0
1700 386.3636363636363 0
1700 309.090909090909 0
1700 231.818181818182 0
1700 154.5454545454545 0
1700 77.27272727272725 0
1700 0 0
1700 -77.27272727272725 0
1700 -154.5454545454547 0
1700 -231.818181818182 0
1700 -309.090909090909 0
1700 -386.3636363636365 0
1700 -463.636363636364 0
1700 -540.909090909091 0
1700 -618.181818181818 0
1700 -695.4545454545455 0
1700 -772.727272727273 0
1700 -850 0
1700 -927.2727272727275 0
1700 -1004.545454545455 0
1700 -1081.818181818182 0
1700 -1159.090909090909 0
1700 -1236.363636363636 0
1700 -1313.636363636364 0
1700 -1390.909090909091 0
1700 -1468.181818181818 0
1700 -1545.454545454545 0
1700 -1622.727272727273 0
1 5 0 115
359
360
361
362
363
364
365
366
367
368
369
370
371
372
373
374
375
376
377
378
379
380
381
382
383
384
385
386
387
388
389
390
391
392
393
394
395
396
397
398
399
400
401
402
403
404
405
406
407
408
409
410
411
412
413
414
415
416
417
418
419
420
421
422
423
424
425
426
427
428
429
430
431
432
433
434
435
436
437
438
439
440
441
442
443
444
445
446
447
448
449
450
451
452
453
454
455
456
457
458
459
460
461
462
463
464
465
466
467
468
469
470
471
472
473
1447.873450084129 78.50141744885545 0
1441.500037873821 156.7725767147156 0
1430.898457685213 234.583895001509 0
1416.099805779626 311.707138305985 0
1397.147489152873 387.9160908673703 0
1374.097098215064 462.9872186971712 0
1347.016243734348 536.700325242876 0
1315.984358522888 608.8391972623838 0
1281.092464446733 679.1922390146959 0
1242.442905443004 747.5530929066819 0
1200.149047327491 813.7212447754548 0
1154.334945273183 877.5026120309598 0
1105.134979935073 938.7101129336505 0
1052.693463288539 997.1642153374642 0
997.1642153374635 1052.69346328854 0
938.7101129336497 1105.134979935073 0
877.5026120309591 1154.334945273184 0
813.721244775454 1200.149047327492 0
747.5530929066811 1242.442905443005 0
679.1922390146951 1281.092464446734 0
608.839197262383 1315.984358522888 0
536.7003252428752 1347.016243734348 0
462.9872186971703 1374.097098215064 0
387.9160908673695 1397.147489152874 0
311.7071383059842 1416.099805779626 0
234.5838950015081 1430.898457685213 0
156.7725767147147 1441.500037873822 0
78.50141744885457 1447.87345008413 0
-8.771071384857031e-13 1450 0
-78.50141744885632 1447.873450084129 0
-156.7725767147162 1441.500037873821 0
-234.5838950015095 1430.898457685213 0
-311.7071383059862 1416.099805779625 0
-387.9160908673715 1397.147489152873 0
-462.9872186971725 1374.097098215063 0
-536.7003252428774 1347.016243734347 0
-608.8391972623855 1315.984358522887 0
-679.1922390146973 1281.092464446732 0
-747.5530929066834 1242.442905443003 0
-813.7212447754559 1200.14904732749 0
-877.5026120309612 1154.334945273182 0
-938.7101129336517 1105.134979935072 0
-997.1642153374654 1052.693463288538 0
-1052.693463288541 997.1642153374623 0
-1105.134979935074 938.7101129336488 0
-1154.334945273185 877.5026120309578 0
-1200.149047327492 813.721244775453 0
-1242.442905443005 747.5530929066797 0
-1281.092464446734 679.1922390146941 0
-1315.984358522889 608.8391972623816 0
-1347.016243734348 536.7003252428741 0
-1374.097098215064 462.9872186971688 0
-1397.147489152874 387.9160908673683 0
-1416.099805779626 311.7071383059827 0
-1430.898457685213 234.5838950015069 0
-1441.500037873822 156.7725767147132 0
-1447.87345008413 78.50141744885337 0
-1450 -2.398143631253997e-12 0
-1447.873450084129 -78.50141744885687 0
-1441.500037873821 -156.7725767147174 0
-1430.898457685213 -234.5838950015103 0
-1416.099805779625 -311.7071383059867 0
-1397.147489152873 -387.9160908673717 0
-1374.097098215063 -462.9872186971728 0
-1347.016243734347 -536.700325242878 0
-1315.984358522887 -608.8391972623855 0
-1281.092464446733 -679.1922390146966 0
-1242.442905443004 -747.5530929066828 0
-1200.14904732749 -813.7212447754559 0
-1154.334945273182 -877.5026120309607 0
-1105.134979935073 -938.7101129336505 0
-1052.69346328854 -997.1642153374639 0
-997.1642153374638 -1052.69346328854 0
-938.7101129336498 -1105.134979935073 0
-877.5026120309599 -1154.334945273183 0
-813.7212447754557 -1200.14904732749 0
-747.5530929066825 -1242.442905443004 0
-679.1922390146965 -1281.092464446733 0
-608.8391972623853 -1315.984358522887 0
-536.7003252428772 -1347.016243734347 0
-462.987218697172 -1374.097098215063 0
-387.9160908673709 -1397.147489152873 0
-311.7071383059853 -1416.099805779626 0
-234.5838950015101 -1430.898457685213 0
-156.7725767147165 -1441.500037873821 0
-78.50141744885603 -1447.873450084129 0
-2.663606788145493e-13 -1450 0
78.50141744885421 -1447.87345008413 0
156.7725767147147 -1441.500037873822 0
234.5838950015084 -1430.898457685213 0
311.7071383059848 -1416.099805779626 0
387.9160908673691 -1397.147489152874 0
462.9872186971703 -1374.097098215064 0
536.7003252428755 -1347.016243734348 0
608.8391972623835 -1315.984358522888 0
679.1922390146959 -1281.092464446733 0
747.5530929066811 -1242.442905443005 0
813.7212447754544 -1200.149047327491 0
877.5026120309597 -1154.334945273183 0
938.7101129336495 -1105.134979935073 0
997.1642153374635 -1052.69346328854 0
1052.69346328854 -997.1642153374638 0
1105.134979935073 -938.71011293365 0
1154.334945273183 -877.5026120309601 0
1200.14904732749 -813.7212447754557 0
1242.442905443004 -747.5530929066827 0
1281.092464446733 -679.1922390146965 0
1315.984358522888 -608.8391972623841 0
1347.016243734347 -536.7003252428773 0
1374.097098215063 -462.9872186971721 0
1397.147489152873 -387.916090867371 0
1416.099805779626 -311.7071383059853 0
1430.898457685213 -234.583895001509 0
1441.500037873821 -156.7725767147166 0
1447.873450084129 -78.50141744885612 0
1 6 0 3
474
475
476
-1182.653668647302 -66.52240934977428 0
-1189.142135623731 -70.85786437626906 0
-1193.477590650226 -77.34633135269821 0
1 7 0 11
477
478
479
480
481
482
483
484
485
486
487
-1165.55995723606 -65 0
-1153.535058499219 -65 0
-1140.964263456691 -65 0
-1128.393468414162 -65 0
-1115.822673371634 -65 0
-1103.251878329105 -65 0
-1090.681083286576 -65 0
-1078.110288244048 -65 0
-1065.539493201519 -65 0
-1052.968698158991 -65 0
-1040.94379942215 -65 0
1 8 0 7
488
489
490
491
492
493
494
-1195 -94.2950763775309 0
-1195 -106.3887708844447 0
-1195 -122.1601856592725 0
-1195 -142.711266506001 0
-1195 -169.4905310124174 0
-1195 -204.3854885401851 0
-1195 -249.8575464000412 0
1 9 0 3
495
496
497
-1013.53293865321 -76.22220413593669 0
-1017.954775913259 -70.28860575020353 0
-1024.231476582331 -66.36900586393833 0
1 10 0 15
498
499
500
501
502
503
504
505
506
507
508
509
510
511
512
-1192.936852860902 -372.4513754665267 0
-1186.755924595845 -436.389551887012 0
-1176.482719533763 -499.7989797029708 0
-1162.15962794192 -562.4180129552224 0
-1143.8457511112 -623.9882670851518 0
-1121.616657486781 -684.2556851054355 0
-1095.564070850493 -742.9715859139355 0
-1065.795491841508 -799.8936904251065 0
-1032.433754377058 -854.7871212848008 0
-995.6165188035554 -907.4253720433519 0
-955.4957038694852 -957.5912417878408 0
-912.2368598639464 -1005.07773137698 0
-866.0184855074408 -1049.688897580485 0
-817.0312914136225 -1091.240661598509 0
-765.4774131611856 -1129.561568624934 0
1 11 0 47
513
514
515
516
517
518
519
520
521
522
523
524
525
526
527
528
529
530
531
532
533
534
535
536
537
538
539
540
541
542
543
544
545
546
547
548
549
550
551
552
553
554
555
556
557
558
559
-1010.560059169455 -94.83336338772318 0
-1008.957859922264 -110.584975928405 0
-1006.350669056115 -132.2245472304974 0
-1002.005678521371 -161.8938547657914 0
-994.5997153703793 -202.4756928254864 0
-981.7301274289898 -257.7420355670757 0
-960.7433255484817 -327.4099302312686 0
-934.0679547810551 -397.167541285963 0
-902.3354842961606 -464.7748635414931 0
-865.7177155850096 -529.8658669156493 0
-824.4128994353052 -592.0881448269959 0
-778.6446625896319 -651.1048221451584 0
-728.6607970169114 -706.5963790529071 0
-674.7319183518748 -758.26238094554 0
-617.1500007658498 -805.8231050017813 0
-556.2267962011488 -849.0210546198522 0
-492.2921465274289 -887.6223535194551 0
-425.6921977581001 -921.4180119619319 0
-356.7875259951264 -950.2250582331942 0
-285.9511852484665 -973.8875292635169 0
-213.5666876993738 -992.2773150209161 0
-140.2845328412582 -1005.258797447458 0
-71.12834901765572 -1012.504695280976 0
5.222554100803579e-12 -1015 0
71.12834901766614 -1012.504695280976 0
140.2845328412686 -1005.258797447457 0
213.5666876993849 -992.2773150209138 0
285.9511852484782 -973.8875292635134 0
356.7875259951379 -950.2250582331899 0
425.6921977581104 -921.4180119619272 0
492.2921465274388 -887.6223535194497 0
556.2267962011582 -849.0210546198458 0
617.1500007658587 -805.8231050017744 0
674.7319183518829 -758.2623809455328 0
728.660797016919 -706.5963790528994 0
778.6446625896398 -651.1048221451491 0
824.4128994353124 -592.0881448269859 0
865.7177155850167 -529.8658669156378 0
902.3354842961664 -464.7748635414817 0
934.0679547810604 -397.1675412859505 0
960.7433255484864 -327.4099302312553 0
981.7301274289931 -257.7420355670634 0
994.5997153703809 -202.4756928254788 0
1002.005678521371 -161.8938547657891 0
1006.350669056115 -132.2245472304992 0
1008.957859922264 -110.5849759284053 0
1010.560059169455 -94.83336338772355 0
1 12 0 19
560
561
562
563
564
565
566
567
568
569
570
571
572
573
574
575
576
577
578
-643.7629604519266 -1202.796888730677 0
-573.8750537866226 -1237.1562793921 0
-502.1350215178905 -1267.459001955654 0
-428.7781011052906 -1293.605692994137 0
-354.0448318272899 -1315.51061681743 0
-278.1802660466159 -1333.101946602082 0
-201.4331656770952 -1346.321999913363 0
-124.0551864867642 -1355.12742784749 0
-46.30005291196765 -1359.489357173828 0
31.57727391176831 -1359.393485010969 0
109.3214321740252 -1354.840125726269 0
186.6774967276176 -1345.844209905018 0
263.3918149948709 -1332.435235392663 0
339.2128387011271 -1314.657170570592 0
413.8919487081746 -1292.568310182653 0
487.1842702429616 -1266.241084185146 0
558.849475848448 -1235.761820247088 0
628.6525734236774 -1201.230460679507 0
696.3646767690761 -1162.760234721963 0
1 13 0 3
579
580
581
1024.231476582331 -66.36900586393831 0
1017.954775913259 -70.28860575020349 0
1013.53293865321 -76.22220413593666 0
1 14 0 15
582
583
584
585
586
587
588
589
590
591
592
593
594
595
596
810.5522100122736 -1084.693037808297 0
857.0872345376065 -1046.023705832534 0
901.1984730706167 -1004.610853019559 0
942.7244420537247 -960.6060846070434 0
981.5131221506728 -914.170494384007 0
1017.422514762825 -865.4740749545304 0
1050.32116186129 -814.6950954244551 0
1080.088627231859 -762.0194487892481 0
1106.615937370998 -707.6399714121428 0
1129.805980418858 -651.7557370838143 0
1149.573861668867 -594.5713282479194 0
1165.847214352459 -536.296087060426 0
1178.566464561206 -477.1433490244524 0
1187.68504933651 -417.3296620061729 0
1193.169587128487 -357.0739934908084 0
1 15 0 11
597
598
599
600
601
602
603
604
605
606
607
1040.94379942215 -65 0
1052.968698158991 -65 0
1065.539493201519 -65 0
1078.110288244048 -65 0
1090.681083286576 -65 0
1103.251878329105 -65 0
1115.822673371634 -65 0
1128.393468414162 -65 0
1140.964263456691 -65 0
1153.535058499219 -65 0
1165.55995723606 -65 0
1 16 0 7
608
609
610
611
612
613
614
1195 -241.5260153327058 0
1195 -198.8895968201403 0
1195 -165.9651298772984 0
1195 -140.5403754615919 0
1195 -120.9070082952707 0
1195 -105.745836694199 0
1195 -94.04786569315873 0
1 17 0 3
615
616
617
1193.477590650226 -77.34633135269819 0
1189.142135623731 -70.85786437626903 0
1182.653668647302 -66.52240934977426 0
1 18 0 15
618
619
620
621
622
623
624
625
626
627
628
629
630
631
632
-147.2970144452481 -477.8112488582875 0
-140.3505143303061 -479.8976277574401 0
-130.9152260445603 -482.5569433649273 0
-118.0596822404323 -485.8620292112651 0
-100.5576885056951 -489.783780134042 0
-76.70614234026722 -494.0811347615639 0
-44.20008344943389 -498.0425208986308 0
-1.424116139486239e-12 -500 0
44.2000834494315 -498.042520898631 0
76.70614234026527 -494.0811347615642 0
100.5576885056941 -489.7837801340422 0
118.0596822404317 -485.8620292112652 0
130.9152260445601 -482.5569433649274 0
140.3505143303059 -479.8976277574401 0
147.2970144452479 -477.8112488582876 0
1 19 0 3
633
634
635
-156.2321193361869 -475.7416622725024 0
-159.9053549326551 -476.7365382325977 0
-162.9409126531658 -479.0317130077695 0
1 20 0 3
636
637
638
162.9409126531658 -479.0317130077695 0
159.9053549326551 -476.7365382325977 0
156.2321193361869 -475.7416622725024 0
1 21 0 1
639
-166.1988870245328 -485.8657332400234 0
1 22 0 1
640
165.310856841621 -483.4258903646795 0
1 23 0 3
641
642
643
-167.1994231657142 -490.9502268528811 0
-166.1929391446947 -494.8184365195933 0
-163.7519185198092 -497.9834759220489 0
1 24 0 3
644
645
646
163.7519185198092 -497.9834759220488 0
166.1929391446948 -494.8184365195933 0
167.1994231657142 -490.9502268528811 0
1 25 0 15
647
648
649
650
651
652
653
654
655
656
657
658
659
660
661
-155.0013194839792 -501.5970404201219 0
-147.8687034593288 -503.7458154042147 0
-138.1103657421609 -506.5081705901362 0
-124.7503690636527 -509.9630824074253 0
-106.4574118195452 -514.0932011500286 0
-81.38356316126472 -518.6537531409335 0
-47.01154467873157 -522.8909204288401 0
-9.644093543285406e-14 -525 0
47.01154467873184 -522.8909204288401 0
81.38356316126497 -518.6537531409335 0
106.457411819545 -514.0932011500286 0
124.7503690636525 -509.9630824074254 0
138.1103657421607 -506.5081705901363 0
147.8687034593286 -503.7458154042147 0
155.0013194839791 -501.597040420122 0
1 26 0 39
662
663
664
665
666
667
668
669
670
671
672
673
674
675
676
677
678
679
680
681
682
683
684
685
686
687
688
689
690
691
692
693
694
695
696
697
698
699
700
-79.53061618028707 775.9348433277009 0
-94.95647433699361 774.198468082628 0
-116.0276645378334 771.3219697777939 0
-144.7482749771914 766.4515228578566 0
-183.7546567282596 758.0463218898167 0
-236.3845340046311 743.3184728522583 0
-303.1236784446929 718.6905005398071 0
-369.5657221444 686.8924057054992 0
-432.7120074014346 648.9686576797225 0
-491.999400542166 605.257457505605 0
-546.8991811935199 556.1486182755987 0
-596.9217573702532 502.0800888085571 0
-641.6210316182996 443.5340480561429 0
-680.5983792772619 381.0326050683385 0
-713.5062033842113 315.133142865438 0
-740.0510345164394 246.4233477395109 0
-759.9961479290059 175.5159683136339 0
-772.2826560581326 109.450898359931 0
-778.1437903776543 53.77956393182397 0
-780 4.419120340165424e-13 0
-778.1437903776545 -53.77956393182273 0
-772.2826560581328 -109.4508983599298 0
-759.9961479290064 -175.5159683136321 0
-740.05103451644 -246.4233477395088 0
-713.506203384212 -315.1331428654362 0
-680.5983792772629 -381.0326050683367 0
-641.6210316183008 -443.5340480561413 0
-596.9217573702547 -502.0800888085554 0
-546.8991811935215 -556.148618275597 0
-491.9994005421675 -605.2574575056038 0
-432.7120074014364 -648.9686576797212 0
-369.5657221444021 -686.892405705498 0
-303.1236784446947 -718.6905005398063 0
-236.3845340046304 -743.3184728522584 0
-183.7546567282564 -758.0463218898174 0
-144.74827497719 -766.4515228578568 0
-116.0276645378329 -771.3219697777939 0
-94.95647433699328 -774.198468082628 0
-79.53061618028727 -775.9348433277009 0
1 27 0 3
701
702
703
-61.14957740731892 778.9964540829059 0
-55.25211879624746 783.4223595497648 0
-51.35921643177191 789.6844653019484 0
1 28 0 3
704
705
706
-51.35921643177169 -789.6844653019485 0
-55.25211879624724 -783.4223595497648 0
-61.1495774073187 -778.9964540829059 0
1 29 0 3
707
708
709
-50.00000000000009 836.0952436418936 0
-50.00000000000008 822.022179508883 0
-50.00000000000008 807.9491153758725 0
1 30 0 3
710
711
712
-49.99999999999989 -807.9491153758726 0
-49.99999999999989 -822.022179508883 0
-49.99999999999988 -836.0952436418936 0
1 31 0 3
713
714
715
-51.68407721443138 855.1456116437978 0
-56.45269725130855 861.8256828650607 0
-63.50278767579308 866.027981472233 0
1 32 0 3
716
717
718
-63.50278767579288 -866.027981472233 0
-56.45269725130834 -861.8256828650607 0
-51.68407721443118 -855.1456116437978 0
1 33 0 39
719
720
721
722
723
724
725
726
727
728
729
730
731
732
733
734
735
736
737
738
739
740
741
742
743
744
745
746
747
748
749
750
751
752
753
754
755
756
757
-83.85699048644506 865.9491931669872 0
-100.9007682068453 864.1290615268465 0
-124.7077261904185 861.0156694441836 0
-157.8697663268088 855.5566240056346 0
-203.8841607697221 845.7725752158354 0
-267.2956925058002 827.9208976513667 0
-340.8877397748435 800.4345999962762 0
-411.8559041688843 766.3385114955602 0
-479.450961847049 725.9660978199599 0
-543.1193081609491 679.6480097100057 0
-602.3394982936808 627.7635930788889 0
-656.6265179015618 570.7377821631137 0
-705.5357553896857 509.0376193040211 0
-748.6666432882899 443.1684298632343 0
-785.6659389070068 373.6696835995282 0
-816.2306173983815 301.1105764025188 0
-840.1103535364205 226.0853685688454 0
-857.1095718843625 149.2085178004423 0
-866.8044092643714 74.49910120158576 0
-870 -1.052528566182844e-12 0
-866.8044092643712 -74.49910120158746 0
-857.1095718843621 -149.2085178004444 0
-840.11035353642 -226.0853685688471 0
-816.2306173983806 -301.1105764025212 0
-785.6659389070055 -373.6696835995309 0
-748.6666432882882 -443.1684298632371 0
-705.5357553896835 -509.0376193040244 0
-656.6265179015595 -570.7377821631164 0
-602.3394982936776 -627.763593078892 0
-543.1193081609457 -679.6480097100084 0
-479.4509618470447 -725.9660978199628 0
-411.855904168879 -766.338511495563 0
-340.8877397748376 -800.4345999962786 0
-267.295692505795 -827.9208976513684 0
-203.8841607697186 -845.7725752158364 0
-157.8697663268111 -855.5566240056341 0
-124.7077261904172 -861.0156694441838 0
-100.9007682068449 -864.1290615268465 0
-83.8569904864447 -865.9491931669872 0
1 34 0 39
758
759
760
761
762
763
764
765
766
767
768
769
770
771
772
773
774
775
776
777
778
779
780
781
782
783
784
785
786
787
788
789
790
791
792
793
794
795
796
-573.2474949400414 -44.85877333328625 0
-571.8834872663267 -59.78525731403284 0
-569.399097738182 -80.06039904312401 0
-564.8668763926702 -107.4728428692007 0
-556.5871490296391 -144.3459231674325 0
-541.4683982542707 -193.4863656487311 0
-514.8024508065743 -256.1316783288328 0
-478.7572054844398 -318.4596335436092 0
-435.2052879720686 -375.7943018742419 0
-384.8295704315427 -427.2367045578766 0
-331.4610527376708 -469.8495190143702 0
-287.9963939024101 -497.6776839473595 0
-254.3241830958303 -515.6977893036178 0
-226.7431296319349 -528.4056710186933 0
-200.4987400466446 -538.9111756492975 0
-173.490698063153 -548.2024969712924 0
-145.4213907383126 -556.307126608796 0
-110.9063081662687 -564.2027922732469 0
-64.10425054591785 -571.4154749934116 0
-4.191246517047035e-12 -575 0
64.10425054591155 -571.4154749934123 0
110.9063081662645 -564.2027922732477 0
145.4213907383094 -556.3071266087968 0
173.4906980631504 -548.2024969712933 0
200.498740046641 -538.9111756492989 0
226.743129631931 -528.405671018695 0
254.3241830958264 -515.6977893036197 0
287.9963939024046 -497.6776839473627 0
331.4610527376639 -469.849519014375 0
384.8295704315331 -427.2367045578853 0
435.2052879720598 -375.7943018742521 0
478.7572054844319 -318.4596335436211 0
514.8024508065678 -256.1316783288458 0
541.4683982542672 -193.4863656487409 0
556.5871490296377 -144.3459231674379 0
564.8668763926701 -107.4728428692011 0
569.3990977381818 -80.06039904312573 0
571.8834872663267 -59.78525731403305 0
573.2474949400414 -44.85877333328621 0
1 35 0 3
797
798
799
-575.84785265763 -26.53839337090955 0
-580.2498093852993 -20.44786249782021 0
-586.5887325077092 -16.41179473370834 0
1 36 0 3
800
801
802
586.5887325077092 -16.41179473370816 0
580.2498093852993 -20.44786249782004 0
575.84785265763 -26.53839337090938 0
1 37 0 3
803
804
805
-606.093094082873 -15.00000000000017 0
-621.5133522393576 -15.00000000000017 0
-636.9336103958419 -15.00000000000017 0
1 38 0 3
806
807
808
636.933610395842 -15.00000000000001 0
621.5133522393575 -15.00000000000002 0
606.093094082873 -15.00000000000002 0
1 39 0 3
809
810
811
-656.9588324256895 -16.6271620264469 0
-663.5749017507394 -21.24388247975599 0
-667.8286745801585 -28.09894613909302 0
1 40 0 3
812
813
814
667.8286745801586 -28.09894613909287 0
663.5749017507394 -21.2438824797558 0
656.9588324256895 -16.6271620264467 0
1 41 0 35
815
816
817
818
819
820
821
822
823
824
825
826
827
828
829
830
831
832
833
834
835
836
837
838
839
840
841
842
843
844
845
846
847
848
849
-668.3077364658661 -47.58959318874746 0
-666.9939292045136 -63.39635955103688 0
-664.573461618633 -85.10061170301441 0
-660.0884807719287 -114.818106377901 0
-651.746691850975 -155.3262684200912 0
-636.2033528072037 -210.107814887673 0
-609.543293738826 -278.1312155404768 0
-574.7723640781988 -344.2916343624376 0
-532.8488301567569 -406.167606045307 0
-484.2943984205573 -462.9891312530679 0
-429.7132917881366 -514.0491093860621 0
-369.7847305565345 -558.7121379093452 0
-305.5705927053021 -596.2605243295336 0
-242.1458768112225 -624.7122332268868 0
-176.7888497411318 -646.2551373932802 0
-111.5194430859938 -660.6537775671836 0
-56.09431739831162 -667.6476822064295 0
-3.098474709309728e-12 -670 0
56.09431739830485 -667.6476822064301 0
111.5194430859836 -660.6537775671854 0
176.7888497411236 -646.2551373932826 0
242.145876811214 -624.7122332268901 0
305.5705927052924 -596.2605243295386 0
369.7847305565253 -558.7121379093512 0
429.7132917881282 -514.0491093860692 0
484.29439842055 -462.9891312530756 0
532.8488301567505 -406.1676060453154 0
574.7723640781932 -344.2916343624471 0
609.5432937388216 -278.1312155404867 0
636.2033528072006 -210.1078148876823 0
651.7466918509738 -155.3262684200963 0
660.0884807719284 -114.818106377903 0
664.573461618633 -85.10061170301438 0
666.9939292045136 -63.39635955103713 0
668.3077364658661 -47.589593188748 0
1 42 0 27
850
851
852
853
854
855
856
857
858
859
860
861
862
863
864
865
866
867
868
869
870
871
872
873
874
875
876
194.9623750302343 -460.4233620512433 0
202.755971774912 -457.0448729715837 0
213.6016489201985 -452.0777981482527 0
228.5642247415955 -444.7003431168829 0
249.0571036381796 -433.5557162895688 0
276.7949453684318 -416.3947144459051 0
313.5820962366126 -389.4435375248276 0
360.6064094989956 -346.3567776559926 0
410.1528049062506 -285.9627189469549 0
449.8275345566819 -218.3006851905351 0
478.1273902128479 -146.2675587006603 0
492.3284028630155 -87.25103858609506 0
498.2347381469799 -41.97791923869473 0
500 -1.010643099614861e-12 0
498.23473814698 41.97791923869272 0
492.328402863016 87.25103858609263 0
478.1273902128486 146.2675587006579 0
449.8275345566828 218.3006851905333 0
410.1528049062518 285.9627189469533 0
360.6064094989967 346.3567776559914 0
313.5820962366135 389.4435375248269 0
276.7949453684335 416.394714445904 0
249.0571036381806 433.5557162895682 0
228.5642247415969 444.7003431168822 0
213.6016489201999 452.077798148252 0
202.755971774913 457.0448729715832 0
194.9623750302354 460.4233620512429 0
1 43 0 3
877
878
879
186.1200990662556 -464.8633272884055 0
183.9457312896385 -467.9865568180986 0
183.09566907362 -471.6959815918386 0
1 44 0 3
880
881
882
183.095669073621 471.6959815918379 0
183.9457312896397 467.9865568180982 0
186.1200990662568 464.8633272884053 0
1 45 0 1
883
184.992739440251 -479.0253303735104 0
1 46 0 1
884
184.1047092573396 476.5854874981659 0
1 47 0 3
885
886
887
187.4945337850345 -483.5634106863091 0
190.7519825218567 -485.8796757482544 0
194.6563609191572 -486.7351787820924 0
1 48 0 3
888
889
890
194.6563609191578 486.7351787820914 0
190.7519825218573 485.8796757482537 0
187.494533785035 483.5634106863087 0
1 49 0 31
891
892
893
894
895
896
897
898
899
900
901
902
903
904
905
906
907
908
909
910
911
912
913
914
915
916
917
918
919
920
921
203.9279526114706 -483.7751441978947 0
211.1802034813625 -480.6536400128166 0
221.0803577184952 -476.1811372062759 0
234.5749989195983 -469.6802847489668 0
252.825210671667 -460.1134782299115 0
277.2897918294242 -445.7974555189773 0
309.6104465676768 -423.9886453387211 0
351.285066236326 -390.1586885349858 0
400.7865579839777 -339.109325939815 0
444.8179149616138 -278.8584273949821 0
479.8618420877191 -212.9732671209721 0
503.8209841569857 -147.6123840437732 0
515.8776041766204 -97.44381719221668 0
521.5389656233029 -60.18394583753409 0
524.1383704684112 -30.06607062318829 0
525 -1.527468924938169e-12 0
524.1383704684114 30.06607062318571 0
521.5389656233034 60.18394583753059 0
515.8776041766215 97.44381719221093 0
503.8209841569884 147.612384043764 0
479.8618420877236 212.973267120962 0
444.8179149616197 278.8584273949728 0
400.7865579839848 339.1093259398066 0
351.2850662363328 390.1586885349797 0
309.6104465676818 423.9886453387173 0
277.2897918294284 445.7974555189747 0
252.8252106716701 460.1134782299098 0
234.5749989196002 469.6802847489658 0
221.0803577184967 476.1811372062753 0
211.1802034813636 480.6536400128161 0
203.9279526114717 483.7751441978942 0
1 50 0 39
922
923
924
925
926
927
928
929
930
931
932
933
934
935
936
937
938
939
940
941
942
943
944
945
946
947
948
949
950
951
952
953
954
955
956
957
958
959
960
79.53061618028698 -775.9348433277009 0
94.95647433699368 -774.1984680826279 0
116.027664537834 -771.3219697777938 0
144.7482749771931 -766.4515228578563 0
183.7546567282643 -758.0463218898155 0
236.3845340046414 -743.318472852255 0
303.1236784447059 -718.6905005398016 0
369.5657221444116 -686.8924057054929 0
432.7120074014454 -648.9686576797153 0
491.9994005421754 -605.2574575055975 0
546.899181193528 -556.1486182755907 0
596.9217573702598 -502.0800888085492 0
641.621031618305 -443.5340480561353 0
680.5983792772661 -381.032605068331 0
713.5062033842144 -315.1331428654311 0
740.0510345164417 -246.4233477395038 0
759.9961479290073 -175.5159683136276 0
772.2826560581332 -109.4508983599277 0
778.1437903776546 -53.77956393182095 0
780 7.429525940360087e-12 0
778.1437903776537 53.77956393183439 0
772.282656058131 109.4508983599431 0
759.9961479290033 175.5159683136455 0
740.0510345164359 246.4233477395211 0
713.5062033842072 315.1331428654472 0
680.5983792772571 381.0326050683469 0
641.6210316182949 443.5340480561497 0
596.921757370248 502.0800888085632 0
546.8991811935149 556.1486182756036 0
491.9994005421612 605.257457505609 0
432.7120074014302 648.9686576797254 0
369.565722144396 686.8924057055013 0
303.1236784446897 718.6905005398085 0
236.3845340046265 743.3184728522598 0
183.7546567282545 758.0463218898178 0
144.7482749771887 766.4515228578571 0
116.0276645378316 771.3219697777942 0
94.95647433699338 774.198468082628 0
79.53061618028737 775.9348433277009 0
1 51 0 3
961
962
963
61.14957740731889 -778.9964540829059 0
55.2521187962474 -783.4223595497647 0
51.35921643177181 -789.6844653019484 0
1 52 0 3
964
965
966
51.35921643177169 789.6844653019485 0
55.25211879624723 783.4223595497648 0
61.14957740731869 778.9964540829059 0
1 53 0 3
967
968
969
50.00000000000007 -836.0952436418936 0
50.00000000000007 -822.022179508883 0
50.00000000000006 -807.9491153758725 0
1 54 0 3
970
971
972
49.9999999999999 807.9491153758726 0
49.9999999999999 822.022179508883 0
49.9999999999999 836.0952436418936 0
1 55 0 3
973
974
975
51.68407721443138 -855.1456116437978 0
56.45269725130854 -861.8256828650607 0
63.50278767579307 -866.027981472233 0
1 56 0 3
976
977
978
63.50278767579288 866.027981472233 0
56.45269725130835 861.8256828650607 0
51.68407721443118 855.1456116437978 0
1 57 0 39
979
980
981
982
983
984
985
986
987
988
989
990
991
992
993
994
995
996
997
998
999
1000
1001
1002
1003
1004
1005
1006
1007
1008
1009
1010
1011
1012
1013
1014
1015
1016
1017
83.85699048644514 -865.9491931669872 0
100.9007682068446 -864.1290615268466 0
124.7077261904176 -861.0156694441837 0
157.869766326807 -855.5566240056349 0
203.8841607697183 -845.7725752158365 0
267.2956925057954 -827.9208976513683 0
340.8877397748387 -800.4345999962782 0
411.8559041688794 -766.3385114955628 0
479.4509618470444 -725.966097819963 0
543.1193081609448 -679.6480097100091 0
602.3394982936769 -627.7635930788928 0
656.6265179015583 -570.7377821631179 0
705.5357553896823 -509.0376193040258 0
748.6666432882869 -443.1684298632395 0
785.6659389070041 -373.6696835995336 0
816.2306173983793 -301.1105764025244 0
840.1103535364189 -226.0853685688514 0
857.1095718843613 -149.2085178004485 0
866.8044092643711 -74.49910120158857 0
870 -9.858037681907484e-13 0
866.8044092643714 74.49910120158583 0
857.1095718843618 149.2085178004458 0
840.1103535364196 226.0853685688488 0
816.2306173983803 301.1105764025218 0
785.6659389070051 373.6696835995318 0
748.6666432882879 443.1684298632377 0
705.5357553896831 509.0376193040248 0
656.6265179015586 570.7377821631176 0
602.3394982936771 627.7635930788924 0
543.1193081609445 679.6480097100094 0
479.4509618470441 725.9660978199631 0
411.8559041688785 766.3385114955632 0
340.8877397748377 800.4345999962786 0
267.2956925057944 827.9208976513685 0
203.8841607697187 845.7725752158364 0
157.8697663268112 855.5566240056341 0
124.7077261904173 861.0156694441838 0
100.900768206845 864.1290615268465 0
83.85699048644481 865.9491931669872 0
1 58 0 27
1018
1019
1020
1021
1022
1023
1024
1025
1026
1027
1028
1029
1030
1031
1032
1033
1034
1035
1036
1037
1038
1039
1040
1041
1042
1043
1044
-194.9623750302345 460.4233620512433 0
-202.7559717749121 457.0448729715836 0
-213.6016489201985 452.0777981482526 0
-228.5642247415954 444.700343116883 0
-249.0571036381789 433.5557162895693 0
-276.7949453684296 416.3947144459065 0
-313.5820962366085 389.4435375248309 0
-360.6064094989894 346.3567776559991 0
-410.1528049062454 285.9627189469624 0
-449.8275345566781 218.300685190543 0
-478.1273902128457 146.2675587006672 0
-492.3284028630147 87.25103858609981 0
-498.2347381469796 41.97791923869799 0
-500 4.502124438457993e-12 0
-498.2347381469803 -41.97791923868946 0
-492.3284028630165 -87.25103858608942 0
-478.1273902128496 -146.2675587006546 0
-449.8275345566847 -218.3006851905294 0
-410.1528049062542 -285.9627189469498 0
-360.6064094989991 -346.3567776559889 0
-313.5820962366151 -389.4435375248256 0
-276.7949453684346 -416.3947144459033 0
-249.0571036381813 -433.5557162895678 0
-228.5642247415973 -444.700343116882 0
-213.6016489202003 -452.0777981482518 0
-202.755971774913 -457.0448729715833 0
-194.9623750302353 -460.4233620512429 0
1 59 0 3
1045
1046
1047
-186.1200990662556 464.8633272884055 0
-183.9457312896385 467.9865568180986 0
-183.09566907362 471.6959815918386 0
1 60 0 3
1048
1049
1050
-183.095669073621 -471.6959815918386 0
-183.9457312896395 -467.9865568180986 0
-186.1200990662566 -464.8633272884055 0
1 61 0 1
1051
-184.9927394402508 479.0253303735105 0
1 62 0 1
1052
-184.1047092573397 -476.5854874981666 0
1 63 0 3
1053
1054
1055
-187.4945337850345 483.5634106863091 0
-190.7519825218567 485.8796757482544 0
-194.6563609191572 486.7351787820924 0
1 64 0 3
1056
1057
1058
-194.6563609191578 -486.7351787820914 0
-190.7519825218573 -485.8796757482537 0
-187.494533785035 -483.5634106863087 0
1 65 0 31
1059
1060
1061
1062
1063
1064
1065
1066
1067
1068
1069
1070
1071
1072
1073
1074
1075
1076
1077
1078
1079
1080
1081
1082
1083
1084
1085
1086
1087
1088
1089
-203.9279526114706 483.7751441978947 0
-211.1802034813625 480.6536400128167 0
-221.0803577184954 476.1811372062758 0
-234.5749989195988 469.6802847489665 0
-252.8252106716681 460.1134782299108 0
-277.2897918294257 445.7974555189764 0
-309.6104465676785 423.9886453387198 0
-351.285066236328 390.158688534984 0
-400.7865579839798 339.1093259398125 0
-444.8179149616155 278.8584273949795 0
-479.8618420877203 212.9732671209694 0
-503.8209841569864 147.6123840437707 0
-515.8776041766209 97.44381719221408 0
-521.5389656233032 60.18394583753263 0
-524.1383704684113 30.06607062318776 0
-525 7.637344624690847e-13 0
-524.1383704684113 -30.06607062318647 0
-521.5389656233034 -60.18394583753066 0
-515.8776041766213 -97.44381719221214 0
-503.8209841569879 -147.6123840437654 0
-479.8618420877229 -212.9732671209636 0
-444.8179149616188 -278.8584273949741 0
-400.786557983984 -339.1093259398076 0
-351.285066236332 -390.1586885349804 0
-309.610446567681 -423.988645338718 0
-277.289791829428 -445.797455518975 0
-252.8252106716696 -460.11347822991 0
-234.5749989196001 -469.6802847489658 0
-221.0803577184966 -476.1811372062753 0
-211.1802034813636 -480.6536400128161 0
-203.9279526114717 -483.7751441978942 0
1 66 0 35
1090
1091
1092
1093
1094
1095
1096
1097
1098
1099
1100
1101
1102
1103
1104
1105
1106
1107
1108
1109
1110
1111
1112
1113
1114
1115
1116
1117
1118
1119
1120
1121
1122
1123
1124
668.3077364658661 47.58959318874756 0
666.9939292045136 63.3963595510371 0
664.573461618633 85.10061170301512 0
660.0884807719284 114.8181063779031 0
651.7466918509738 155.3262684200966 0
636.2033528072 210.1078148876844 0
609.5432937388202 278.1312155404898 0
574.7723640781917 344.2916343624496 0
532.8488301567486 406.1676060453178 0
484.2943984205479 462.9891312530777 0
429.7132917881265 514.0491093860707 0
369.7847305565234 558.7121379093526 0
305.5705927052915 596.2605243295392 0
242.1458768112107 624.7122332268914 0
176.78884974112 646.2551373932835 0
111.5194430859829 660.6537775671854 0
56.09431739830205 667.6476822064303 0
-9.182707220814365e-12 670 0
-56.09431739831813 667.647682206429 0
-111.5194430859972 660.6537775671832 0
-176.7888497411365 646.2551373932789 0
-242.1458768112265 624.7122332268852 0
-305.5705927053083 596.2605243295304 0
-369.7847305565403 558.7121379093413 0
-429.7132917881418 514.0491093860579 0
-484.2943984205617 462.9891312530632 0
-532.8488301567606 406.1676060453021 0
-574.7723640782018 344.2916343624327 0
-609.5432937388282 278.1312155404723 0
-636.2033528072049 210.1078148876695 0
-651.7466918509757 155.3262684200884 0
-660.0884807719291 114.8181063778991 0
-664.573461618633 85.10061170301428 0
-666.9939292045136 63.39635955103675 0
-668.3077364658661 47.58959318874762 0
1 67 0 3
1125
1126
1127
656.9588324256895 16.62716202644671 0
663.5749017507394 21.24388247975582 0
667.8286745801586 28.09894613909289 0
1 68 0 3
1128
1129
1130
-667.8286745801586 28.09894613909285 0
-663.5749017507394 21.2438824797558 0
-656.9588324256895 16.6271620264467 0
1 69 0 3
1131
1132
1133
606.093094082873 15 0
621.5133522393576 15 0
636.9336103958419 15 0
1 70 0 3
1134
1135
1136
-636.933610395842 15 0
-621.5133522393575 15 0
-606.093094082873 15 0
1 71 0 3
1137
1138
1139
575.84785265763 26.53839337090935 0
580.2498093852993 20.44786249782 0
586.5887325077092 16.41179473370815 0
1 72 0 3
1140
1141
1142
-586.5887325077092 16.41179473370816 0
-580.2498093852993 20.44786249782003 0
-575.84785265763 26.53839337090939 0
1 73 0 39
1143
1144
1145
1146
1147
1148
1149
1150
1151
1152
1153
1154
1155
1156
1157
1158
1159
1160
1161
1162
1163
1164
1165
1166
1167
1168
1169
1170
1171
1172
1173
1174
1175
1176
1177
1178
1179
1180
1181
573.2474949400414 44.85877333328629 0
571.8834872663267 59.78525731403281 0
569.3990977381821 80.06039904312313 0
564.8668763926707 107.4728428691979 0
556.5871490296403 144.3459231674278 0
541.4683982542736 193.4863656487234 0
514.8024508065786 256.1316783288241 0
478.7572054844447 318.4596335436017 0
435.2052879720739 375.7943018742357 0
384.8295704315482 427.2367045578716 0
331.4610527376755 469.8495190143669 0
287.9963939024136 497.6776839473575 0
254.3241830958327 515.6977893036167 0
226.743129631937 528.4056710186924 0
200.4987400466463 538.9111756492969 0
173.4906980631553 548.2024969712917 0
145.4213907383151 556.3071266087954 0
110.9063081662714 564.2027922732465 0
64.10425054592082 571.4154749934113 0
6.54666663490203e-12 575 0
-64.10425054591074 571.4154749934124 0
-110.9063081662638 564.202792273248 0
-145.4213907383087 556.307126608797 0
-173.4906980631502 548.2024969712933 0
-200.4987400466428 538.9111756492982 0
-226.7431296319333 528.405671018694 0
-254.324183095829 515.6977893036185 0
-287.9963939024089 497.6776839473602 0
-331.4610527376697 469.849519014371 0
-384.8295704315402 427.2367045578789 0
-435.2052879720665 375.7943018742444 0
-478.7572054844383 318.4596335436115 0
-514.8024508065732 256.131678328835 0
-541.4683982542704 193.4863656487322 0
-556.587149029639 144.3459231674326 0
-564.8668763926704 107.4728428691991 0
-569.399097738182 80.06039904312364 0
-571.8834872663267 59.78525731403349 0
-573.2474949400414 44.85877333328614 0
1 74 0 19
1182
1183
1184
1185
1186
1187
1188
1189
1190
1191
1192
1193
1194
1195
1196
1197
1198
1199
1200
696.3646767690764 1162.760234721963 0
628.6525734236775 1201.230460679507 0
558.8494758484487 1235.761820247088 0
487.184270242962 1266.241084185146 0
413.8919487081746 1292.568310182653 0
339.212838701128 1314.657170570592 0
263.3918149948714 1332.435235392662 0
186.6774967276179 1345.844209905018 0
109.3214321740267 1354.840125726269 0
31.57727391176955 1359.393485010969 0
-46.30005291196521 1359.489357173828 0
-124.055186486762 1355.12742784749 0
-201.4331656770931 1346.321999913363 0
-278.1802660466138 1333.101946602082 0
-354.0448318272867 1315.51061681743 0
-428.7781011052877 1293.605692994138 0
-502.1350215178879 1267.459001955655 0
-573.8750537866209 1237.156279392101 0
-643.7629604519246 1202.796888730677 0
1 75 0 15
1201
1202
1203
1204
1205
1206
1207
1208
1209
1210
1211
1212
1213
1214
1215
1193.169587128487 357.0739934908087 0
1187.68504933651 417.3296620061736 0
1178.566464561205 477.1433490244536 0
1165.847214352459 536.296087060427 0
1149.573861668866 594.571328247921 0
1129.805980418858 651.7557370838153 0
1106.615937370998 707.6399714121442 0
1080.088627231858 762.0194487892491 0
1050.32116186129 814.6950954244555 0
1017.422514762824 865.4740749545313 0
981.5131221506723 914.1704943840077 0
942.7244420537239 960.6060846070441 0
901.1984730706163 1004.61085301956 0
857.0872345376064 1046.023705832534 0
810.5522100122732 1084.693037808297 0
1 76 0 15
1216
1217
1218
1219
1220
1221
1222
1223
1224
1225
1226
1227
1228
1229
1230
-765.4774131611854 1129.561568624934 0
-817.0312914136217 1091.24066159851 0
-866.0184855074396 1049.688897580486 0
-912.2368598639453 1005.077731376981 0
-955.4957038694836 957.5912417878426 0
-995.6165188035537 907.4253720433542 0
-1032.433754377057 854.7871212848033 0
-1065.795491841506 799.8936904251091 0
-1095.564070850492 742.9715859139383 0
-1121.616657486779 684.2556851054386 0
-1143.845751111199 623.9882670851541 0
-1162.15962794192 562.4180129552238 0
-1176.482719533762 499.7989797029718 0
-1186.755924595845 436.3895518870127 0
-1192.936852860902 372.4513754665274 0
1 77 0 7
1231
1232
1233
1234
1235
1236
1237
1195 94.04786569315911 0
1195 105.7458366941999 0
1195 120.9070082952721 0
1195 140.5403754615932 0
1195 165.9651298772994 0
1195 198.8895968201407 0
1195 241.5260153327061 0
1 78 0 7
1238
1239
1240
1241
1242
1243
1244
-1195 249.8575464000414 0
-1195 204.3854885401868 0
-1195 169.4905310124195 0
-1195 142.7112665060032 0
-1195 122.1601856592746 0
-1195 106.3887708844462 0
-1195 94.2950763775315 0
1 79 0 3
1245
1246
1247
1182.653668647302 66.52240934977426 0
1189.142135623731 70.85786437626906 0
1193.477590650226 77.34633135269823 0
1 80 0 3
1248
1249
1250
-1193.477590650226 77.3463313526982 0
-1189.142135623731 70.85786437626905 0
-1182.653668647302 66.52240934977425 0
1 81 0 11
1251
1252
1253
1254
1255
1256
1257
1258
1259
1260
1261
1165.55995723606 64.99999999999997 0
1153.535058499219 64.99999999999997 0
1140.964263456691 64.99999999999997 0
1128.393468414162 64.99999999999997 0
1115.822673371634 64.99999999999997 0
1103.251878329105 64.99999999999997 0
1090.681083286576 64.99999999999997 0
1078.110288244048 64.99999999999996 0
1065.539493201519 64.99999999999996 0
1052.968698158991 64.99999999999996 0
1040.94379942215 64.99999999999996 0
1 82 0 11
1262
1263
1264
1265
1266
1267
1268
1269
1270
1271
1272
-1040.94379942215 64.99999999999999 0
-1052.968698158991 64.99999999999999 0
-1065.539493201519 64.99999999999999 0
-1078.110288244048 64.99999999999999 0
-1090.681083286576 64.99999999999999 0
-1103.251878329105 64.99999999999999 0
-1115.822673371634 64.99999999999997 0
-1128.393468414162 64.99999999999997 0
-1140.964263456691 64.99999999999997 0
-1153.535058499219 64.99999999999997 0
-1165.55995723606 64.99999999999997 0
1 83 0 3
1273
1274
1275
1013.53293865321 76.22220413593661 0
1017.954775913259 70.28860575020343 0
1024.231476582331 66.36900586393823 0
1 84 0 3
1276
1277
1278
-1024.231476582331 66.3690058639383 0
-1017.954775913259 70.28860575020349 0
-1013.53293865321 76.22220413593668 0
1 85 0 47
1279
1280
1281
1282
1283
1284
1285
1286
1287
1288
1289
1290
1291
1292
1293
1294
1295
1296
1297
1298
1299
1300
1301
1302
1303
1304
1305
1306
1307
1308
1309
1310
1311
1312
1313
1314
1315
1316
1317
1318
1319
1320
1321
1322
1323
1324
1325
1010.560059169455 94.83336338772335 0
1008.957859922264 110.584975928405 0
1006.350669056115 132.2245472304984 0
1002.005678521371 161.893854765793 0
994.5997153703789 202.4756928254884 0
981.7301274289889 257.7420355670792 0
960.7433255484806 327.4099302312721 0
934.0679547810533 397.1675412859669 0
902.3354842961588 464.7748635414966 0
865.7177155850077 529.8658669156525 0
824.412899435303 592.0881448269989 0
778.6446625896297 651.1048221451613 0
728.6607970169086 706.5963790529099 0
674.7319183518721 758.2623809455423 0
617.1500007658468 805.8231050017836 0
556.226796201146 849.0210546198539 0
492.2921465274263 887.6223535194567 0
425.6921977580973 921.4180119619332 0
356.7875259951234 950.2250582331953 0
285.9511852484632 973.8875292635179 0
213.5666876993693 992.2773150209171 0
140.2845328412534 1005.258797447459 0
71.128349017652 1012.504695280977 0
-1.007973650489408e-11 1015 0
-71.12834901767054 1012.504695280975 0
-140.2845328412731 1005.258797447456 0
-213.5666876993894 992.2773150209127 0
-285.9511852484829 973.8875292635121 0
-356.7875259951425 950.2250582331881 0
-425.6921977581158 921.4180119619245 0
-492.2921465274441 887.6223535194467 0
-556.2267962011637 849.0210546198424 0
-617.1500007658639 805.8231050017705 0
-674.7319183518888 758.2623809455276 0
-728.6607970169243 706.5963790528939 0
-778.6446625896436 651.1048221451445 0
-824.4128994353156 592.0881448269814 0
-865.7177155850186 529.8658669156346 0
-902.3354842961681 464.7748635414785 0
-934.0679547810613 397.1675412859483 0
-960.7433255484868 327.4099302312539 0
-981.7301274289935 257.742035567062 0
-994.5997153703811 202.4756928254778 0
-1002.005678521372 161.8938547657872 0
-1006.350669056115 132.2245472304973 0
-1008.957859922264 110.5849759284061 0
-1010.560059169455 94.83336338772342 0
1 86 0 15
1326
1327
1328
1329
1330
1331
1332
1333
1334
1335
1336
1337
1338
1339
1340
147.2970144452487 477.8112488582873 0
140.3505143303067 479.8976277574399 0
130.9152260445611 482.5569433649271 0
118.0596822404331 485.8620292112649 0
100.5576885056959 489.7837801340418 0
76.70614234026715 494.0811347615639 0
44.20008344943261 498.0425208986309 0
-3.024507374088631e-13 500 0
-44.20008344943255 498.0425208986309 0
-76.70614234026677 494.0811347615639 0
-100.557688505695 489.783780134042 0
-118.0596822404323 485.8620292112651 0
-130.9152260445601 482.5569433649274 0
-140.3505143303056 479.8976277574402 0
-147.2970144452477 477.8112488582877 0
1 87 0 3
1341
1342
1343
156.2321193361877 475.7416622725025 0
159.9053549326557 476.736538232598 0
162.9409126531661 479.0317130077698 0
1 88 0 3
1344
1345
1346
-162.9409126531658 479.0317130077695 0
-159.9053549326551 476.7365382325977 0
-156.2321193361869 475.7416622725024 0
1 89 0 1
1347
166.1988870245337 485.8657332400232 0
1 90 0 1
1348
-165.3108568416208 483.4258903646797 0
1 91 0 3
1349
1350
1351
167.1994231657142 490.9502268528811 0
166.1929391446947 494.8184365195933 0
163.7519185198092 497.9834759220489 0
1 92 0 3
1352
1353
1354
-163.751918519808 497.983475922049 0
-166.1929391446936 494.8184365195937 0
-167.1994231657131 490.9502268528819 0
1 93 0 15
1355
1356
1357
1358
1359
1360
1361
1362
1363
1364
1365
1366
1367
1368
1369
155.0013194839791 501.597040420122 0
147.8687034593286 503.7458154042147 0
138.1103657421606 506.5081705901363 0
124.750369063652 509.9630824074255 0
106.457411819545 514.0932011500286 0
81.38356316126512 518.6537531409335 0
47.01154467873279 522.89092042884 0
8.48160901577108e-13 525 0
-47.01154467873121 522.8909204288401 0
-81.38356316126333 518.6537531409338 0
-106.4574118195443 514.0932011500288 0
-124.7503690636513 509.9630824074256 0
-138.1103657421598 506.5081705901366 0
-147.8687034593278 503.745815404215 0
-155.0013194839782 501.5970404201223 0
1 96 0 43
1370
1371
1372
1373
1374
1375
1376
1377
1378
1379
1380
1381
1382
1383
1384
1385
1386
1387
1388
1389
1390
1391
1392
1393
1394
1395
1396
1397
1398
1399
1400
1401
1402
1403
1404
1405
1406
1407
1408
1409
1410
1411
1412
-1700 -1622.727272727273 45
-1700 -1545.454545454545 45
-1700 -1468.181818181818 45
-1700 -1390.909090909091 45
-1700 -1313.636363636364 45
-1700 -1236.363636363636 45
-1700 -1159.090909090909 45
-1700 -1081.818181818182 45
-1700 -1004.545454545455 45
-1700 -927.2727272727273 45
-1700 -850 45
-1700 -772.7272727272726 45
-1700 -695.4545454545455 45
-1700 -618.181818181818 45
-1700 -540.909090909091 45
-1700 -463.6363636363635 45
-1700 -386.3636363636363 45
-1700 -309.090909090909 45
-1700 -231.818181818182 45
-1700 -154.5454545454545 45
-1700 -77.27272727272725 45
-1700 0 45
-1700 77.27272727272725 45
-1700 154.5454545454547 45
-1700 231.818181818182 45
-1700 309.090909090909 45
-1700 386.3636363636365 45
-1700 463.636363636364 45
-1700 540.909090909091 45
-1700 618.181818181818 45
-1700 695.4545454545455 45
-1700 772.727272727273 45
-1700 850 45
-1700 927.2727272727275 45
-1700 1004.545454545455 45
-1700 1081.818181818182 45
-1700 1159.090909090909 45
-1700 1236.363636363636 45
-1700 1313.636363636364 45
-1700 1390.909090909091 45
-1700 1468.181818181818 45
-1700 1545.454545454545 45
-1700 1622.727272727273 45
1 98 0 43
1413
1414
1415
1416
1417
1418
1419
1420
1421
1422
1423
1424
1425
1426
1427
1428
1429
1430
1431
1432
1433
1434
1435
1436
1437
1438
1439
1440
1441
1442
1443
1444
1445
1446
1447
1448
1449
1450
1451
1452
1453
1454
1455
1622.727272727273 -1700 45
1545.454545454545 -1700 45
1468.181818181818 -1700 45
1390.909090909091 -1700 45
1313.636363636364 -1700 45
1236.363636363636 -1700 45
1159.090909090909 -1700 45
1081.818181818182 -1700 45
1004.545454545455 -1700 45
927.2727272727273 -1700 45
850 -1700 45
772.7272727272726 -1700 45
695.4545454545455 -1700 45
618.181818181818 -1700 45
540.909090909091 -1700 45
463.6363636363635 -1700 45
386.3636363636363 -1700 45
309.090909090909 -1700 45
231.818181818182 -1700 45
154.5454545454545 -1700 45
77.27272727272725 -1700 45
0 -1700 45
-77.27272727272725 -1700 45
-154.5454545454547 -1700 45
-231.818181818182 -1700 45
-309.090909090909 -1700 45
-386.3636363636365 -1700 45
-463.636363636364 -1700 45
-540.909090909091 -1700 45
-618.181818181818 -1700 45
-695.4545454545455 -1700 45
-772.727272727273 -1700 45
-850 -1700 45
-927.2727272727275 -1700 45
-1004.545454545455 -1700 45
-1081.818181818182 -1700 45
-1159.090909090909 -1700 45
-1236.363636363636 -1700 45
-1313.636363636364 -1700 45
-1390.909090909091 -1700 45
-1468.181818181818 -1700 45
-1545.454545454545 -1700 45
-1622.727272727273 -1700 45
1 100 0 43
1456
1457
1458
1459
1460
1461
1462
1463
1464
1465
1466
1467
1468
1469
1470
1471
1472
1473
1474
1475
1476
1477
1478
1479
1480
1481
1482
1483
1484
1485
1486
1487
1488
1489
1490
1491
1492
1493
1494
1495
1496
1497
1498
-1622.727272727273 1700 45
-1545.454545454545 1700 45
-1468.181818181818 1700 45
-1390.909090909091 1700 45
-1313.636363636364 1700 45
-1236.363636363636 1700 45
-1159.090909090909 1700 45
-1081.818181818182 1700 45
-1004.545454545455 1700 45
-927.2727272727273 1700 45
-850 1700 45
-772.7272727272726 1700 45
-695.4545454545455 1700 45
-618.181818181818 1700 45
-540.909090909091 1700 45
-463.6363636363635 1700 45
-386.3636363636363 1700 45
-309.090909090909 1700 45
-231.818181818182 1700 45
-154.5454545454545 1700 45
-77.27272727272725 1700 45
0 1700 45
77.27272727272725 1700 45
154.5454545454547 1700 45
231.818181818182 1700 45
309.090909090909 1700 45
386.3636363636365 1700 45
463.636363636364 1700 45
540.909090909091 1700 45
618.181818181818 1700 45
695.4545454545455 1700 45
772.727272727273 1700 45
850 1700 45
927.2727272727275 1700 45
1004.545454545455 1700 45
1081.818181818182 1700 45
1159.090909090909 1700 45
1236.363636363636 1700 45
1313.636363636364 1700 45
1390.909090909091 1700 45
1468.181818181818 1700 45
1545.454545454545 1700 45
1622.727272727273 1700 45
1 101 0 43
1499
1500
1501
1502
1503
1504
1505
1506
1507
1508
1509
1510
1511
1512
1513
1514
1515
1516
1517
1518
1519
1520
1521
1522
1523
1524
1525
1526
1527
1528
1529
1530
1531
1532
1533
1534
1535
1536
1537
1538
1539
1540
1541
1700 1622.727272727273 45
1700 1545.454545454545 45
1700 1468.181818181818 45
1700 1390.909090909091 45
1700 1313.636363636364 45
1700 1236.363636363636 45
1700 1159.090909090909 45
1700 1081.818181818182 45
1700 1004.545454545455 45
1700 927.2727272727273 45
1700 850 45
1700 772.7272727272726 45
1700 695.4545454545455 45
1700 618.181818181818 45
1700 540.909090909091 45
1700 463.6363636363635 45
1700 386.3636363636363 45
1700 309.090909090909 45
1700 231.818181818182 45
1700 154.5454545454545 45
1700 77.27272727272725 45
1700 0 45
1700 -77.27272727272725 45
1700 -154.5454545454547 45
1700 -231.818181818182 45
1700 -309.090909090909 45
1700 -386.3636363636365 45
1700 -463.636363636364 45
1700 -540.909090909091 45
1700 -618.181818181818 45
1700 -695.4545454545455 45
1700 -772.727272727273 45
1700 -850 45
1700 -927.2727272727275 45
1700 -1004.545454545455 45
1700 -1081.818181818182 45
1700 -1159.090909090909 45
1700 -1236.363636363636 45
1700 -1313.636363636364 45
1700 -1390.909090909091 45
1700 -1468.181818181818 45
1700 -1545.454545454545 45
1700 -1622.727272727273 45
1 103 0 115
1542
1543
1544
1545
1546
1547
1548
1549
1550
1551
1552
1553
1554
1555
1556
1557
1558
1559
1560
1561
1562
1563
1564
1565
1566
1567
1568
1569
1570
1571
1572
1573
1574
1575
1576
1577
1578
1579
1580
1581
1582
1583
1584
1585
1586
1587
1588
1589
1590
1591
1592
1593
1594
1595
1596
1597
1598
1599
1600
1601
1602
1603
1604
1605
1606
1607
1608
1609
1610
1611
1612
1613
1614
1615
1616
1617
1618
1619
1620
1621
1622
1623
1624
1625
1626
1627
1628
1629
1630
1631
1632
1633
1634
1635
1636
1637
1638
1639
1640
1641
1642
1643
1644
1645
1646
1647
1648
1649
1650
1651
1652
1653
1654
1655
1656
1447.873450084129 78.50141744885545 45
1441.500037873821 156.7725767147156 45
1430.898457685213 234.583895001509 45
1416.099805779626 311.707138305985 45
1397.147489152873 387.9160908673703 45
1374.097098215064 462.9872186971712 45
1347.016243734348 536.700325242876 45
1315.984358522888 608.8391972623838 45
1281.092464446733 679.1922390146959 45
1242.442905443004 747.5530929066819 45
1200.149047327491 813.7212447754548 45
1154.334945273183 877.5026120309598 45
1105.134979935073 938.7101129336505 45
1052.693463288539 997.1642153374642 45
997.1642153374635 1052.69346328854 45
938.7101129336497 1105.134979935073 45
877.5026120309591 1154.334945273184 45
813.721244775454 1200.149047327492 45
747.5530929066811 1242.442905443005 45
679.1922390146951 1281.092464446734 45
608.839197262383 1315.984358522888 45
536.7003252428752 1347.016243734348 45
462.9872186971703 1374.097098215064 45
387.9160908673695 1397.147489152874 45
311.7071383059842 1416.099805779626 45
234.5838950015081 1430.898457685213 45
156.7725767147147 1441.500037873822 45
78.50141744885457 1447.87345008413 45
-8.771071384857031e-13 1450 45
-78.50141744885632 1447.873450084129 45
-156.7725767147162 1441.500037873821 45
-234.5838950015095 1430.898457685213 45
-311.7071383059862 1416.099805779625 45
-387.9160908673715 1397.147489152873 45
-462.9872186971725 1374.097098215063 45
-536.7003252428774 1347.016243734347 45
-608.8391972623855 1315.984358522887 45
-679.1922390146973 1281.092464446732 45
-747.5530929066834 1242.442905443003 45
-813.7212447754559 1200.14904732749 45
-877.5026120309612 1154.334945273182 45
-938.7101129336517 1105.134979935072 45
-997.1642153374654 1052.693463288538 45
-1052.693463288541 997.1642153374623 45
-1105.134979935074 938.7101129336488 45
-1154.334945273185 877.5026120309578 45
-1200.149047327492 813.721244775453 45
-1242.442905443005 747.5530929066797 45
-1281.092464446734 679.1922390146941 45
-1315.984358522889 608.8391972623816 45
-1347.016243734348 536.7003252428741 45
-1374.097098215064 462.9872186971688 45
-1397.147489152874 387.9160908673683 45
-1416.099805779626 311.7071383059827 45
-1430.898457685213 234.5838950015069 45
-1441.500037873822 156.7725767147132 45
-1447.87345008413 78.50141744885337 45
-1450 -2.398143631253997e-12 45
-1447.873450084129 -78.50141744885687 45
-1441.500037873821 -156.7725767147174 45
-1430.898457685213 -234.5838950015103 45
-1416.099805779625 -311.7071383059867 45
-1397.147489152873 -387.9160908673717 45
-1374.097098215063 -462.9872186971728 45
-1347.016243734347 -536.700325242878 45
-1315.984358522887 -608.8391972623855 45
-1281.092464446733 -679.1922390146966 45
-1242.442905443004 -747.5530929066828 45
-1200.14904732749 -813.7212447754559 45
-1154.334945273182 -877.5026120309607 45
-1105.134979935073 -938.7101129336505 45
-1052.69346328854 -997.1642153374639 45
-997.1642153374638 -1052.69346328854 45
-938.7101129336498 -1105.134979935073 45
-877.5026120309599 -1154.334945273183 45
-813.7212447754557 -1200.14904732749 45
-747.5530929066825 -1242.442905443004 45
-679.1922390146965 -1281.092464446733 45
-608.8391972623853 -1315.984358522887 45
-536.7003252428772 -1347.016243734347 45
-462.987218697172 -1374.097098215063 45
-387.9160908673709 -1397.147489152873 45
-311.7071383059853 -1416.099805779626 45
-234.5838950015101 -1430.898457685213 45
-156.7725767147165 -1441.500037873821 45
-78.50141744885603 -1447.873450084129 45
-2.663606788145493e-13 -1450 45
78.50141744885421 -1447.87345008413 45
156.7725767147147 -1441.500037873822 45
234.5838950015084 -1430.898457685213 45
311.7071383059848 -1416.099805779626 45
387.9160908673691 -1397.147489152874 45
462.9872186971703 -1374.097098215064 45
536.7003252428755 -1347.016243734348 45
608.8391972623835 -1315.984358522888 45
679.1922390146959 -1281.092464446733 45
747.5530929066811 -1242.442905443005 45
813.7212447754544 -1200.149047327491 45
877.5026120309597 -1154.334945273183 45
938.7101129336495 -1105.134979935073 45
997.1642153374635 -1052.69346328854 45
1052.69346328854 -997.1642153374638 45
1105.134979935073 -938.71011293365 45
1154.334945273183 -877.5026120309601 45
1200.14904732749 -813.7212447754557 45
1242.442905443004 -747.5530929066827 45
1281.092464446733 -679.1922390146965 45
1315.984358522888 -608.8391972623841 45
1347.016243734347 -536.7003252428773 45
1374.097098215063 -462.9872186971721 45
1397.147489152873 -387.916090867371 45
1416.099805779626 -311.7071383059853 45
1430.898457685213 -234.583895001509 45
1441.500037873821 -156.7725767147166 45
1447.873450084129 -78.50141744885612 45
1 106 0 3
1657
1658
1659
-1182.653668647302 -66.52240934977428 45
-1189.142135623731 -70.85786437626906 45
-1193.477590650226 -77.34633135269821 45
1 108 0 11
1660
1661
1662
1663
1664
1665
1666
1667
1668
1669
1670
-1165.55995723606 -65 45
-1153.535058499219 -65 45
-1140.964263456691 -65 45
-1128.393468414162 -65 45
-1115.822673371634 -65 45
-1103.251878329105 -65 45
-1090.681083286576 -65 45
-1078.110288244048 -65 45
-1065.539493201519 -65 45
-1052.968698158991 -65 45
-1040.94379942215 -65 45
1 110 0 7
1671
1672
1673
1674
1675
1676
1677
-1195 -94.2950763775309 45
-1195 -106.3887708844447 45
-1195 -122.1601856592725 45
-1195 -142.711266506001 45
-1195 -169.4905310124174 45
-1195 -204.3854885401851 45
-1195 -249.8575464000412 45
1 112 0 3
1678
1679
1680
-1013.53293865321 -76.22220413593669 45
-1017.954775913259 -70.28860575020353 45
-1024.231476582331 -66.36900586393833 45
1 114 0 15
1681
1682
1683
1684
1685
1686
1687
1688
1689
1690
1691
1692
1693
1694
1695
-1192.936852860902 -372.4513754665267 45
-1186.755924595845 -436.389551887012 45
-1176.482719533763 -499.7989797029708 45
-1162.15962794192 -562.4180129552224 45
-1143.8457511112 -623.9882670851518 45
-1121.616657486781 -684.2556851054355 45
-1095.564070850493 -742.9715859139355 45
-1065.795491841508 -799.8936904251065 45
-1032.433754377058 -854.7871212848008 45
-995.6165188035554 -907.4253720433519 45
-955.4957038694852 -957.5912417878408 45
-912.2368598639464 -1005.07773137698 45
-866.0184855074408 -1049.688897580485 45
-817.0312914136225 -1091.240661598509 45
-765.4774131611856 -1129.561568624934 45
1 116 0 47
1696
1697
1698
1699
1700
1701
1702
1703
1704
1705
1706
1707
1708
1709
1710
1711
1712
1713
1714
1715
1716
1717
1718
1719
1720
1721
1722
1723
1724
1725
1726
1727
1728
1729
1730
1731
1732
1733
1734
1735
1736
1737
1738
1739
1740
1741
1742
-1010.560059169455 -94.83336338772318 45
-1008.957859922264 -110.584975928405 45
-1006.350669056115 -132.2245472304974 45
-1002.005678521371 -161.8938547657914 45
-994.5997153703793 -202.4756928254864 45
-981.7301274289898 -257.7420355670757 45
-960.7433255484817 -327.4099302312686 45
-934.0679547810551 -397.167541285963 45
-902.3354842961606 -464.7748635414931 45
-865.7177155850096 -529.8658669156493 45
-824.4128994353052 -592.0881448269959 45
-778.6446625896319 -651.1048221451584 45
-728.6607970169114 -706.5963790529071 45
-674.7319183518748 -758.26238094554 45
-617.1500007658498 -805.8231050017813 45
-556.2267962011488 -849.0210546198522 45
-492.2921465274289 -887.6223535194551 45
-425.6921977581001 -921.4180119619319 45
-356.7875259951264 -950.2250582331942 45
-285.9511852484665 -973.8875292635169 45
-213.5666876993738 -992.2773150209161 45
-140.2845328412582 -1005.258797447458 45
-71.12834901765572 -1012.504695280976 45
5.222554100803579e-12 -1015 45
71.12834901766614 -1012.504695280976 45
140.2845328412686 -1005.258797447457 45
213.5666876993849 -992.2773150209138 45
285.9511852484782 -973.8875292635134 45
356.7875259951379 -950.2250582331899 45
425.6921977581104 -921.4180119619272 45
492.2921465274388 -887.6223535194497 45
556.2267962011582 -849.0210546198458 45
617.1500007658587 -805.8231050017744 45
674.7319183518829 -758.2623809455328 45
728.660797016919 -706.5963790528994 45
778.6446625896398 -651.1048221451491 45
824.4128994353124 -592.0881448269859 45
865.7177155850167 -529.8658669156378 45
902.3354842961664 -464.7748635414817 45
934.0679547810604 -397.1675412859505 45
960.7433255484864 -327.4099302312553 45
981.7301274289931 -257.7420355670634 45
994.5997153703809 -202.4756928254788 45
1002.005678521371 -161.8938547657891 45
1006.350669056115 -132.2245472304992 45
1008.957859922264 -110.5849759284053 45
1010.560059169455 -94.83336338772355 45
1 118 0 19
1743
1744
1745
1746
1747
1748
1749
1750
1751
1752
1753
1754
1755
1756
1757
1758
1759
1760
1761
-643.7629604519266 -1202.796888730677 45
-573.8750537866226 -1237.1562793921 45
-502.1350215178905 -1267.459001955654 45
-428.7781011052906 -1293.605692994137 45
-354.0448318272899 -1315.51061681743 45
-278.1802660466159 -1333.101946602082 45
-201.4331656770952 -1346.321999913363 45
-124.0551864867642 -1355.12742784749 45
-46.30005291196765 -1359.489357173828 45
31.57727391176831 -1359.393485010969 45
109.3214321740252 -1354.840125726269 45
186.6774967276176 -1345.844209905018 45
263.3918149948709 -1332.435235392663 45
339.2128387011271 -1314.657170570592 45
413.8919487081746 -1292.568310182653 45
487.1842702429616 -1266.241084185146 45
558.849475848448 -1235.761820247088 45
628.6525734236774 -1201.230460679507 45
696.3646767690761 -1162.760234721963 45
1 120 0 3
1762
1763
1764
1024.231476582331 -66.36900586393831 45
1017.954775913259 -70.28860575020349 45
1013.53293865321 -76.22220413593666 45
1 122 0 15
1765
1766
1767
1768
1769
1770
1771
1772
1773
1774
1775
1776
1777
1778
1779
810.5522100122736 -1084.693037808297 45
857.0872345376065 -1046.023705832534 45
901.1984730706167 -1004.610853019559 45
942.7244420537247 -960.6060846070434 45
981.5131221506728 -914.170494384007 45
1017.422514762825 -865.4740749545304 45
1050.32116186129 -814.6950954244551 45
1080.088627231859 -762.0194487892481 45
1106.615937370998 -707.6399714121428 45
1129.805980418858 -651.7557370838143 45
1149.573861668867 -594.5713282479194 45
1165.847214352459 -536.296087060426 45
1178.566464561206 -477.1433490244524 45
1187.68504933651 -417.3296620061729 45
1193.169587128487 -357.0739934908084 45
1 124 0 11
1780
1781
1782
1783
1784
1785
1786
1787
1788
1789
1790
1040.94379942215 -65 45
1052.968698158991 -65 45
1065.539493201519 -65 45
1078.110288244048 -65 45
1090.681083286576 -65 45
1103.251878329105 -65 45
1115.822673371634 -65 45
1128.393468414162 -65 45
1140.964263456691 -65 45
1153.535058499219 -65 45
1165.55995723606 -65 45
1 126 0 7
1791
1792
1793
1794
1795
1796
1797
1195 -241.5260153327058 45
1195 -198.8895968201403 45
1195 -165.9651298772984 45
1195 -140.5403754615919 45
1195 -120.9070082952707 45
1195 -105.745836694199 45
1195 -94.04786569315873 45
1 127 0 3
1798
1799
1800
1193.477590650226 -77.34633135269819 45
1189.142135623731 -70.85786437626903 45
1182.653668647302 -66.52240934977426 45
1 130 0 15
1801
1802
1803
1804
1805
1806
1807
1808
1809
1810
1811
1812
1813
1814
1815
-147.2970144452481 -477.8112488582875 45
-140.3505143303061 -479.8976277574401 45
-130.9152260445603 -482.5569433649273 45
-118.0596822404323 -485.8620292112651 45
-100.5576885056951 -489.783780134042 45
-76.70614234026722 -494.0811347615639 45
-44.20008344943389 -498.0425208986308 45
-1.424116139486239e-12 -500 45
44.2000834494315 -498.042520898631 45
76.70614234026527 -494.0811347615642 45
100.5576885056941 -489.7837801340422 45
118.0596822404317 -485.8620292112652 45
130.9152260445601 -482.5569433649274 45
140.3505143303059 -479.8976277574401 45
147.2970144452479 -477.8112488582876 45
1 132 0 3
1816
1817
1818
-156.2321193361869 -475.7416622725024 45
-159.9053549326551 -476.7365382325977 45
-162.9409126531658 -479.0317130077695 45
1 134 0 3
1819
1820
1821
162.9409126531658 -479.0317130077695 45
159.9053549326551 -476.7365382325977 45
156.2321193361869 -475.7416622725024 45
1 136 0 1
1822
-166.1988870245328 -485.8657332400234 45
1 138 0 1
1823
165.310856841621 -483.4258903646795 45
1 140 0 3
1824
1825
1826
-167.1994231657142 -490.9502268528811 45
-166.1929391446947 -494.8184365195933 45
-163.7519185198092 -497.9834759220489 45
1 142 0 3
1827
1828
1829
163.7519185198092 -497.9834759220488 45
166.1929391446948 -494.8184365195933 45
167.1994231657142 -490.9502268528811 45
1 143 0 15
1830
1831
1832
1833
1834
1835
1836
1837
1838
1839
1840
1841
1842
1843
1844
-155.0013194839792 -501.5970404201219 45
-147.8687034593288 -503.7458154042147 45
-138.1103657421609 -506.5081705901362 45
-124.7503690636527 -509.9630824074253 45
-106.4574118195452 -514.0932011500286 45
-81.38356316126472 -518.6537531409335 45
-47.01154467873157 -522.8909204288401 45
-9.644093543285406e-14 -525 45
47.01154467873184 -522.8909204288401 45
81.38356316126497 -518.6537531409335 45
106.457411819545 -514.0932011500286 45
124.7503690636525 -509.9630824074254 45
138.1103657421607 -506.5081705901363 45
147.8687034593286 -503.7458154042147 45
155.0013194839791 -501.597040420122 45
1 146 0 39
1845
1846
1847
1848
1849
1850
1851
1852
1853
1854
1855
1856
1857
1858
1859
1860
1861
1862
1863
1864
1865
1866
1867
1868
1869
1870
1871
1872
1873
1874
1875
1876
1877
1878
1879
1880
1881
1882
1883
-79.53061618028707 775.9348433277009 45
-94.95647433699361 774.198468082628 45
-116.0276645378334 771.3219697777939 45
-144.7482749771914 766.4515228578566 45
-183.7546567282596 758.0463218898167 45
-236.3845340046311 743.3184728522583 45
-303.1236784446929 718.6905005398071 45
-369.5657221444 686.8924057054992 45
-432.7120074014346 648.9686576797225 45
-491.999400542166 605.257457505605 45
-546.8991811935199 556.1486182755987 45
-596.9217573702532 502.0800888085571 45
-641.6210316182996 443.5340480561429 45
-680.5983792772619 381.0326050683385 45
-713.5062033842113 315.133142865438 45
-740.0510345164394 246.4233477395109 45
-759.9961479290059 175.5159683136339 45
-772.2826560581326 109.450898359931 45
-778.1437903776543 53.77956393182397 45
-780 4.419120340165424e-13 45
-778.1437903776545 -53.77956393182273 45
-772.2826560581328 -109.4508983599298 45
-759.9961479290064 -175.5159683136321 45
-740.05103451644 -246.4233477395088 45
-713.506203384212 -315.1331428654362 45
-680.5983792772629 -381.0326050683367 45
-641.6210316183008 -443.5340480561413 45
-596.9217573702547 -502.0800888085554 45
-546.8991811935215 -556.148618275597 45
-491.9994005421675 -605.2574575056038 45
-432.7120074014364 -648.9686576797212 45
-369.5657221444021 -686.892405705498 45
-303.1236784446947 -718.6905005398063 45
-236.3845340046304 -743.3184728522584 45
-183.7546567282564 -758.0463218898174 45
-144.74827497719 -766.4515228578568 45
-116.0276645378329 -771.3219697777939 45
-94.95647433699328 -774.198468082628 45
-79.53061618028727 -775.9348433277009 45
1 148 0 3
1884
1885
1886
-61.14957740731892 778.9964540829059 45
-55.25211879624746 783.4223595497648 45
-51.35921643177191 789.6844653019484 45
1 150 0 3
1887
1888
1889
-51.35921643177169 -789.6844653019485 45
-55.25211879624724 -783.4223595497648 45
-61.1495774073187 -778.9964540829059 45
1 152 0 3
1890
1891
1892
-50.00000000000009 836.0952436418936 45
-50.00000000000008 822.022179508883 45
-50.00000000000008 807.9491153758725 45
1 154 0 3
1893
1894
1895
-49.99999999999989 -807.9491153758726 45
-49.99999999999989 -822.022179508883 45
-49.99999999999988 -836.0952436418936 45
1 156 0 3
1896
1897
1898
-51.68407721443138 855.1456116437978 45
-56.45269725130855 861.8256828650607 45
-63.50278767579308 866.027981472233 45
1 158 0 3
1899
1900
1901
-63.50278767579288 -866.027981472233 45
-56.45269725130834 -861.8256828650607 45
-51.68407721443118 -855.1456116437978 45
1 159 0 39
1902
1903
1904
1905
1906
1907
1908
1909
1910
1911
1912
1913
1914
1915
1916
1917
1918
1919
1920
1921
1922
1923
1924
1925
1926
1927
1928
1929
1930
1931
1932
1933
1934
1935
1936
1937
1938
1939
1940
-83.85699048644506 865.9491931669872 45
-100.9007682068453 864.1290615268465 45
-124.7077261904185 861.0156694441836 45
-157.8697663268088 855.5566240056346 45
-203.8841607697221 845.7725752158354 45
-267.2956925058002 827.9208976513667 45
-340.8877397748435 800.4345999962762 45
-411.8559041688843 766.3385114955602 45
-479.450961847049 725.9660978199599 45
-543.1193081609491 679.6480097100057 45
-602.3394982936808 627.7635930788889 45
-656.6265179015618 570.7377821631137 45
-705.5357553896857 509.0376193040211 45
-748.6666432882899 443.1684298632343 45
-785.6659389070068 373.6696835995282 45
-816.2306173983815 301.1105764025188 45
-840.1103535364205 226.0853685688454 45
-857.1095718843625 149.2085178004423 45
-866.8044092643714 74.49910120158576 45
-870 -1.052528566182844e-12 45
-866.8044092643712 -74.49910120158746 45
-857.1095718843621 -149.2085178004444 45
-840.11035353642 -226.0853685688471 45
-816.2306173983806 -301.1105764025212 45
-785.6659389070055 -373.6696835995309 45
-748.6666432882882 -443.1684298632371 45
-705.5357553896835 -509.0376193040244 45
-656.6265179015595 -570.7377821631164 45
-602.3394982936776 -627.763593078892 45
-543.1193081609457 -679.6480097100084 45
-479.4509618470447 -725.9660978199628 45
-411.855904168879 -766.338511495563 45
-340.8877397748376 -800.4345999962786 45
-267.295692505795 -827.9208976513684 45
-203.8841607697186 -845.7725752158364 45
-157.8697663268111 -855.5566240056341 45
-124.7077261904172 -861.0156694441838 45
-100.9007682068449 -864.1290615268465 45
-83.8569904864447 -865.9491931669872 45
1 162 0 39
1941
1942
1943
1944
1945
1946
1947
1948
1949
1950
1951
1952
1953
1954
1955
1956
1957
1958
1959
1960
1961
1962
1963
1964
1965
1966
1967
1968
1969
1970
1971
1972
1973
1974
1975
1976
1977
1978
1979
-573.2474949400414 -44.85877333328625 45
-571.8834872663267 -59.78525731403284 45
-569.399097738182 -80.06039904312401 45
-564.8668763926702 -107.4728428692007 45
-556.5871490296391 -144.3459231674325 45
-541.4683982542707 -193.4863656487311 45
-514.8024508065743 -256.1316783288328 45
-478.7572054844398 -318.4596335436092 45
-435.2052879720686 -375.7943018742419 45
-384.8295704315427 -427.2367045578766 45
-331.4610527376708 -469.8495190143702 45
-287.9963939024101 -497.6776839473595 45
-254.3241830958303 -515.6977893036178 45
-226.7431296319349 -528.4056710186933 45
-200.4987400466446 -538.9111756492975 45
-173.490698063153 -548.2024969712924 45
-145.4213907383126 -556.307126608796 45
-110.9063081662687 -564.2027922732469 45
-64.10425054591785 -571.4154749934116 45
-4.191246517047035e-12 -575 45
64.10425054591155 -571.4154749934123 45
110.9063081662645 -564.2027922732477 45
145.4213907383094 -556.3071266087968 45
173.4906980631504 -548.2024969712933 45
200.498740046641 -538.9111756492989 45
226.743129631931 -528.405671018695 45
254.3241830958264 -515.6977893036197 45
287.9963939024046 -497.6776839473627 45
331.4610527376639 -469.849519014375 45
384.8295704315331 -427.2367045578853 45
435.2052879720598 -375.7943018742521 45
478.7572054844319 -318.4596335436211 45
514.8024508065678 -256.1316783288458 45
541.4683982542672 -193.4863656487409 45
556.5871490296377 -144.3459231674379 45
564.8668763926701 -107.4728428692011 45
569.3990977381818 -80.06039904312573 45
571.8834872663267 -59.78525731403305 45
573.2474949400414 -44.85877333328621 45
1 164 0 3
1980
1981
1982
-575.84785265763 -26.53839337090955 45
-580.2498093852993 -20.44786249782021 45
-586.5887325077092 -16.41179473370834 45
1 166 0 3
1983
1984
1985
586.5887325077092 -16.41179473370816 45
580.2498093852993 -20.44786249782004 45
575.84785265763 -26.53839337090938 45
1 168 0 3
1986
1987
1988
-606.093094082873 -15.00000000000017 45
-621.5133522393576 -15.00000000000017 45
-636.9336103958419 -15.00000000000017 45
1 170 0 3
1989
1990
1991
636.933610395842 -15.00000000000001 45
621.5133522393575 -15.00000000000002 45
606.093094082873 -15.00000000000002 45
1 172 0 3
1992
1993
1994
-656.9588324256895 -16.6271620264469 45
-663.5749017507394 -21.24388247975599 45
-667.8286745801585 -28.09894613909302 45
1 174 0 3
1995
1996
1997
667.8286745801586 -28.09894613909287 45
663.5749017507394 -21.2438824797558 45
656.9588324256895 -16.6271620264467 45
1 175 0 35
1998
1999
2000
2001
2002
2003
2004
2005
2006
2007
2008
2009
2010
2011
2012
2013
2014
2015
2016
2017
2018
2019
2020
2021
2022
2023
2024
2025
2026
2027
2028
2029
2030
2031
2032
-668.3077364658661 -47.58959318874746 45
-666.9939292045136 -63.39635955103688 45
-664.573461618633 -85.10061170301441 45
-660.0884807719287 -114.818106377901 45
-651.746691850975 -155.3262684200912 45
-636.2033528072037 -210.107814887673 45
-609.543293738826 -278.1312155404768 45
-574.7723640781988 -344.2916343624376 45
-532.8488301567569 -406.167606045307 45
-484.2943984205573 -462.9891312530679 45
-429.7132917881366 -514.0491093860621 45
-369.7847305565345 -558.7121379093452 45
-305.5705927053021 -596.2605243295336 45
-242.1458768112225 -624.7122332268868 45
-176.7888497411318 -646.2551373932802 45
-111.5194430859938 -660.6537775671836 45
-56.09431739831162 -667.6476822064295 45
-3.098474709309728e-12 -670 45
56.09431739830485 -667.6476822064301 45
111.5194430859836 -660.6537775671854 45
176.7888497411236 -646.2551373932826 45
242.145876811214 -624.7122332268901 45
305.5705927052924 -596.2605243295386 45
369.7847305565253 -558.7121379093512 45
429.7132917881282 -514.0491093860692 45
484.29439842055 -462.9891312530756 45
532.8488301567505 -406.1676060453154 45
574.7723640781932 -344.2916343624471 45
609.5432937388216 -278.1312155404867 45
636.2033528072006 -210.1078148876823 45
651.7466918509738 -155.3262684200963 45
660.0884807719284 -114.818106377903 45
664.573461618633 -85.10061170301438 45
666.9939292045136 -63.39635955103713 45
668.3077364658661 -47.589593188748 45
1 178 0 27
2033
2034
2035
2036
2037
2038
2039
2040
2041
2042
2043
2044
2045
2046
2047
2048
2049
2050
2051
2052
2053
2054
2055
2056
2057
2058
2059
194.9623750302343 -460.4233620512433 45
202.755971774912 -457.0448729715837 45
213.6016489201985 -452.0777981482527 45
228.5642247415955 -444.7003431168829 45
249.0571036381796 -433.5557162895688 45
276.7949453684318 -416.3947144459051 45
313.5820962366126 -389.4435375248276 45
360.6064094989956 -346.3567776559926 45
410.1528049062506 -285.9627189469549 45
449.8275345566819 -218.3006851905351 45
478.1273902128479 -146.2675587006603 45
492.3284028630155 -87.25103858609506 45
498.2347381469799 -41.97791923869473 45
500 -1.010643099614861e-12 45
498.23473814698 41.97791923869272 45
492.328402863016 87.25103858609263 45
478.1273902128486 146.2675587006579 45
449.8275345566828 218.3006851905333 45
410.1528049062518 285.9627189469533 45
360.6064094989967 346.3567776559914 45
313.5820962366135 389.4435375248269 45
276.7949453684335 416.394714445904 45
249.0571036381806 433.5557162895682 45
228.5642247415969 444.7003431168822 45
213.6016489201999 452.077798148252 45
202.755971774913 457.0448729715832 45
194.9623750302354 460.4233620512429 45
1 180 0 3
2060
2061
2062
186.1200990662556 -464.8633272884055 45
183.9457312896385 -467.9865568180986 45
183.09566907362 -471.6959815918386 45
1 182 0 3
2063
2064
2065
183.095669073621 471.6959815918379 45
183.9457312896397 467.9865568180982 45
186.1200990662568 464.8633272884053 45
1 184 0 1
2066
184.992739440251 -479.0253303735104 45
1 186 0 1
2067
184.1047092573396 476.5854874981659 45
1 188 0 3
2068
2069
2070
187.4945337850345 -483.5634106863091 45
190.7519825218567 -485.8796757482544 45
194.6563609191572 -486.7351787820924 45
1 190 0 3
2071
2072
2073
194.6563609191578 486.7351787820914 45
190.7519825218573 485.8796757482537 45
187.494533785035 483.5634106863087 45
1 191 0 31
2074
2075
2076
2077
2078
2079
2080
2081
2082
2083
2084
2085
2086
2087
2088
2089
2090
2091
2092
2093
2094
2095
2096
2097
2098
2099
2100
2101
2102
2103
2104
203.9279526114706 -483.7751441978947 45
211.1802034813625 -480.6536400128166 45
221.0803577184952 -476.1811372062759 45
234.5749989195983 -469.6802847489668 45
252.825210671667 -460.1134782299115 45
277.2897918294242 -445.7974555189773 45
309.6104465676768 -423.9886453387211 45
351.285066236326 -390.1586885349858 45
400.7865579839777 -339.109325939815 45
444.8179149616138 -278.8584273949821 45
479.8618420877191 -212.9732671209721 45
503.8209841569857 -147.6123840437732 45
515.8776041766204 -97.44381719221668 45
521.5389656233029 -60.18394583753409 45
524.1383704684112 -30.06607062318829 45
525 -1.527468924938169e-12 45
524.1383704684114 30.06607062318571 45
521.5389656233034 60.18394583753059 45
515.8776041766215 97.44381719221093 45
503.8209841569884 147.612384043764 45
479.8618420877236 212.973267120962 45
444.8179149616197 278.8584273949728 45
400.7865579839848 339.1093259398066 45
351.2850662363328 390.1586885349797 45
309.6104465676818 423.9886453387173 45
277.2897918294284 445.7974555189747 45
252.8252106716701 460.1134782299098 45
234.5749989196002 469.6802847489658 45
221.0803577184967 476.1811372062753 45
211.1802034813636 480.6536400128161 45
203.9279526114717 483.7751441978942 45
1 194 0 39
2105
2106
2107
2108
2109
2110
2111
2112
2113
2114
2115
2116
2117
2118
2119
2120
2121
2122
2123
2124
2125
2126
2127
2128
2129
2130
2131
2132
2133
2134
2135
2136
2137
2138
2139
2140
2141
2142
2143
79.53061618028698 -775.9348433277009 45
94.95647433699368 -774.1984680826279 45
116.027664537834 -771.3219697777938 45
144.7482749771931 -766.4515228578563 45
183.7546567282643 -758.0463218898155 45
236.3845340046414 -743.318472852255 45
303.1236784447059 -718.6905005398016 45
369.5657221444116 -686.8924057054929 45
432.7120074014454 -648.9686576797153 45
491.9994005421754 -605.2574575055975 45
546.899181193528 -556.1486182755907 45
596.9217573702598 -502.0800888085492 45
641.621031618305 -443.5340480561353 45
680.5983792772661 -381.032605068331 45
713.5062033842144 -315.1331428654311 45
740.0510345164417 -246.4233477395038 45
759.9961479290073 -175.5159683136276 45
772.2826560581332 -109.4508983599277 45
778.1437903776546 -53.77956393182095 45
780 7.429525940360087e-12 45
778.1437903776537 53.77956393183439 45
772.282656058131 109.4508983599431 45
759.9961479290033 175.5159683136455 45
740.0510345164359 246.4233477395211 45
713.5062033842072 315.1331428654472 45
680.5983792772571 381.0326050683469 45
641.6210316182949 443.5340480561497 45
596.921757370248 502.0800888085632 45
546.8991811935149 556.1486182756036 45
491.9994005421612 605.257457505609 45
432.7120074014302 648.9686576797254 45
369.565722144396 686.8924057055013 45
303.1236784446897 718.6905005398085 45
236.3845340046265 743.3184728522598 45
183.7546567282545 758.0463218898178 45
144.7482749771887 766.4515228578571 45
116.0276645378316 771.3219697777942 45
94.95647433699338 774.198468082628 45
79.53061618028737 775.9348433277009 45
1 196 0 3
2144
2145
2146
61.14957740731889 -778.9964540829059 45
55.2521187962474 -783.4223595497647 45
51.35921643177181 -789.6844653019484 45
1 198 0 3
2147
2148
2149
51.35921643177169 789.6844653019485 45
55.25211879624723 783.4223595497648 45
61.14957740731869 778.9964540829059 45
1 200 0 3
2150
2151
2152
50.00000000000007 -836.0952436418936 45
50.00000000000007 -822.022179508883 45
50.00000000000006 -807.9491153758725 45
1 202 0 3
2153
2154
2155
49.9999999999999 807.9491153758726 45
49.9999999999999 822.022179508883 45
49.9999999999999 836.0952436418936 45
1 204 0 3
2156
2157
2158
51.68407721443138 -855.1456116437978 45
56.45269725130854 -861.8256828650607 45
63.50278767579307 -866.027981472233 45
1 206 0 3
2159
2160
2161
63.50278767579288 866.027981472233 45
56.45269725130835 861.8256828650607 45
51.68407721443118 855.1456116437978 45
1 207 0 39
2162
2163
2164
2165
2166
2167
2168
2169
2170
2171
2172
2173
2174
2175
2176
2177
2178
2179
2180
2181
2182
2183
2184
2185
2186
2187
2188
2189
2190
2191
2192
2193
2194
2195
2196
2197
2198
2199
2200
83.85699048644514 -865.9491931669872 45
100.9007682068446 -864.1290615268466 45
124.7077261904176 -861.0156694441837 45
157.869766326807 -855.5566240056349 45
203.8841607697183 -845.7725752158365 45
267.2956925057954 -827.9208976513683 45
340.8877397748387 -800.4345999962782 45
411.8559041688794 -766.3385114955628 45
479.4509618470444 -725.966097819963 45
543.1193081609448 -679.6480097100091 45
602.3394982936769 -627.7635930788928 45
656.6265179015583 -570.7377821631179 45
705.5357553896823 -509.0376193040258 45
748.6666432882869 -443.1684298632395 45
785.6659389070041 -373.6696835995336 45
816.2306173983793 -301.1105764025244 45
840.1103535364189 -226.0853685688514 45
857.1095718843613 -149.2085178004485 45
866.8044092643711 -74.49910120158857 45
870 -9.858037681907484e-13 45
866.8044092643714 74.49910120158583 45
857.1095718843618 149.2085178004458 45
840.1103535364196 226.0853685688488 45
816.2306173983803 301.1105764025218 45
785.6659389070051 373.6696835995318 45
748.6666432882879 443.1684298632377 45
705.5357553896831 509.0376193040248 45
656.6265179015586 570.7377821631176 45
602.3394982936771 627.7635930788924 45
543.1193081609445 679.6480097100094 45
479.4509618470441 725.9660978199631 45
411.8559041688785 766.3385114955632 45
340.8877397748377 800.4345999962786 45
267.2956925057944 827.9208976513685 45
203.8841607697187 845.7725752158364 45
157.8697663268112 855.5566240056341 45
124.7077261904173 861.0156694441838 45
100.900768206845 864.1290615268465 45
83.85699048644481 865.9491931669872 45
1 210 0 27
2201
2202
2203
2204
2205
2206
2207
2208
2209
2210
2211
2212
2213
2214
2215
2216
2217
2218
2219
2220
2221
2222
2223
2224
2225
2226
2227
-194.9623750302345 460.4233620512433 45
-202.7559717749121 457.0448729715836 45
-213.6016489201985 452.0777981482526 45
-228.5642247415954 444.700343116883 45
-249.0571036381789 433.5557162895693 45
-276.7949453684296 416.3947144459065 45
-313.5820962366085 389.4435375248309 45
-360.6064094989894 346.3567776559991 45
-410.1528049062454 285.9627189469624 45
-449.8275345566781 218.300685190543 45
-478.1273902128457 146.2675587006672 45
-492.3284028630147 87.25103858609981 45
-498.2347381469796 41.97791923869799 45
-500 4.502124438457993e-12 45
-498.2347381469803 -41.97791923868946 45
-492.3284028630165 -87.25103858608942 45
-478.1273902128496 -146.2675587006546 45
-449.8275345566847 -218.3006851905294 45
-410.1528049062542 -285.9627189469498 45
-360.6064094989991 -346.3567776559889 45
-313.5820962366151 -389.4435375248256 45
-276.7949453684346 -416.3947144459033 45
-249.0571036381813 -433.5557162895678 45
-228.5642247415973 -444.700343116882 45
-213.6016489202003 -452.0777981482518 45
-202.755971774913 -457.0448729715833 45
-194.9623750302353 -460.4233620512429 45
1 212 0 3
2228
2229
2230
-186.1200990662556 464.8633272884055 45
-183.9457312896385 467.9865568180986 45
-183.09566907362 471.6959815918386 45
1 214 0 3
2231
2232
2233
-183.095669073621 -471.6959815918386 45
-183.9457312896395 -467.9865568180986 45
-186.1200990662566 -464.8633272884055 45
1 216 0 1
2234
-184.9927394402508 479.0253303735105 45
1 218 0 1
2235
-184.1047092573397 -476.5854874981666 45
1 220 0 3
2236
2237
2238
-187.4945337850345 483.5634106863091 45
-190.7519825218567 485.8796757482544 45
-194.6563609191572 486.7351787820924 45
1 222 0 3
2239
2240
2241
-194.6563609191578 -486.7351787820914 45
-190.7519825218573 -485.8796757482537 45
-187.494533785035 -483.5634106863087 45
1 223 0 31
2242
2243
2244
2245
2246
2247
2248
2249
2250
2251
2252
2253
2254
2255
2256
2257
2258
2259
2260
2261
2262
2263
2264
2265
2266
2267
2268
2269
2270
2271
2272
-203.9279526114706 483.7751441978947 45
-211.1802034813625 480.6536400128167 45
-221.0803577184954 476.1811372062758 45
-234.5749989195988 469.6802847489665 45
-252.8252106716681 460.1134782299108 45
-277.2897918294257 445.7974555189764 45
-309.6104465676785 423.9886453387198 45
-351.285066236328 390.158688534984 45
-400.7865579839798 339.1093259398125 45
-444.8179149616155 278.8584273949795 45
-479.8618420877203 212.9732671209694 45
-503.8209841569864 147.6123840437707 45
-515.8776041766209 97.44381719221408 45
-521.5389656233032 60.18394583753263 45
-524.1383704684113 30.06607062318776 45
-525 7.637344624690847e-13 45
-524.1383704684113 -30.06607062318647 45
-521.5389656233034 -60.18394583753066 45
-515.8776041766213 -97.44381719221214 45
-503.8209841569879 -147.6123840437654 45
-479.8618420877229 -212.9732671209636 45
-444.8179149616188 -278.8584273949741 45
-400.786557983984 -339.1093259398076 45
-351.285066236332 -390.1586885349804 45
-309.610446567681 -423.988645338718 45
-277.289791829428 -445.797455518975 45
-252.8252106716696 -460.11347822991 45
-234.5749989196001 -469.6802847489658 45
-221.0803577184966 -476.1811372062753 45
-211.1802034813636 -480.6536400128161 45
-203.9279526114717 -483.7751441978942 45
1 226 0 35
2273
2274
2275
2276
2277
2278
2279
2280
2281
2282
2283
2284
2285
2286
2287
2288
2289
2290
2291
2292
2293
2294
2295
2296
2297
2298
2299
2300
2301
2302
2303
2304
2305
2306
2307
668.3077364658661 47.58959318874756 45
666.9939292045136 63.3963595510371 45
664.573461618633 85.10061170301512 45
660.0884807719284 114.8181063779031 45
651.7466918509738 155.3262684200966 45
636.2033528072 210.1078148876844 45
609.5432937388202 278.1312155404898 45
574.7723640781917 344.2916343624496 45
532.8488301567486 406.1676060453178 45
484.2943984205479 462.9891312530777 45
429.7132917881265 514.0491093860707 45
369.7847305565234 558.7121379093526 45
305.5705927052915 596.2605243295392 45
242.1458768112107 624.7122332268914 45
176.78884974112 646.2551373932835 45
111.5194430859829 660.6537775671854 45
56.09431739830205 667.6476822064303 45
-9.182707220814365e-12 670 45
-56.09431739831813 667.647682206429 45
-111.5194430859972 660.6537775671832 45
-176.7888497411365 646.2551373932789 45
-242.1458768112265 624.7122332268852 45
-305.5705927053083 596.2605243295304 45
-369.7847305565403 558.7121379093413 45
-429.7132917881418 514.0491093860579 45
-484.2943984205617 462.9891312530632 45
-532.8488301567606 406.1676060453021 45
-574.7723640782018 344.2916343624327 45
-609.5432937388282 278.1312155404723 45
-636.2033528072049 210.1078148876695 45
-651.7466918509757 155.3262684200884 45
-660.0884807719291 114.8181063778991 45
-664.573461618633 85.10061170301428 45
-666.9939292045136 63.39635955103675 45
-668.3077364658661 47.58959318874762 45
1 228 0 3
2308
2309
2310
656.9588324256895 16.62716202644671 45
663.5749017507394 21.24388247975582 45
667.8286745801586 28.09894613909289 45
1 230 0 3
2311
2312
2313
-667.8286745801586 28.09894613909285 45
-663.5749017507394 21.2438824797558 45
-656.9588324256895 16.6271620264467 45
1 232 0 3
2314
2315
2316
606.093094082873 15 45
621.5133522393576 15 45
636.9336103958419 15 45
1 234 0 3
2317
2318
2319
-636.933610395842 15 45
-621.5133522393575 15 45
-606.093094082873 15 45
1 236 0 3
2320
2321
2322
575.84785265763 26.53839337090935 45
580.2498093852993 20.44786249782 45
586.5887325077092 16.41179473370815 45
1 238 0 3
2323
2324
2325
-586.5887325077092 16.41179473370816 45
-580.2498093852993 20.44786249782003 45
-575.84785265763 26.53839337090939 45
1 239 0 39
2326
2327
2328
2329
2330
2331
2332
2333
2334
2335
2336
2337
2338
2339
2340
2341
2342
2343
2344
2345
2346
2347
2348
2349
2350
2351
2352
2353
2354
2355
2356
2357
2358
2359
2360
2361
2362
2363
2364
573.2474949400414 44.85877333328629 45
571.8834872663267 59.78525731403281 45
569.3990977381821 80.06039904312313 45
564.8668763926707 107.4728428691979 45
556.5871490296403 144.3459231674278 45
541.4683982542736 193.4863656487234 45
514.8024508065786 256.1316783288241 45
478.7572054844447 318.4596335436017 45
435.2052879720739 375.7943018742357 45
384.8295704315482 427.2367045578716 45
331.4610527376755 469.8495190143669 45
287.9963939024136 497.6776839473575 45
254.3241830958327 515.6977893036167 45
226.743129631937 528.4056710186924 45
200.4987400466463 538.9111756492969 45
173.4906980631553 548.2024969712917 45
145.4213907383151 556.3071266087954 45
110.9063081662714 564.2027922732465 45
64.10425054592082 571.4154749934113 45
6.54666663490203e-12 575 45
-64.10425054591074 571.4154749934124 45
-110.9063081662638 564.202792273248 45
-145.4213907383087 556.307126608797 45
-173.4906980631502 548.2024969712933 45
-200.4987400466428 538.9111756492982 45
-226.7431296319333 528.405671018694 45
-254.324183095829 515.6977893036185 45
-287.9963939024089 497.6776839473602 45
-331.4610527376697 469.849519014371 45
-384.8295704315402 427.2367045578789 45
-435.2052879720665 375.7943018742444 45
-478.7572054844383 318.4596335436115 45
-514.8024508065732 256.131678328835 45
-541.4683982542704 193.4863656487322 45
-556.587149029639 144.3459231674326 45
-564.8668763926704 107.4728428691991 45
-569.399097738182 80.06039904312364 45
-571.8834872663267 59.78525731403349 45
-573.2474949400414 44.85877333328614 45
1 242 0 19
2365
2366
2367
2368
2369
2370
2371
2372
2373
2374
2375
2376
2377
2378
2379
2380
2381
2382
2383
696.3646767690764 1162.760234721963 45
628.6525734236775 1201.230460679507 45
558.8494758484487 1235.761820247088 45
487.184270242962 1266.241084185146 45
413.8919487081746 1292.568310182653 45
339.212838701128 1314.657170570592 45
263.3918149948714 1332.435235392662 45
186.6774967276179 1345.844209905018 45
109.3214321740267 1354.840125726269 45
31.57727391176955 1359.393485010969 45
-46.30005291196521 1359.489357173828 45
-124.055186486762 1355.12742784749 45
-201.4331656770931 1346.321999913363 45
-278.1802660466138 1333.101946602082 45
-354.0448318272867 1315.51061681743 45
-428.7781011052877 1293.605692994138 45
-502.1350215178879 1267.459001955655 45
-573.8750537866209 1237.156279392101 45
-643.7629604519246 1202.796888730677 45
1 244 0 15
2384
2385
2386
2387
2388
2389
2390
2391
2392
2393
2394
2395
2396
2397
2398
1193.169587128487 357.0739934908087 45
1187.68504933651 417.3296620061736 45
1178.566464561205 477.1433490244536 45
1165.847214352459 536.296087060427 45
1149.573861668866 594.571328247921 45
1129.805980418858 651.7557370838153 45
1106.615937370998 707.6399714121442 45
1080.088627231858 762.0194487892491 45
1050.32116186129 814.6950954244555 45
1017.422514762824 865.4740749545313 45
981.5131221506723 914.1704943840077 45
942.7244420537239 960.6060846070441 45
901.1984730706163 1004.61085301956 45
857.0872345376064 1046.023705832534 45
810.5522100122732 1084.693037808297 45
1 246 0 15
2399
2400
2401
2402
2403
2404
2405
2406
2407
2408
2409
2410
2411
2412
2413
-765.4774131611854 1129.561568624934 45
-817.0312914136217 1091.24066159851 45
-866.0184855074396 1049.688897580486 45
-912.2368598639453 1005.077731376981 45
-955.4957038694836 957.5912417878426 45
-995.6165188035537 907.4253720433542 45
-1032.433754377057 854.7871212848033 45
-1065.795491841506 799.8936904251091 45
-1095.564070850492 742.9715859139383 45
-1121.616657486779 684.2556851054386 45
-1143.845751111199 623.9882670851541 45
-1162.15962794192 562.4180129552238 45
-1176.482719533762 499.7989797029718 45
-1186.755924595845 436.3895518870127 45
-1192.936852860902 372.4513754665274 45
1 248 0 7
2414
2415
2416
2417
2418
2419
2420
1195 94.04786569315911 45
1195 105.7458366941999 45
1195 120.9070082952721 45
1195 140.5403754615932 45
1195 165.9651298772994 45
1195 198.8895968201407 45
1195 241.5260153327061 45
1 250 0 7
2421
2422
2423
2424
2425
2426
2427
-1195 249.8575464000414 45
-1195 204.3854885401868 45
-1195 169.4905310124195 45
-1195 142.7112665060032 45
-1195 122.1601856592746 45
-1195 106.3887708844462 45
-1195 94.2950763775315 45
1 252 0 3
2428
2429
2430
1182.653668647302 66.52240934977426 45
1189.142135623731 70.85786437626906 45
1193.477590650226 77.34633135269823 45
1 254 0 3
2431
2432
2433
-1193.477590650226 77.3463313526982 45
-1189.142135623731 70.85786437626905 45
-1182.653668647302 66.52240934977425 45
1 256 0 11
2434
2435
2436
2437
2438
2439
2440
2441
2442
2443
2444
1165.55995723606 64.99999999999997 45
1153.535058499219 64.99999999999997 45
1140.964263456691 64.99999999999997 45
1128.393468414162 64.99999999999997 45
1115.822673371634 64.99999999999997 45
1103.251878329105 64.99999999999997 45
1090.681083286576 64.99999999999997 45
1078.110288244048 64.99999999999996 45
1065.539493201519 64.99999999999996 45
1052.968698158991 64.99999999999996 45
1040.94379942215 64.99999999999996 45
1 258 0 11
2445
2446
2447
2448
2449
2450
2451
2452
2453
2454
2455
-1040.94379942215 64.99999999999999 45
-1052.968698158991 64.99999999999999 45
-1065.539493201519 64.99999999999999 45
-1078.110288244048 64.99999999999999 45
-1090.681083286576 64.99999999999999 45
-1103.251878329105 64.99999999999999 45
-1115.822673371634 64.99999999999997 45
-1128.393468414162 64.99999999999997 45
-1140.964263456691 64.99999999999997 45
-1153.535058499219 64.99999999999997 45
-1165.55995723606 64.99999999999997 45
1 260 0 3
2456
2457
2458
1013.53293865321 76.22220413593661 45
1017.954775913259 70.28860575020343 45
1024.231476582331 66.36900586393823 45
1 262 0 3
2459
2460
2461
-1024.231476582331 66.3690058639383 45
-1017.954775913259 70.28860575020349 45
-1013.53293865321 76.22220413593668 45
1 263 0 47
2462
2463
2464
2465
2466
2467
2468
2469
2470
2471
2472
2473
2474
2475
2476
2477
2478
2479
2480
2481
2482
2483
2484
2485
2486
2487
2488
2489
2490
2491
2492
2493
2494
2495
2496
2497
2498
2499
2500
2501
2502
2503
2504
2505
2506
2507
2508
1010.560059169455 94.83336338772335 45
1008.957859922264 110.584975928405 45
1006.350669056115 132.2245472304984 45
1002.005678521371 161.893854765793 45
994.5997153703789 202.4756928254884 45
981.7301274289889 257.7420355670792 45
960.7433255484806 327.4099302312721 45
934.0679547810533 397.1675412859669 45
902.3354842961588 464.7748635414966 45
865.7177155850077 529.8658669156525 45
824.412899435303 592.0881448269989 45
778.6446625896297 651.1048221451613 45
728.6607970169086 706.5963790529099 45
674.7319183518721 758.2623809455423 45
617.1500007658468 805.8231050017836 45
556.226796201146 849.0210546198539 45
492.2921465274263 887.6223535194567 45
425.6921977580973 921.4180119619332 45
356.7875259951234 950.2250582331953 45
285.9511852484632 973.8875292635179 45
213.5666876993693 992.2773150209171 45
140.2845328412534 1005.258797447459 45
71.128349017652 1012.504695280977 45
-1.007973650489408e-11 1015 45
-71.12834901767054 1012.504695280975 45
-140.2845328412731 1005.258797447456 45
-213.5666876993894 992.2773150209127 45
-285.9511852484829 973.8875292635121 45
-356.7875259951425 950.2250582331881 45
-425.6921977581158 921.4180119619245 45
-492.2921465274441 887.6223535194467 45
-556.2267962011637 849.0210546198424 45
-617.1500007658639 805.8231050017705 45
-674.7319183518888 758.2623809455276 45
-728.6607970169243 706.5963790528939 45
-778.6446625896436 651.1048221451445 45
-824.4128994353156 592.0881448269814 45
-865.7177155850186 529.8658669156346 45
-902.3354842961681 464.7748635414785 45
-934.0679547810613 397.1675412859483 45
-960.7433255484868 327.4099302312539 45
-981.7301274289935 257.742035567062 45
-994.5997153703811 202.4756928254778 45
-1002.005678521372 161.8938547657872 45
-1006.350669056115 132.2245472304973 45
-1008.957859922264 110.5849759284061 45
-1010.560059169455 94.83336338772342 45
1 266 0 15
2509
2510
2511
2512
2513
2514
2515
2516
2517
2518
2519
2520
2521
2522
2523
147.2970144452487 477.8112488582873 45
140.3505143303067 479.8976277574399 45
130.9152260445611 482.5569433649271 45
118.0596822404331 485.8620292112649 45
100.5576885056959 489.7837801340418 45
76.70614234026715 494.0811347615639 45
44.20008344943261 498.0425208986309 45
-3.024507374088631e-13 500 45
-44.20008344943255 498.0425208986309 45
-76.70614234026677 494.0811347615639 45
-100.557688505695 489.783780134042 45
-118.0596822404323 485.8620292112651 45
-130.9152260445601 482.5569433649274 45
-140.3505143303056 479.8976277574402 45
-147.2970144452477 477.8112488582877 45
1 268 0 3
2524
2525
2526
156.2321193361877 475.7416622725025 45
159.9053549326557 476.736538232598 45
162.9409126531661 479.0317130077698 45
1 270 0 3
2527
2528
2529
-162.9409126531658 479.0317130077695 45
-159.9053549326551 476.7365382325977 45
-156.2321193361869 475.7416622725024 45
1 272 0 1
2530
166.1988870245337 485.8657332400232 45
1 274 0 1
2531
-165.3108568416208 483.4258903646797 45
1 276 0 3
2532
2533
2534
167.1994231657142 490.9502268528811 45
166.1929391446947 494.8184365195933 45
163.7519185198092 497.9834759220489 45
1 278 0 3
2535
2536
2537
-163.751918519808 497.983475922049 45
-166.1929391446936 494.8184365195937 45
-167.1994231657131 490.9502268528819 45
1 279 0 15
2538
2539
2540
2541
2542
2543
2544
2545
2546
2547
2548
2549
2550
2551
2552
155.0013194839791 501.597040420122 45
147.8687034593286 503.7458154042147 45
138.1103657421606 506.5081705901363 45
124.750369063652 509.9630824074255 45
106.457411819545 514.0932011500286 45
81.38356316126512 518.6537531409335 45
47.01154467873279 522.89092042884 45
8.48160901577108e-13 525 45
-47.01154467873121 522.8909204288401 45
-81.38356316126333 518.6537531409338 45
-106.4574118195443 514.0932011500288 45
-124.7503690636513 509.9630824074256 45
-138.1103657421598 506.5081705901366 45
-147.8687034593278 503.745815404215 45
-155.0013194839782 501.5970404201223 45
2 1 0 740
2553
2554
2555
2556
2557
2558
2559
2560
2561
2562
2563
2564
2565
2566
2567
2568
2569
2570
2571
2572
2573
2574
2575
2576
2577
2578
2579
2580
2581
2582
2583
2584
2585
2586
2587
2588
2589
2590
2591
2592
2593
2594
2595
2596
2597
2598
2599
2600
2601
2602
2603
2604
2605
2606
2607
2608
2609
2610
2611
2612
2613
2614
2615
2616
2617
2618
2619
2620
2621
2622
2623
2624
2625
2626
2627
2628
2629
2630
2631
2632
2633
2634
2635
2636
2637
2638
2639
2640
2641
2642
2643
2644
2645
2646
2647
2648
2649
2650
2651
2652
2653
2654
2655
2656
2657
2658
2659
2660
2661
2662
2663
2664
2665
2666
2667
2668
2669
2670
2671
2672
2673
2674
2675
2676
2677
2678
2679
2680
2681
2682
2683
2684
2685
2686
2687
2688
2689
2690
2691
2692
2693
2694
2695
2696
2697
2698
2699
2700
2701
2702
2703
2704
2705
2706
2707
2708
2709
2710
2711
2712
2713
2714
2715
2716
2717
2718
2719
2720
2721
2722
2723
2724
2725
2726
2727
2728
2729
2730
2731
2732
2733
2734
2735
2736
2737
2738
2739
2740
2741
2742
2743
2744
2745
2746
2747
2748
2749
2750
2751
2752
2753
2754
2755
2756
2757
2758
2759
2760
2761
2762
2763
2764
2765
2766
2767
2768
2769
2770
2771
2772
2773
2774
2775
2776
2777
2778
2779
2780
2781
2782
2783
2784
2785
2786
2787
2788
2789
2790
2791
2792
2793
2794
2795
2796
2797
2798
2799
2800
2801
2802
2803
2804
2805
2806
2807
2808
2809
2810
2811
2812
2813
2814
2815
2816
2817
2818
2819
2820
2821
2822
2823
2824
2825
2826
2827
2828
2829
2830
2831
2832
2833
2834
2835
2836
2837
2838
2839
2840
2841
2842
2843
2844
2845
2846
2847
2848
2849
2850
2851
2852
2853
2854
2855
2856
2857
2858
2859
2860
2861
2862
2863
2864
2865
2866
2867
2868
2869
2870
2871
2872
2873
2874
2875
2876
2877
2878
2879
2880
2881
2882
2883
2884
2885
2886
2887
2888
2889
2890
2891
2892
2893
2894
2895
2896
2897
2898
2899
2900
2901
2902
2903
2904
2905
2906
2907
2908
2909
2910
2911
2912
2913
2914
2915
2916
2917
2918
2919
2920
2921
2922
2923
2924
2925
2926
2927
2928
2929
2930
2931
2932
2933
2934
2935
2936
2937
2938
2939
2940
2941
2942
2943
2944
2945
2946
2947
2948
2949
2950
2951
2952
2953
2954
2955
2956
2957
2958
2959
2960
2961
2962
2963
2964
2965
2966
2967
2968
2969
2970
2971
2972
2973
2974
2975
2976
2977
2978
2979
2980
2981
2982
2983
2984
2985
2986
2987
2988
2989
2990
2991
2992
2993
2994
2995
2996
2997
2998
2999
3000
3001
3002
3003
3004
3005
3006
3007
3008
3009
3010
3011
3012
3013
3014
3015
3016
3017
3018
3019
3020
3021
3022
3023
3024
3025
3026
3027
3028
3029
3030
3031
3032
3033
3034
3035
3036
3037
3038
3039
3040
3041
3042
3043
3044
3045
3046
3047
3048
3049
3050
3051
3052
3053
3054
3055
3056
3057
3058
3059
3060
3061
3062
3063
3064
3065
3066
3067
3068
3069
3070
3071
3072
3073
3074
3075
3076
3077
3078
3079
3080
3081
3082
3083
3084
3085
3086
3087
3088
3089
3090
3091
3092
3093
3094
3095
3096
3097
3098
3099
3100
3101
3102
3103
3104
3105
3106
3107
3108
3109
3110
3111
3112
3113
3114
3115
3116
3117
3118
3119
3120
3121
3122
3123
3124
3125
3126
3127
3128
3129
3130
3131
3132
3133
3134
3135
3136
3137
3138
3139
3140
3141
3142
3143
3144
3145
3146
3147
3148
3149
3150
3151
3152
3153
3154
3155
3156
3157
3158
3159
3160
3161
3162
3163
3164
3165
3166
3167
3168
3169
3170
3171
3172
3173
3174
3175
3176
3177
3178
3179
3180
3181
3182
3183
3184
3185
3186
3187
3188
3189
3190
3191
3192
3193
3194
3195
3196
3197
3198
3199
3200
3201
3202
3203
3204
3205
3206
3207
3208
3209
3210
3211
3212
3213
3214
3215
3216
3217
3218
3219
3220
3221
3222
3223
3224
3225
3226
3227
3228
3229
3230
3231
3232
3233
3234
3235
3236
3237
3238
3239
3240
3241
3242
3243
3244
3245
3246
3247
3248
3249
3250
3251
3252
3253
3254
3255
3256
3257
3258
3259
3260
3261
3262
3263
3264
3265
3266
3267
3268
3269
3270
3271
3272
3273
3274
3275
3276
3277
3278
3279
3280
3281
3282
3283
3284
3285
3286
3287
3288
3289
3290
3291
3292
1030.392310137975 -1212.147992593135 0
1154.292577590406 1098.431629546212 0
1552.688148082982 -1242.638972559932 0
-1545.487742629731 -1089.441933235464 0
-1549.844002319126 1238.36573757497 0
-1239.700581945758 -1550.155939378416 0
-1240.484581149698 1547.873472857305 0
1087.867445713051 1541.094565579446 0
-925.5380912804119 -1300.66885879075 0
-925.0773314144532 1294.074129926114 0
1551.293896799235 1242.181222669219 0
1151.665410644459 -1102.150721715643 0
-1253.18732524279 989.9539619253769 0
915.4706475463963 -1344.091463254112 0
1245.6587029195 -1542.186087147424 0
1266.052141465992 -974.5870736986839 0
1381.779415554268 827.2879620971888 0
-1546.753169287324 919.280345084115 0
-1371.900428257662 -871.81276112007 0
926.5971567220066 1349.390538562181 0
-641.2404795553255 -1551.744390160785 0
622.3243476733863 -1548.34786947284 0
-732.6348824521499 1569.706634484461 0
617.316902146015 1511.861676885622 0
1437.804949265302 -684.0179131714571 0
1551.476433862806 -1093.699907928935 0
-1090.101939843485 -1554.066353015583 0
-930.4095671008613 -1530.20703896301 0
-1085.314740820862 1551.117809568141 0
-1530.935183941409 -613.0184354793539 0
-1557.5886545661 767.420148209323 0
775.6266273812831 1547.28665401098 0
766.5466128126668 -1546.751392436481 0
923.7955201616539 -1534.726251443275 0
-1539.848732240147 -762.0807251480612 0
1411.157351660773 638.0071867415085 0
-550.7582594741823 1496.354989183095 0
-1447.32951832338 625.4832619613254 0
1549.352557360702 792.9302479205194 0
1554.988318307232 943.219496472213 0
1532.991797160882 -515.5795586352917 0
1557.624771593555 310.7842237397861 0
-1538.61100606538 -461.8081177294166 0
-1528.235091569078 494.4188526023143 0
-399.8428087849924 -1537.188884466902 0
-417.3940111240747 1534.632552155088 0
1547.470190464893 -1546.33268326573 0
-1547.320558200922 -1394.085284909875 0
-1547.516763118666 1545.63409325308 0
1395.006039238605 1546.157204681147 0
-1546.17025567344 -1546.586173742111 0
1547.227092167504 1546.068390589501 0
457.6138176720999 -1518.985915951557 0
275.1869120444661 1561.703028627014 0
-1036.706795816825 -1199.369775992213 0
-1039.837103481735 1195.261563214157 0
-1256.640335926805 -986.3358349452786 0
-664.9367426952189 1452.977900304619 0
-1555.222031686806 -309.1833121679657 0
-1553.483274729568 314.0143223675039 0
1567.226425699244 -157.6286212821065 0
-259.958251752829 -1563.193452366531 0
-272.5799693463687 1564.555101704371 0
288.360078305678 -1557.07721622522 0
-516.0564467758702 -1530.710904857376 0
-655.775507214352 -1441.856486295562 0
-1566.879062256118 -154.9629207111783 0
-1566.551998739479 155.9762069833806 0
1567.906937076524 155.2129555959638 0
-85.67781303731293 -1593.039203310187 0
-134.3490457536751 1599.257516486254 0
179.934338036768 -1568.515336653822 0
20.90245059726677 1575.459249840767 0
-1417.654443204192 753.1738475827286 0
1561.217946645484 -752.5985039971629 0
-1416.852512089007 -750.121341395715 0
1549.058948052861 468.3597142927457 0
-793.5991266138619 1384.606279731221 0
-788.7396373819907 -1415.255315719072 0
1410.934271499382 -1247.846697493245 0
1443.683897564987 955.5631381928092 0
-1066.295854369835 -1402.44244862924 0
-1246.360000409556 1393.678164548043 0
1043.290178610126 1206.463816268436 0
1362.211094469657 -833.3809910238218 0
-913.3822968376619 1522.873663217329 0
1514.899448399289 -932.2160270597824 0
-1549.981249173937 1391.942749253823 0
1550.380103197548 -1393.759821849926 0
1242.69162353099 1544.983952986755 0
-1547.625294200399 -1242.369306190623 0
1396.571634100315 -1546.161238835811 0
-1395.066483617886 1546.105081175259 0
1549.654575507636 1393.638621270023 0
432.0407634576409 1543.724422729542 0
-1524.393972375552 -925.6543075605114 0
928.83776308155 1539.348743005407 0
1088.466990115607 -1534.047781132256 0
1552.446854178667 1090.24353462521 0
-1545.283570150477 1080.492405391779 0
-1392.79378790488 -1547.948651002453 0
-1150.807665623723 1096.822931877036 0
-1147.563778965162 -1100.083983538115 0
-1063.752061113103 1397.29278575133 0
-1425.335618349778 -972.2965955589531 0
1554.023280718305 -319.20425278481 0
-775.1450525784895 -1558.930320927984 0
634.3834334852139 -1438.224277600002 0
749.4964977048141 1414.545969362092 0
1110.5523090708 -1348.411301258851 0
740.8832931976455 -1404.578961514859 0
-595.1816966588835 1607.314226681201 0
128.3094146438072 1571.258146987283 0
1396.386634382651 -1091.091324591533 0
-1570.798625180479 0.2286039127749895 0
1571.665375052149 -0.7387901588464407 0
1598.786755150261 -635.8371657999794 0
1263.289458436669 976.4680950755414 0
1549.056228420065 630.9891769813578 0
-1564.982017585651 630.3341008540738 0
1262.560313227769 -1231.580229646268 0
45.60817812011626 -1577.773336205789 0
-1241.931575091667 -1398.311552033051 0
-1374.92770411857 1087.122250377885 0
1258.264957852339 1225.166607291465 0
-1378.95259291289 -1096.069577995555 0
1403.959426955266 -1394.702679724517 0
1104.096524520889 1387.691293975832 0
1400.918187147534 1394.530671057047 0
-1395.712100062949 -1396.563265367421 0
-1406.299957781728 1243.294856658004 0
-1401.064990913451 1392.567503154356 0
1408.058938623358 1247.239885331794 0
1261.390177310333 -1390.446481640522 0
-1119.924919204069 1269.081019121212 0
-1115.100570708225 -1274.659973757831 0
1389.085189716777 1089.764479541768 0
1251.942132794812 1393.113429698431 0
-1247.198991609928 -1228.129834030669 0
-1400.41529949948 -1249.336978932828 0
-1374.729202729057 899.7361999515228 0
1128.956078549683 1276.42138828333 0
-1253.861351372079 1222.150911233291 0
1181.438641753771 -1282.090840332471 0
1265.983244325279 -1319.302940898014 0
1193.036877073845 -1379.750653807778 0
1212.68181442601 -1325.892049508873 0
-419.5652609155134 -1606.018559231437 0
-499.5970319234612 -1603.306371823076 0
-458.7957855986033 -1527.960989878738 0
-459.4340755206096 -1582.595310299984 0
-1346.315886637601 748.3780538280035 0
-1403.794689909927 818.5043408651997 0
-1308.328584612113 831.1851673789901 0
-1350.1062011207 799.4973830032588 0
975.0615057274895 -1266.09951733999 0
1071.120586847087 -1269.150181126126 0
1013.770499614344 -1358.590095165965 0
1019.387590502685 -1299.329012882632 0
-1451.148059724264 -887.5209610492416 0
-1402.410582875649 -942.661715784864 0
-1462.499811013036 -962.8298380317026 0
-1439.764925937679 -929.6693899629975 0
1409.364979201763 -1177.976920092779 0
1344.546319786641 -1245.465418217054 0
1320.941075612814 -1152.832562377439 0
1357.565122341782 -1191.275810088528 0
-1474.752136056222 565.583724450303 0
-1557.77677149061 567.8284234562851 0
-1505.762311890835 632.0968696600823 0
-1512.998065581359 586.424400200461 0
-1304.24528575333 1038.598254328636 0
-1303.321192456055 943.3779548210123 0
-1386.355701239518 993.8670889810985 0
-1332.618447346489 992.0433552089946 0
-869.3546154693307 -1464.541369692847 0
-778.1505071268059 -1494.607891099172 0
-843.6798335150747 -1553.198100096587 0
-830.7225297588072 -1503.06324824278 0
504.9503311124588 -1439.719374744817 0
411.537203817183 -1450.416570824436 0
460.1298261186449 -1421.375755869167 0
-1307.10646546002 -1155.198194006425 0
-1330.963851556093 -1246.438196074867 0
-1397.056376710491 -1179.890599281851 0
-1344.010177508536 -1192.955050538254 0
-1018.256742886767 -1550.036242105546 0
-1086.753390323533 -1485.311741933945 0
-990.249776828814 -1460.633670926641 0
-1031.084144861855 -1497.544680183571 0
1358.137953512695 629.7943894328027 0
1408.657876148532 560.4072525653688 0
1369.768833595094 573.7075104418875 0
-119.5960541088239 -1645.396044338411 0
-42.06673338129676 -1645.620569428599 0
-79.79186680835343 -1663.899525681237 0
-534.4913566285894 1635.798641030126 0
-611.7617900663075 1654.64712162462 0
-561.1908220141037 1665.451423061568 0
-73.69293395364639 1632.858407187588 0
-149.4630118899048 1651.298505882537 0
-98.77907936323597 1663.09849671774 0
-1009.517613520528 1545.92825853427 0
-981.2793146758069 1453.379056577965 0
-1082.178003812305 1481.200767216121 0
-1023.145044333209 1492.512232677097 0
704.5372419145109 1541.661029142798 0
769.9903094471026 1479.470536051092 0
684.9537764375413 1450.047025501609 0
717.7685155202673 1490.730551272695 0
-538.6559264983586 1434.857437367203 0
-616.629957165968 1404.423990186004 0
-608.8605265109391 1477.811861750757 0
-586.63621534084 1436.528774107899 0
1542.953413524078 -1021.851039656486 0
1482.055474151416 -1096.50152901787 0
1445.956774497115 -1004.990966268071 0
1489.395731202829 -1040.148617186667 0
-1400.14313885083 1172.527432795805 0
-1337.56090600712 1240.343046382304 0
-1310.108531593954 1149.162013747043 0
-1348.246622342944 1186.241388728236 0
1340.459193045512 1243.531289665897 0
1405.750993532476 1176.803892208955 0
1317.19967208838 1150.704765245159 0
1353.603844882745 1189.374015194596 0
302.116645962356 -1626.846898479752 0
364.1877310531044 -1544.356822515085 0
460.1245310032683 -1616.610682160333 0
378.752086470355 -1620.977640748436 0
-1162.209011292681 1549.677316542508 0
-1238.40742450577 1624.031177011833 0
-1083.224172032224 1624.119297525788 0
-1160.890851568928 1624.594825361248 0
-1546.433525174974 1622.787178795003 0
-1623.726232470966 1545.544769656203 0
-1623.215460189297 1622.758637211977 0
1471.104354301425 1546.255056380765 0
1392.84817226532 1622.928465591584 0
1546.31061979521 1622.949075739945 0
1469.587928209495 1623.013024615745 0
1623.58780847938 1545.813104219168 0
1623.147237758179 1622.863637595777 0
170.5188184494219 -1612.977619684767 0
223.1033746636998 -1564.484473592494 0
232.313506427879 -1627.983621331274 0
548.6859778484342 -1538.683141403312 0
619.2844372074376 -1622.54935423473 0
541.553735323265 -1618.57338298996 0
-1616.487071030698 -615.323016463001 0
-1535.395667924472 -687.9345968376886 0
-1619.032176570429 -768.068850866081 0
-1617.707392222025 -691.594915445925 0
-1546.729781128289 -1470.210613079024 0
-1623.0625006366 -1546.027323780891 0
-1623.540183021676 -1392.492205577161 0
-1623.317205211502 -1469.211886485038 0
1626.085773904053 -1239.6358408568 0
1552.791802905039 -1167.486921265765 0
1624.151163419781 -1087.502513093084 0
1625.89744068919 -1163.513616368192 0
693.585693998397 -1550.512250814396 0
770.4736677096691 -1622.727204045432 0
694.7846083618888 -1623.884868526513 0
843.3189754454886 -1540.304646187194 0
925.9370277884545 -1618.087200280901 0
847.483984982538 -1620.310510456208 0
1552.629969017774 869.595741407809 0
1626.614394653615 935.2466283726977 0
1624.784451743365 782.252786242477 0
1625.90265706536 859.258302587411 0
-1545.797029433202 -1623.256615347168 0
-1622.89007225702 -1622.994447580754 0
1546.412632907201 -1623.093942430209 0
1623.643808063285 -1545.949615127624 0
1623.177185005334 -1622.941694870491 0
-1551.608397363889 841.6335070592 0
-1628.61312376795 770.8665815184138 0
-1623.855230906211 923.791073226421 0
-1626.015093336577 846.5601167177914 0
-1163.619630296206 -1552.183198516504 0
-1086.106690380299 -1625.781761476217 0
-1238.271967478979 -1625.178122937368 0
-1161.938870326955 -1625.911293664944 0
774.4538479745231 1621.598627266397 0
615.2395441109092 1613.381387948938 0
696.8525130156801 1617.678761118342 0
-929.1900132158381 -1621.433713295474 0
-1008.871507100308 -1623.199892455358 0
1204.293374057211 1154.155203798033 0
1097.76731291949 1152.455094080263 0
1093.670677906095 1248.466003849024 0
1175.65847600333 1257.905952601138 0
1144.188794815733 1202.831801728563 0
-1471.554345851081 -1395.623185751484 0
-1547.840686336225 -1318.279534810557 0
-1472.679570191987 -1246.031459233438 0
-1398.079299296267 -1321.635381540612 0
-1472.639565982027 -1320.499608106358 0
1093.961207420391 1462.596665574613 0
1165.896160330632 1543.482136720883 0
1247.104309832044 1468.649600887006 0
1178.027441635834 1392.382851574728 0
1171.317447718071 1466.734545055077 0
515.9455022410147 1530.643250716669 0
449.1781451271671 1621.303438542252 0
531.1414139602018 1615.490793722935 0
1548.948216534465 -1469.865548087223 0
1624.990293070895 -1392.418093662405 0
1624.352716847963 -1469.101408151518 0
-1469.485974526992 -1547.281313282426 0
-1391.826550479166 -1623.959022379934 0
-1468.804330284378 -1623.602928973282 0
1625.011920480608 466.2999389412724 0
1548.839467602734 549.2165608102837 0
1624.307426203795 624.6509931518292 0
1624.494201926999 545.2763736109579 0
1319.032130880977 1545.842473933113 0
1239.28460212963 1622.27754599546 0
1316.177417420153 1622.746640505578 0
-1318.14036461122 1546.738962917711 0
-1392.819295056285 1623.073971526131 0
-1315.737110320661 1623.455207457108 0
1240.459823133489 -1620.887230375464 0
1321.480172982871 -1544.875813624674 0
1393.58199883138 -1622.87166196232 0
1317.264315632318 -1622.157126414114 0
-1622.348890731208 -1085.094092599829 0
-1546.64620389385 -1166.112813010593 0
-1623.611674382804 -1239.228190837893 0
-1623.20393049756 -1162.391733381688 0
1625.428539741463 1239.315284066306 0
1550.810409377138 1317.914399654982 0
1624.681979551415 1392.324599846547 0
1625.191064190488 1315.805148069556 0
-1548.818475489076 1468.702752323807 0
-1624.776658109869 1391.405896717506 0
-1624.320057145378 1468.450260504552 0
-1537.941386874638 -837.6286106498018 0
-1617.60627782203 -926.2701478106949 0
-1618.024327640465 -846.0199274457282 0
1554.617949508922 1015.857786720802 0
1626.167121845699 1086.483166931384 0
1626.760827850105 1010.638873969752 0
1006.401110981691 -1532.551576677134 0
1084.545266988162 -1617.607730612828 0
1005.315284849891 -1617.103000412852 0
-1624.552036386057 1237.077707969286 0
-1547.671448207564 1160.265430373394 0
-1622.915101402063 1080.901781190342 0
-1623.754598020189 1159.302690998227 0
1084.431496788694 1620.560632695283 0
1008.771734808119 1539.048322950027 0
928.4553609221905 1620.34374973211 0
1006.474198354215 1619.996912036861 0
1615.412966707134 -928.4655071101645 0
1619.218769982908 -1009.880704896564 0
1302.686578329552 783.9347647915896 0
1208.045718995044 925.2515706802246 0
1316.017067545167 908.6294340552331 0
1257.937856229871 857.8319365929539 0
857.7815325131496 -1264.524892381727 0
816.8407185676106 -1379.718560829275 0
713.1603294668741 -1340.675955537859 0
785.0026134948732 -1307.125186334449 0
1102.856687838159 1046.401912798181 0
990.1623318994718 1156.902986277159 0
1047.165518958496 1102.100962708671 0
1208.464424221841 -924.5243335854979 0
1300.205058507026 -789.4695440521616 0
1316.910694443327 -905.3626213036578 0
1256.441668956146 -858.2679539290673 0
1445.256871646769 -486.153551036788 0
1483.394969794829 -317.0882459127084 0
1544.479054305094 -406.4192619508436 0
1468.168250532286 -400.4815633403106 0
1397.788902568788 1470.06543118656 0
1326.502319773392 1393.713038307628 0
1322.572791904785 1469.595471817833 0
-1162.366163470918 -1400.720434654022 0
-1240.434494772484 -1474.628284279161 0
-1162.164768686256 -1477.479236992379 0
1548.802340485754 712.6325474900002 0
1624.428506476013 703.7888970368321 0
-1544.710243209777 999.6126903463538 0
-1622.87012058589 1002.196300011352 0
1629.109046537461 -767.2945199175958 0
1540.967260369913 -830.8788414780126 0
1620.226738251785 -845.2431430750418 0
-1623.721476514614 -1315.900467518603 0
-1471.441705025047 1545.849357093454 0
-1469.70505778855 1622.909202933385 0
1471.960253727359 -1546.485233387118 0
1469.996167512569 -1623.116340410275 0
1168.39101614001 -1537.969503919605 0
1163.060087312607 -1619.114357098744 0
-1550.590616175922 1315.340189344829 0
-1624.951003918681 1314.367685828045 0
-1562.77667703828 697.0438041189639 0
-1630.347414765098 624.509585755938 0
-1630.558182251601 697.0042137896886 0
850.2234832584978 1543.291154236458 0
850.956893591966 1621.473017276283 0
1548.458265191586 1469.667397085603 0
1624.162107122224 1468.987329645024 0
1551.56668548715 1166.001677173076 0
1625.777981983246 1162.735632947283 0
-1541.495269423755 -1012.603694161606 0
-1619.61841056613 -1006.709178911538 0
1551.881300710838 -1318.054759844438 0
1625.698106508905 -1315.929254734588 0
-1316.186292043213 -1548.883424022866 0
-1314.960309733252 -1624.490493678224 0
292.8643668540735 1630.381101980663 0
352.4545883598363 1553.863352497316 0
370.1670370992104 1626.388619577235 0
1162.128976088672 1621.534643510046 0
1475.24244112736 1394.507781135813 0
1473.103049906271 1470.094060912305 0
-1082.550574519356 -1243.423228941709 0
-1162.982607640131 -1258.854837553324 0
-1194.851784435268 -1156.478399284113 0
-1091.208292209192 -1150.643456354758 0
-1134.37343720174 -1201.933151774529 0
-1086.65721600885 1238.300604069922 0
-1095.046273563166 1146.913243138399 0
-1199.529428977247 1151.690689603555 0
-1168.586712139079 1253.132094552974 0
-1139.274489836541 1196.973046520973 0
-987.3401032942973 -1151.879114429383 0
-1099.458705970997 -1047.203627793719 0
-1043.940859279978 -1100.658449023972 0
-1394.062404793779 -1472.164239878997 0
-1470.433590723212 -1471.278117298022 0
-988.8587765192431 1149.641618326241 0
-1100.830359335247 1045.746466627242 0
-1045.700107890728 1098.739948412092 0
-84.63256116126891 -1515.322932825764 0
57.03694767567093 -1534.123615079294 0
-2.318467542645717 -1581.154837736283 0
-8.388690993684023 -1518.921647942497 0
-774.5655429707806 -1627.704505053968 0
-850.0346014825128 -1624.443507588029 0
-1203.403966814676 1043.331074170063 0
-1256.082968725937 1096.891449330819 0
1407.75565965527 -1320.138691688579 0
1331.882672096301 -1393.374669750077 0
1336.475957441395 -1318.40373532337 0
1480.519592242881 -1245.416673983355 0
1479.993093180971 -1170.715873799751 0
-1397.808548610793 1469.281428890787 0
-1475.609008137414 1392.47943609501 0
-1473.439867009298 1469.033464604115 0
-1476.439522141513 1240.677565397345 0
-1465.978101298647 1081.757389747465 0
-1471.541527218441 1163.290067637253 0
-1242.639591810251 1471.171853616826 0
-1324.685757872535 1392.649798725181 0
-1320.912259325109 1469.927667164249 0
863.7476208458488 1266.403226730544 0
989.9840284170414 1266.325033058635 0
930.4322856208398 1212.592174152207 0
1376.580108552213 -645.0632804702504 0
1401.500718566642 -759.2900049512557 0
1339.759414961513 -718.3524432634698 0
1502.898467491134 -157.5106042195935 0
1561.64698396707 -237.1482434785743 0
1494.744648690025 -236.5458257247925 0
1478.36396871998 1244.882180330651 0
1404.623439881611 1319.66400392826 0
1477.328315095621 1319.396230060508 0
984.4770404901656 -1158.309427685 0
1101.165290088968 -1047.689633524364 0
1090.64435854201 -1159.424332056667 0
1043.415389789403 -1104.316099992525 0
1209.709916627137 1039.614695015485 0
1156.440771494569 987.5556196092202 0
1210.394113272975 -1040.417988915167 0
1156.328640858332 -987.8189284534275 0
1400.727033703977 720.8436245379262 0
1336.293696248759 704.4268507623759 0
1486.178038173329 311.2085349529564 0
1563.287828549988 233.0015013291384 0
1503.373843137647 155.831255437575 0
1495.920222407848 233.6435229285384 0
923.9428189888183 -1212.46374406049 0
1476.852910157961 -606.9885316885237 0
1412.727055948795 -568.3846587207852 0
-1319.291490894313 -1397.060285334787 0
-1317.502328816027 -1473.170186101206 0
1570.458148410623 -78.93690088880138 0
1509.397051045087 -0.4919473998404937 0
1507.686476315354 -78.86689542053192 0
1476.876758411207 -1394.643032481549 0
1479.275059956427 -1319.663973707288 0
1400.296720223247 -1469.995477764819 0
1474.432751741105 -1470.259661458421 0
-1626.232827784528 312.3809886048821 0
-1561.182059755532 234.4119824870738 0
-1632.731927416508 155.3780471146429 0
-1630.035278546003 233.4468167682992 0
-1561.941151664551 -232.2599206269431 0
-1627.332849507474 -308.9777192384411 0
-1632.963338350288 -154.6621800768537 0
-1630.558323312987 -231.9188844383956 0
1252.972630488048 -1464.482086784501 0
1095.814412159761 -1447.90215832976 0
1177.134920605113 -1456.336570639516 0
-630.4458513899733 -1624.353310197256 0
-707.6967039400477 -1557.501959621728 0
-701.9071058020569 -1627.472631556354 0
716.4561723959602 1347.978359829552 0
825.3038705856993 1385.130082436788 0
789.7532994815588 1310.696057913262 0
1326.696224388659 -1468.365851711971 0
-1310.714656123582 -1039.801300422582 0
-1203.115242093822 -1044.476405584199 0
-1255.284598042027 -1100.444492739585 0
-1620.859643241461 474.6713178074742 0
-1543.110688861962 396.9812801231486 0
-1621.803065443095 393.4383092248736 0
-1547.080760863921 -385.7564156220139 0
-1619.793074961865 -462.5322639958707 0
-1623.529872379802 -385.8896522177703 0
-1203.720604611051 934.5219531375022 0
-1153.187241591492 990.5127361497769 0
-986.1175365888797 1342.815920639926 0
-983.5675744613955 1244.160692124658 0
-1100.125190198163 1315.257198463713 0
-1038.811897023163 1286.644801786073 0
-1204.634238162823 -931.3181602576183 0
-1153.055714371672 -990.4638231607172 0
-1403.904957480855 1316.69268391715 0
-1476.869939754504 1316.400489075017 0
-1467.416510293953 912.5568228286846 0
-1464.195398494592 996.8014136473726 0
-201.2179467017885 1578.849011707286 0
-110.6906456267033 1538.198907905401 0
-253.6850862901574 1497.163635446133 0
-180.3701553313427 1512.613309363483 0
-179.7067655652193 -1574.499568819069 0
-244.9997993627108 -1495.926590384225 0
-165.8217698978389 -1507.517866901383 0
1255.923134885592 1316.795448993847 0
1331.166211643402 1317.309619518376 0
-1244.497368796861 -1320.572655759922 0
-1322.514638874541 -1320.298590589805 0
-1468.753305078458 -1094.061099138562 0
-1470.202453191788 -1170.746179123586 0
1326.669044064642 -1028.286646625867 0
1203.486100373399 -1161.48351634677 0
1266.734342486164 -1097.105985548736 0
-1625.872554586718 551.7301383369274 0
1570.673889566531 77.33856077470276 0
1507.854451131032 77.78445751889826 0
-1532.199097363505 -537.6387783843127 0
-1617.17890861807 -539.0747929684228 0
-1163.936444796271 1395.999938377186 0
-1161.600932931659 1473.827237309525 0
-661.0149996202987 1587.784875738509 0
-755.0759060525381 1634.249478589504 0
-680.4645856344283 1644.077338679148 0
-867.9850286088225 1245.826005373315 0
-929.5791247632767 1198.619805922088 0
-982.4303308245475 -1248.784078017831 0
-867.6964467442129 -1249.988993799192 0
-928.8210422694377 -1201.357520311811 0
-1254.761136166811 879.9662575768676 0
1641.029769369148 -628.0360288752944 0
1575.786694545259 -594.0155375233313 0
1624.638282308503 -483.9221751502736 0
1634.328628320971 -560.5278701113268 0
-1467.056372777315 -755.1154065473701 0
-1398.61340472806 -794.0825345165542 0
-1463.71429251914 -821.7184339352528 0
1582.755896017037 -682.7229845208058 0
1638.467353836222 -694.3212331551986 0
1430.046162052501 -878.7201605253548 0
1381.750116117159 -955.4590937606857 0
1552.214391327102 389.0029999325338 0
1470.670785034579 469.2281959015924 0
1475.694878438103 389.0113377028009 0
1633.635436432665 154.8373141533491 0
1635.418191989706 -0.480654709671383 0
1634.958668472972 77.23026135949576 0
-1487.083170415353 761.585771223003 0
-1476.351866262072 833.8899165861043 0
-1308.44182079777 -928.4129169517432 0
-1409.265636765009 -1015.166211835194 0
-1357.884889524178 -981.5251396766071 0
920.3446932993365 -1447.869184582382 0
1009.084268040471 -1444.526963990089 0
-1250.344327937604 1315.112850699806 0
-1328.699634700382 1314.999474946989 0
-1502.686940245416 -155.6647424435611 0
-1569.842622540015 -77.46237580126581 0
-1508.841702026911 0.1549337258118193 0
-1507.309269303272 -77.86361050734779 0
-1502.455367645355 156.3775266013456 0
-1483.02132728629 313.4497742580548 0
-1494.419364240132 234.6544716152548 0
-1484.372023899307 -310.0786669078481 0
-1494.975315091363 -233.1354721171436 0
571.182965923972 1421.844798370264 0
645.4323211148093 1385.61246821615 0
758.0128941541623 -1473.514019725565 0
628.4636780983535 -1482.566846888379 0
677.1137504236386 -1424.483878729168 0
689.874484378951 -1483.315864850199 0
1633.158517935591 -156.4556942661211 0
1634.790929882918 -78.29720191505884 0
-1300.328854326948 -807.0135646819797 0
-1254.41648364685 -870.3491447481614 0
1473.764788578644 805.7048987647065 0
1420.592060069998 910.8804191752038 0
1489.906656932635 950.294977043172 0
1483.184216052485 882.8398936576529 0
1319.922352598196 1029.825469974425 0
1264.167554392365 1095.088617491226 0
-333.9104337916118 -1550.97495742736 0
-391.756955262693 -1467.348385913272 0
-320.4467725294878 -1482.376085842823 0
-345.5776301426274 1551.147389570855 0
-401.2578855327536 1464.778768281408 0
-327.9839633442633 1482.146502652819 0
1137.390803253911 -1219.98634467127 0
-849.2486632178733 1445.108798156702 0
-860.8384363150963 1341.55326198794 0
-921.1295297821561 1397.249721136378 0
-1430.051337966821 688.9033762715359 0
-1496.595463392232 694.4510645267882 0
-1634.874159432118 0.1549819181729966 0
-1634.416705808949 -77.30577669097006 0
199.8838977442389 1567.375074291061 0
143.6856828459987 1634.927682900876 0
216.9977601455994 1633.226537315749 0
-736.6593125451332 1330.595309682563 0
-803.2192905563911 1290.087654848857 0
-862.5066260479557 -1354.000973564309 0
-732.8060162831132 -1339.346378437633 0
-802.3796326630622 -1297.38543751496 0
1478.214015498847 1091.491612680283 0
1477.292068010393 1169.001226566874 0
-577.000569171127 -1541.837066406603 0
-561.2346717808311 -1618.392353359891 0
-919.4214258639333 1619.081417829964 0
-1003.359753287163 1620.952995053364 0
-811.6502961779943 1550.151753814281 0
-834.8854487342201 1624.81636161509 0
-1569.710847544763 78.02503491623241 0
-1634.328758021354 77.69761747199541 0
-1444.294141131013 473.5454934530187 0
-1467.32108516767 393.8487935288411 0
-1456.203055672142 -461.9450599227533 0
-1471.140443561501 -386.3990825341552 0
1026.732065544023 1374.85385293628 0
928.0242633305045 1454.699800614127 0
1013.360887680246 1456.51184252089 0
1423.218935002306 1003.386767294577 0
1485.791348552381 1016.957936044819 0
835.2662369778475 -1459.379972540076 0
-1097.950925729175 -1320.604410532634 0
-987.9444051352154 -1349.514099663757 0
-1037.399093837181 -1291.990694728809 0
-572.2780771423089 1554.149001899554 0
-438.0752071948382 1607.124167860361 0
-486.797412226447 1514.912018070239 0
-507.3632796933175 1580.422230670585 0
-1507.2213735534 78.25495749556045 0
-702.2863306694534 1508.899970889931 0
-726.3066890189659 1421.678255030929 0
-773.8324296822129 1481.745413305985 0
-1385.791317740041 -701.285794020077 0
-1339.666879099884 -745.0306199534011 0
255.4025593063189 1494.812118350553 0
105.8767823675473 1508.744507415633 0
179.3909661098183 1503.068460417924 0
1626.692603555645 -315.7845482820881 0
1630.375686005017 -235.2800801455405 0
-472.5468293649764 1446.026870215357 0
-526.4639001536577 -1453.990680105218 0
-459.9781345942886 -1454.648048116587 0
1628.934418261637 310.0534311185483 0
1631.470539696884 232.4208240048326 0
-650.0157926486638 -1486.883069498552 0
-615.09795123351 -1411.592578188369 0
-590.500805047119 -1471.163679262159 0
-927.7955238133807 -1408.847655271307 0
598.9500543176118 -1408.346569071224 0
567.4646072687655 -1465.832668110616 0
844.0980342094324 1464.498402730111 0
-701.8753597281365 -1430.618923541701 0
-664.837230356692 -1373.034645274711 0
-670.9796467848411 1367.492661407925 0
410.9534312216621 1468.597952678315 0
491.3600188972674 1449.26397496611 0
-1440.020807946948 -612.6208876708928 0
-1442.38210499655 -536.9650159959416 0
1626.573260510577 387.9357348508788 0
-1383.499514221977 616.5020097845438 0
-1413.770937059873 547.8503659156858 0
332.5904611999851 1483.379378554579 0
264.5581870373296 -1491.92166350154 0
339.5002618570002 -1475.897454245555 0
-636.088875731052 1531.852368158221 0
64.36588834241553 1573.739481768496 0
12.39609001342716 1618.4478824176 0
74.9607939247153 1633.534914662756 0
1476.598695475372 635.9956063613791 0
1474.210399591453 552.5003182190389 0
1623.108355320154 -399.4746249566902 0
-1358.619840361312 683.3030709361099 0
82.69914266765545 -1617.831520901252 0
28.82166173703605 -1638.51991670865 0
145.2374375412188 -1528.052532899663 0
196.680049590007 -1504.551345754342 0
-291.1260112937002 1632.257777390638 0
-365.327746042229 1623.453677010145 0
-282.2238442135535 -1631.317749467625 0
-356.3088746229513 -1623.147710915666 0
1117.938331165916 1321.367414905981 0
1054.779458723714 1303.642568165632 0
-202.9255755383903 -1638.26084434969 0
-218.103750268646 1640.625919600159 0
1499.246787691983 -721.8678033414066 0
1468.040464020199 -799.0673377581082 0
-711.465318446937 -1491.9592308354 0
-1454.731601755894 -687.1191543956953 0
-14.21761868344313 1534.197033628982 0
-47.10812184820272 1580.702149376118 0
114.1564153728068 -1573.370970770388 0
1473.935220603565 720.3678086873435 0
38.3915815262496 1514.505753678729 0
-1470.186065667564 -1020.93160289516 0
648.8584232831379 -1370.658131459182 0
1183.306819282349 1321.655846241767 0
-1167.348451257717 -1325.488681791919 0
1532.850027957248 -650.2063462027529 0
-1171.249201705474 1320.140190948089 0
1369.553958089333 963.0715980467193 0
2 2 0 1655
3293
3294
3295
3296
3297
3298
3299
3300
3301
3302
3303
3304
3305
3306
3307
3308
3309
3310
3311
3312
3313
3314
3315
3316
3317
3318
3319
3320
3321
3322
3323
3324
3325
3326
3327
3328
3329
3330
3331
3332
3333
3334
3335
3336
3337
3338
3339
3340
3341
3342
3343
3344
3345
3346
3347
3348
3349
3350
3351
3352
3353
3354
3355
3356
3357
3358
3359
3360
3361
3362
3363
3364
3365
3366
3367
3368
3369
3370
3371
3372
3373
3374
3375
3376
3377
3378
3379
3380
3381
3382
3383
3384
3385
3386
3387
3388
3389
3390
3391
3392
3393
3394
3395
3396
3397
3398
3399
3400
3401
3402
3403
3404
3405
3406
3407
3408
3409
3410
3411
3412
3413
3414
3415
3416
3417
3418
3419
3420
3421
3422
3423
3424
3425
3426
3427
3428
3429
3430
3431
3432
3433
3434
3435
3436
3437
3438
3439
3440
3441
3442
3443
3444
3445
3446
3447
3448
3449
3450
3451
3452
3453
3454
3455
3456
3457
3458
3459
3460
3461
3462
3463
3464
3465
3466
3467
3468
3469
3470
3471
3472
3473
3474
3475
3476
3477
3478
3479
3480
3481
3482
3483
3484
3485
3486
3487
3488
3489
3490
3491
3492
3493
3494
3495
3496
3497
3498
3499
3500
3501
3502
3503
3504
3505
3506
3507
3508
3509
3510
3511
3512
3513
3514
3515
3516
3517
3518
3519
3520
3521
3522
3523
3524
3525
3526
3527
3528
3529
3530
3531
3532
3533
3534
3535
3536
3537
3538
3539
3540
3541
3542
3543
3544
3545
3546
3547
3548
3549
3550
3551
3552
3553
3554
3555
3556
3557
3558
3559
3560
3561
3562
3563
3564
3565
3566
3567
3568
3569
3570
3571
3572
3573
3574
3575
3576
3577
3578
3579
3580
3581
3582
3583
3584
3585
3586
3587
3588
3589
3590
3591
3592
3593
3594
3595
3596
3597
3598
3599
3600
3601
3602
3603
3604
3605
3606
3607
3608
3609
3610
3611
3612
3613
3614
3615
3616
3617
3618
3619
3620
3621
3622
3623
3624
3625
3626
3627
3628
3629
3630
3631
3632
3633
3634
3635
3636
3637
3638
3639
3640
3641
3642
3643
3644
3645
3646
3647
3648
3649
3650
3651
3652
3653
3654
3655
3656
3657
3658
3659
3660
3661
3662
3663
3664
3665
3666
3667
3668
3669
3670
3671
3672
3673
3674
3675
3676
3677
3678
3679
3680
3681
3682
3683
3684
3685
3686
3687
3688
3689
3690
3691
3692
3693
3694
3695
3696
3697
3698
3699
3700
3701
3702
3703
3704
3705
3706
3707
3708
3709
3710
3711
3712
3713
3714
3715
3716
3717
3718
3719
3720
3721
3722
3723
3724
3725
3726
3727
3728
3729
3730
3731
3732
3733
3734
3735
3736
3737
3738
3739
3740
3741
3742
3743
3744
3745
3746
3747
3748
3749
3750
3751
3752
3753
3754
3755
3756
3757
3758
3759
3760
3761
3762
3763
3764
3765
3766
3767
3768
3769
3770
3771
3772
3773
3774
3775
3776
3777
3778
3779
3780
3781
3782
3783
3784
3785
3786
3787
3788
3789
3790
3791
3792
3793
3794
3795
3796
3797
3798
3799
3800
3801
3802
3803
3804
3805
3806
3807
3808
3809
3810
3811
3812
3813
3814
3815
3816
3817
3818
3819
3820
3821
3822
3823
3824
3825
3826
3827
3828
3829
3830
3831
3832
3833
3834
3835
3836
3837
3838
3839
3840
3841
3842
3843
3844
3845
3846
3847
3848
3849
3850
3851
3852
3853
3854
3855
3856
3857
3858
3859
3860
3861
3862
3863
3864
3865
3866
3867
3868
3869
3870
3871
3872
3873
3874
3875
3876
3877
3878
3879
3880
3881
3882
3883
3884
3885
3886
3887
3888
3889
3890
3891
3892
3893
3894
3895
3896
3897
3898
3899
3900
3901
3902
3903
3904
3905
3906
3907
3908
3909
3910
3911
3912
3913
3914
3915
3916
3917
3918
3919
3920
3921
3922
3923
3924
3925
3926
3927
3928
3929
3930
3931
3932
3933
3934
3935
3936
3937
3938
3939
3940
3941
3942
3943
3944
3945
3946
3947
3948
3949
3950
3951
3952
3953
3954
3955
3956
3957
3958
3959
3960
3961
3962
3963
3964
3965
3966
3967
3968
3969
3970
3971
3972
3973
3974
3975
3976
3977
3978
3979
3980
3981
3982
3983
3984
3985
3986
3987
3988
3989
3990
3991
3992
3993
3994
3995
3996
3997
3998
3999
4000
4001
4002
4003
4004
4005
4006
4007
4008
4009
4010
4011
4012
4013
4014
4015
4016
4017
4018
4019
4020
4021
4022
4023
4024
4025
4026
4027
4028
4029
4030
4031
4032
4033
4034
4035
4036
4037
4038
4039
4040
4041
4042
4043
4044
4045
4046
4047
4048
4049
4050
4051
4052
4053
4054
4055
4056
4057
4058
4059
4060
4061
4062
4063
4064
4065
4066
4067
4068
4069
4070
4071
4072
4073
4074
4075
4076
4077
4078
4079
4080
4081
4082
4083
4084
4085
4086
4087
4088
4089
4090
4091
4092
4093
4094
4095
4096
4097
4098
4099
4100
4101
4102
4103
4104
4105
4106
4107
4108
4109
4110
4111
4112
4113
4114
4115
4116
4117
4118
4119
4120
4121
4122
4123
4124
4125
4126
4127
4128
4129
4130
4131
4132
4133
4134
4135
4136
4137
4138
4139
4140
4141
4142
4143
4144
4145
4146
4147
4148
4149
4150
4151
4152
4153
4154
4155
4156
4157
4158
4159
4160
4161
4162
4163
4164
4165
4166
4167
4168
4169
4170
4171
4172
4173
4174
4175
4176
4177
4178
4179
4180
4181
4182
4183
4184
4185
4186
4187
4188
4189
4190
4191
4192
4193
4194
4195
4196
4197
4198
4199
4200
4201
4202
4203
4204
4205
4206
4207
4208
4209
4210
4211
4212
4213
4214
4215
4216
4217
4218
4219
4220
4221
4222
4223
4224
4225
4226
4227
4228
4229
4230
4231
4232
4233
4234
4235
4236
4237
4238
4239
4240
4241
4242
4243
4244
4245
4246
4247
4248
4249
4250
4251
4252
4253
4254
4255
4256
4257
4258
4259
4260
4261
4262
4263
4264
4265
4266
4267
4268
4269
4270
4271
4272
4273
4274
4275
4276
4277
4278
4279
4280
4281
4282
4283
4284
4285
4286
4287
4288
4289
4290
4291
4292
4293
4294
4295
4296
4297
4298
4299
4300
4301
4302
4303
4304
4305
4306
4307
4308
4309
4310
4311
4312
4313
4314
4315
4316
4317
4318
4319
4320
4321
4322
4323
4324
4325
4326
4327
4328
4329
4330
4331
4332
4333
4334
4335
4336
4337
4338
4339
4340
4341
4342
4343
4344
4345
4346
4347
4348
4349
4350
4351
4352
4353
4354
4355
4356
4357
4358
4359
4360
4361
4362
4363
4364
4365
4366
4367
4368
4369
4370
4371
4372
4373
4374
4375
4376
4377
4378
4379
4380
4381
4382
4383
4384
4385
4386
4387
4388
4389
4390
4391
4392
4393
4394
4395
4396
4397
4398
4399
4400
4401
4402
4403
4404
4405
4406
4407
4408
4409
4410
4411
4412
4413
4414
4415
4416
4417
4418
4419
4420
4421
4422
4423
4424
4425
4426
4427
4428
4429
4430
4431
4432
4433
4434
4435
4436
4437
4438
4439
4440
4441
4442
4443
4444
4445
4446
4447
4448
4449
4450
4451
4452
4453
4454
4455
4456
4457
4458
4459
4460
4461
4462
4463
4464
4465
4466
4467
4468
4469
4470
4471
4472
4473
4474
4475
4476
4477
4478
4479
4480
4481
4482
4483
4484
4485
4486
4487
4488
4489
4490
4491
4492
4493
4494
4495
4496
4497
4498
4499
4500
4501
4502
4503
4504
4505
4506
4507
4508
4509
4510
4511
4512
4513
4514
4515
4516
4517
4518
4519
4520
4521
4522
4523
4524
4525
4526
4527
4528
4529
4530
4531
4532
4533
4534
4535
4536
4537
4538
4539
4540
4541
4542
4543
4544
4545
4546
4547
4548
4549
4550
4551
4552
4553
4554
4555
4556
4557
4558
4559
4560
4561
4562
4563
4564
4565
4566
4567
4568
4569
4570
4571
4572
4573
4574
4575
4576
4577
4578
4579
4580
4581
4582
4583
4584
4585
4586
4587
4588
4589
4590
4591
4592
4593
4594
4595
4596
4597
4598
4599
4600
4601
4602
4603
4604
4605
4606
4607
4608
4609
4610
4611
4612
4613
4614
4615
4616
4617
4618
4619
4620
4621
4622
4623
4624
4625
4626
4627
4628
4629
4630
4631
4632
4633
4634
4635
4636
4637
4638
4639
4640
4641
4642
4643
4644
4645
4646
4647
4648
4649
4650
4651
4652
4653
4654
4655
4656
4657
4658
4659
4660
4661
4662
4663
4664
4665
4666
4667
4668
4669
4670
4671
4672
4673
4674
4675
4676
4677
4678
4679
4680
4681
4682
4683
4684
4685
4686
4687
4688
4689
4690
4691
4692
4693
4694
4695
4696
4697
4698
4699
4700
4701
4702
4703
4704
4705
4706
4707
4708
4709
4710
4711
4712
4713
4714
4715
4716
4717
4718
4719
4720
4721
4722
4723
4724
4725
4726
4727
4728
4729
4730
4731
4732
4733
4734
4735
4736
4737
4738
4739
4740
4741
4742
4743
4744
4745
4746
4747
4748
4749
4750
4751
4752
4753
4754
4755
4756
4757
4758
4759
4760
4761
4762
4763
4764
4765
4766
4767
4768
4769
4770
4771
4772
4773
4774
4775
4776
4777
4778
4779
4780
4781
4782
4783
4784
4785
4786
4787
4788
4789
4790
4791
4792
4793
4794
4795
4796
4797
4798
4799
4800
4801
4802
4803
4804
4805
4806
4807
4808
4809
4810
4811
4812
4813
4814
4815
4816
4817
4818
4819
4820
4821
4822
4823
4824
4825
4826
4827
4828
4829
4830
4831
4832
4833
4834
4835
4836
4837
4838
4839
4840
4841
4842
4843
4844
4845
4846
4847
4848
4849
4850
4851
4852
4853
4854
4855
4856
4857
4858
4859
4860
4861
4862
4863
4864
4865
4866
4867
4868
4869
4870
4871
4872
4873
4874
4875
4876
4877
4878
4879
4880
4881
4882
4883
4884
4885
4886
4887
4888
4889
4890
4891
4892
4893
4894
4895
4896
4897
4898
4899
4900
4901
4902
4903
4904
4905
4906
4907
4908
4909
4910
4911
4912
4913
4914
4915
4916
4917
4918
4919
4920
4921
4922
4923
4924
4925
4926
4927
4928
4929
4930
4931
4932
4933
4934
4935
4936
4937
4938
4939
4940
4941
4942
4943
4944
4945
4946
4947
-1046.55108335584 -46.97371258397425 0
1149.707516889798 37.79886221358858 0
-1167.241474695927 42.0983321685605 0
-34.45929788621155 -780.9597724231753 0
-35.62402362341205 785.2560820971512 0
-37.32845835748454 -867.5938284767915 0
-355.5518197716219 -133.351714052899 0
140.4389963946585 461.8834460985206 0
-125.3147802638513 475.0243297032275 0
371.4880753870755 79.98324596619813 0
122.1173440404384 -457.1824966670166 0
-124.724422166431 -470.4882735664853 0
-42.47806901483453 871.8783554380468 0
1071.203225903096 46.69297298642463 0
-1105.062324029055 -28.06958561650363 0
-1048.353263182613 44.97153867964911 0
-1170.431301561015 -48.46657142682486 0
1157.897143549622 -39.31118263791871 0
1213.452672963411 -71.97387529198684 0
1208.302398348917 75.65385331900933 0
176.5676427239047 -484.0692317253526 0
174.6662927818678 482.4296776139289 0
-177.2672820028738 -476.6478125056096 0
-173.7330899885912 478.1592032450753 0
-1213.98805816505 -78.34528771792486 0
-1222.673127882719 66.87510881230358 0
-281.713687152742 294.6383506214929 0
1078.664445186749 -33.66132598032897 0
32.0521161720056 799.3876891373209 0
31.0663451638253 -804.1764580061159 0
-1072.456952513704 38.65013084833041 0
-1233.065735521783 -138.4227473459174 0
-1223.310425449211 110.8157565335215 0
-193.5108469815804 436.1163250907958 0
-23.20813490037208 814.1185952240669 0
-26.10094524187725 -815.9258564898996 0
154.7875873822926 -467.965330736928 0
267.2745430450123 262.8613583767225 0
-143.925333041523 465.7816941137735 0
332.2505804771395 -156.2057870280299 0
209.1571912791953 -375.1159647898766 0
1282.691904271425 186.5427256554864 0
1239.149469774568 -175.1528795256281 0
-203.0169758687443 -430.9281489005983 0
-571.7784499367705 6.549748607997715 0
-997.5016738920261 69.78113418210958 0
-1007.216818249437 -55.53978797579799 0
667.4790903996249 4.476530370148477 0
975.2965553072445 -88.22389468587257 0
87.61520383349546 -882.2863810061521 0
-373.9988745820583 116.4108317723664 0
704.7269313884365 -71.56284820451124 0
-192.7397270027694 -504.3700200568291 0
-204.0248150016504 500.1194917958137 0
72.27444021151199 -431.5910804134816 0
157.4528294697397 520.7250288462865 0
-107.3326646389783 -914.3489898618724 0
55.12026407955764 -762.9672876550695 0
56.75074819915839 758.7804550933013 0
212.8727296730041 -495.8114092614817 0
1304.593381252467 -5.86998151666497 0
-1280.540479172038 272.5136132568171 0
-137.3544186884467 -528.8922824413858 0
-137.6829338997835 529.0925443574647 0
-163.6512156994614 512.5271268540641 0
-171.7053659620302 -510.4743525340288 0
-557.128383897284 -14.47527213515087 0
182.4412535618084 -459.149587062272 0
681.7679104360507 -29.45242610374991 0
112.6295032162797 -917.1871799789598 0
-1305.956848594224 28.89016331230057 0
-239.8190480189831 490.6429446323359 0
138.6293570047988 -522.9266470701916 0
-246.0460788324952 383.4228824884406 0
-708.2579947866175 -119.2825242579744 0
1130.818330828419 -33.54653314891523 0
1126.116322781698 37.63874119754923 0
-556.1308486833121 -41.93584965579256 0
-554.6303923149344 34.75885556093803 0
-696.513121663577 170.8200850763089 0
-694.2760972977972 -195.2723606646246 0
563.3355636024975 -21.78976310387125 0
560.9883853132951 21.78288975877312 0
-1102.824981306605 32.33127416685936 0
-1283.133149353474 -183.2664666011436 0
-655.890851949675 269.5663440420808 0
1286.427360018482 -261.7548312467594 0
1221.994575326261 104.4092665344154 0
1217.408244210696 -107.7171995222308 0
-7.080036424875828 882.3128281192039 0
-1131.387111162136 44.55409281849956 0
-1136.195384986669 -44.55020484266483 0
1309.947300270667 305.3310466383412 0
-1282.226066530867 -305.1947680765583 0
-179.3609577525766 -909.7988976969018 0
1011.899080596705 11.53713317391801 0
1009.332987856315 -56.84845462549831 0
984.3435092709352 49.69835478777894 0
1011.646707039685 46.37020155507636 0
-667.5871224599322 5.985228450316172 0
381.5481805986109 -15.73261873154932 0
-67.74164965626804 -883.3191858529194 0
-970.431803567605 -145.8665408879457 0
-917.9228757849744 -214.3354211398848 0
-213.8887764464162 164.1350321649281 0
54.69053940949058 -889.1644811400412 0
-274.9127942994652 -244.0129364884327 0
-149.0199336261688 -452.5940022103935 0
-37.50034392691904 -902.4794875794909 0
31.67230163896204 769.7957032647746 0
31.01928718081071 -775.0447012884846 0
-1175.571757707183 -7.676255660714919 0
1170.782268308524 -3.145628697196464 0
-1039.486867278599 24.0319900703081 0
-101.247185105769 -455.1426242106517 0
156.6114705131895 460.5158300076576 0
134.4700601353036 -380.4777771293882 0
1288.935572958945 90.0591631238832 0
943.7567176128437 128.778790713689 0
-1139.683261604056 9.919445347816122 0
-1208.466471483539 26.5344594281746 0
577.359386515393 -0.2463443228553744 0
698.2428829150729 7.576686345328077 0
-182.6665053285982 368.1089384908673 0
194.7806436670798 -435.2425070945332 0
-693.0978214132765 15.80192005898333 0
-1068.266343164942 2.067040507285952 0
-1311.794324631283 140.4543636994108 0
946.8641259004916 -169.0981397971519 0
-27.63659601034242 -848.2108746418005 0
-14.4046427925284 843.5929626003858 0
1045.412170237272 -33.11158663255446 0
1180.53933356179 41.2961666561007 0
969.5538218532701 -10.43037456994625 0
-358.4175739266157 3.558644137387769 0
178.0179784428716 509.1697368603956 0
-1072.036909348789 -37.48718785174845 0
-55.15476573365117 908.7167350071576 0
337.3378343242046 167.8199031749912 0
-957.3014383981466 -39.24819653010011 0
-119.032411847378 444.5924151229992 0
-1254.959969145593 85.71748907622849 0
-164.5902970316307 459.5246552801467 0
-5.997935909308802 777.4667207116127 0
-8.636876100751135 -787.3548829471923 0
1268.14232779573 -99.72522042466568 0
697.7219154422398 -135.696478861902 0
230.59836932641 -263.0441062590908 0
552.5685542003605 -47.64702645583814 0
187.0653093257702 -498.8631860092946 0
-950.8574335741907 -100.9406110504946 0
399.3122654220623 -89.31335701847833 0
1103.194821772764 -34.60847414472135 0
1098.316993223458 37.64121791834949 0
-1207.248761750491 -43.25253704387547 0
-1229.47508347706 -102.592640759663 0
1050.597746967071 18.3036075507814 0
-17.32650101574139 -758.4458213853063 0
-33.58732011924063 748.8798231608897 0
1356.341982613371 -134.9012199266161 0
173.8820770467953 -518.9697688981431 0
154.7090935287883 -440.1204997494948 0
169.5401881977934 472.1902844709958 0
170.0610409699648 -465.0335398644909 0
-179.145171798876 -492.6030613437926 0
-180.5095912115098 500.3151174711289 0
210.2388497580437 355.4980169259599 0
235.8141541922213 -42.08833029845974 0
-153.4659716928176 -399.1517787135986 0
29.95653765544171 -369.258954797534 0
98.52952499049253 322.5324407753885 0
-97.71238490717602 287.9774169916564 0
-215.5038013780822 19.48087885032723 0
-197.4389752584558 -327.8394929317348 0
128.6009135215286 437.9776201066645 0
12.61429547101919 -859.4251366091341 0
-177.6588536538214 -456.1053016453218 0
-48.1667740836152 -743.9645991113368 0
22.4429426952702 836.8625583717569 0
-704.6355634150317 -57.53046887619209 0
182.7085164282453 453.2872213609683 0
-997.8718879548524 23.50608798905686 0
1221.753109695758 45.15403426819164 0
1215.780110718086 -18.63413074341352 0
954.7974974857472 79.31152907063542 0
-142.9728494363887 917.9336468307438 0
180.1848795560109 486.1393326027024 0
1134.555191625779 7.081153241165601 0
86.0811216774382 -286.3661819550356 0
-1027.92284286054 -22.84069831016593 0
148.858205884918 178.605122925139 0
-58.1295437878519 -394.9230113511985 0
-1155.209468844656 -26.30271119740583 0
-168.7289141774566 -472.8530871539373 0
1010.106098016021 -23.32746438154185 0
-1237.102055714113 170.7450137005614 0
-225.9275727208611 423.870797937071 0
6.01618972635344 806.2742830859922 0
4.181956115269687 -815.4878222160168 0
602.4001392605044 -3.067137435199118 0
67.08204961530646 -738.0541751930435 0
20.90162156391366 -736.5072946550439 0
22.40298939459732 728.0250414160918 0
-1290.037481051589 -83.58673374204903 0
1093.069063776022 -1.279381840781375 0
40.69039102840439 -861.870825747533 0
-68.46120766249415 73.89336796922167 0
-81.08226625122307 -729.8114231369999 0
-74.66053913606304 -250.609083685159 0
-8.711573232849323 402.8034467083689 0
270.7079292335194 95.79504581467666 0
10.01214871288751 215.3342052885936 0
-941.728811440397 45.3295808119926 0
38.78416296754087 916.2125465403431 0
186.5242916366556 420.3102713246179 0
24.93166369817742 862.6732748375616 0
75.98079282868396 454.9791447617156 0
-191.3924929133413 -133.1611898497783 0
69.26736625240456 733.1265555356124 0
131.2114019607762 -163.5544496810818 0
166.5717915874482 903.9756746434522 0
82.84094343607603 32.38430336166195 0
-16.14377894412813 -87.85926693785372 0
-963.7145484449732 103.7378451567775 0
98.92177488520949 912.9395241240635 0
-1187.5791224629 5.310360012661023 0
-1188.583102504638 -20.80092723740189 0
-1216.883696405464 -11.26355873671848 0
-1197.335297743805 -8.600201683988654 0
282.2526645633091 -885.1853750446375 0
212.0467356407731 -910.5097673231826 0
234.2395226362195 -882.354907203603 0
-157.560681724923 -465.9459665892689 0
-149.1867875796034 -468.2255848139529 0
-154.1716300588352 -469.4598154832696 0
-82.0432089449985 -894.8938763976342 0
-57.70912535985247 -890.9625747297615 0
-72.0778478547676 -920.1989628570833 0
-70.62890164754457 -901.315380357401 0
-327.9785517888266 321.5357746858134 0
-353.4228524580956 250.3221720534895 0
-363.9416298299364 286.1209612816816 0
360.7541546414147 124.4562444399276 0
320.8113530567121 80.72568561123695 0
298.3741160033757 137.6927461066005 0
326.4275086857597 114.2425168962188 0
1217.739418126277 -91.51432672074164 0
1240.810301526733 -77.01402665870572 0
1235.180306795157 -108.234003261102 0
1230.792102822174 -91.8562565184251 0
-1322.799272026311 82.80754331336789 0
-1277.3308274749 106.2104250902273 0
-1273.076694406658 64.70936739197067 0
-1290.819488013899 84.36690996591517 0
-684.3237633495032 -65.00075959635814 0
-692.009229147504 -41.14365613262615 0
-681.1309313806232 -51.61250864189634 0
544.2984448585978 39.13760328301748 0
545.7049396839421 13.46795812854285 0
537.3529863219329 27.46829954275053 0
1218.512543918081 122.5838927749674 0
1206.569909971308 105.2562073880305 0
1205.71802651435 116.4875402824401 0
1205.051616344487 -106.4214240210393 0
1212.310804417429 -123.8492386833764 0
1203.546859992174 -117.3707322456513 0
-166.4291876154935 525.2450249253785 0
-170.7386502353742 509.6452214616643 0
-181.549460119787 520.8652253768601 0
-172.7917820335107 519.1434994715299 0
-1349.906839852943 -180.2214889555956 0
-1355.813864596602 -107.3923957673204 0
-1294.72160511107 -133.3664205808698 0
-1334.997129105569 -140.5415702927366 0
-542.0711028500966 19.58682598894483 0
-541.8189594894025 48.37212175679141 0
-535.2028789935575 32.34476726998552 0
85.56537314243924 538.5635589246657 0
117.8283455162254 537.082929789858 0
104.1107330947139 530.2656886596129 0
172.5902843409443 -534.5576352956394 0
196.5131882174812 -522.1820577140392 0
190.3757454163657 -531.8744751431689 0
-134.9988760286263 -462.3858326502387 0
-121.6921667555219 -447.7259873614975 0
-114.1953883309665 -465.0917240385369 0
-124.0695056249618 -458.7319548158536 0
1231.338020215581 -281.522667761543 0
1258.683093515398 -341.6896707577617 0
1226.111721972113 -326.1938333659282 0
142.4226173644759 520.5719572229902 0
152.1700919948625 511.3970710029527 0
143.9363881136329 512.3688955576073 0
99.78890976470547 -894.6770463665586 0
83.38263776981917 -916.7926699554429 0
75.76872347074824 -887.4322224253463 0
85.82852021479758 -898.4370914126796 0
553.3540740152156 60.77188085617201 0
544.5800970373015 90.4761519205513 0
554.7420949282237 76.60544082364711 0
-170.8310815007401 -494.6570863755941 0
-173.2497984742192 -488.6346102408805 0
-170.5053648861755 -491.4372240421071 0
176.0747312212522 468.582742526309 0
176.3585695836718 474.2225677395806 0
178.6578449543115 471.6142118610145 0
920.559089406147 -107.8228003895917 0
955.0093182553695 -133.2621228442736 0
906.6466405230652 -165.316979622894 0
927.0907165575225 -135.5160704941085 0
166.4294061776294 505.4411397364914 0
172.9245241138176 499.2072569002481 0
167.8393845106771 501.047918709261 0
-134.8511433187431 -194.072274819143 0
-106.7076283348733 -103.5398239972565 0
-38.86641574648102 -172.3073121901284 0
-93.64599638412314 -156.8019537143649 0
-133.03525000032 456.1804922022935 0
-148.6881606380057 444.9763948794338 0
-150.6227163973017 462.1444258811587 0
-143.6339851967013 455.2343298803031 0
-126.7368294622882 540.9916604638198 0
-154.0451870216595 537.955479604973 0
-141.5751153330235 545.8191655382226 0
-150.7200666328035 -536.1613221946338 0
-126.3006477058486 -540.8516366875342 0
-140.7469336829946 -545.4228462355861 0
1188.319939751749 57.39746445904611 0
1175.253235775287 55.12706972745542 0
1181.892947385923 59.43462775750212 0
438.6585234970046 -581.0171525701343 0
369.6752167524061 -622.8022946067704 0
412.5961777229891 -617.3803510663342 0
365.0270334142422 632.0278628373864 0
430.8920917139076 581.9847968321893 0
409.8747483829885 619.575508434967 0
289.1578152387146 -462.0236250214324 0
261.2856848700234 -483.6789825554195 0
267.3612206557022 -469.4499093582731 0
1035.649520734037 -49.22895952753369 0
1051.46887887737 -51.20729299195018 0
1042.904973745247 -54.84381019732572 0
16.96816599074292 57.7626410461685 0
45.06408227648986 -25.72744108845042 0
-50.54818402371426 -9.11482397921672 0
2.394714940488822 7.174256621232982 0
-188.3325017303419 491.5404654998474 0
-182.1010757826095 488.0891396154991 0
-185.8356503049376 488.0959437992146 0
880.4302637542345 -359.8671920977006 0
904.5439315300831 -276.5302225113604 0
913.6786581638867 -320.3821831339673 0
598.9692389367807 -6.667436697962622 0
608.7148708121732 -5.263397766191453 0
605.0592304192432 -9.489383496587987 0
-1309.915914117063 206.2587244185236 0
-1255.679236686442 216.1207584985445 0
-1270.073133538348 160.2479036244027 0
-1277.950928679498 194.2781968329609 0
-235.3331299794122 504.5255658924615 0
-257.7458463384764 491.5894209246867 0
-249.9575353479945 504.5328577539063 0
-1229.143997341224 292.2277546392418 0
-1256.358412754046 353.62780341527 0
-1224.327893249297 339.3206451167545 0
-415.554835788126 855.5558022860306 0
-493.6826954625317 809.4206005788544 0
-466.3069148984424 849.0650303101841 0
-415.6607787118506 -855.564295951036 0
-493.6826954778514 -809.4206005795493 0
-466.328544496866 -849.0665955463232 0
-762.6453724200869 -1182.321273202788 0
-815.3762793353839 -1145.694823154323 0
-781.0345614016243 -1152.336144539748 0
-815.3762793353857 1145.694823154324 0
-762.6453724200875 1182.321273202786 0
-781.0345614016246 1152.336144539748 0
-262.212841544711 350.1373610645052 0
-221.9546982185709 375.7159921371551 0
-222.4605848712737 322.9999559691386 0
-235.9117759368733 349.5161287340079 0
949.2760544739893 -207.6193415397124 0
976.5687660969668 -166.1197486699348 0
974.6703045889055 -193.5341196139189 0
200.123169255204 -448.8915600193788 0
212.2119317343553 -438.5417248133711 0
208.6498116578666 -446.2088047936978 0
164.8330217533616 941.8492758211408 0
133.4755656776235 911.8935922240393 0
113.2456678248598 959.0715907745985 0
136.262027565765 938.680167773417 0
-141.3003028615066 963.284616920101 0
-204.0764533257098 935.4664202324803 0
-187.477061076662 964.3816690838077 0
-659.0192490833443 7.047116690356776 0
-666.2295384088641 15.30751765819138 0
-660.5382386768263 13.38435752817718 0
-626.5336738546531 -1259.124371924239 0
-555.2876711391064 -1292.086282297385 0
-596.7868583479432 -1288.84888126915 0
-555.2876711391041 1292.086282297386 0
-626.5336738546516 1259.12437192424 0
-596.7868583479426 1288.848881269151 0
170.9116351811936 485.2951887952602 0
170.8119300744531 481.7123677512855 0
169.6228437047234 483.9740502227988 0
-179.2535324883131 480.9607564567369 0
-179.1034678242058 475.5710726826824 0
-181.0569885297455 478.3132887992356 0
97.21689382066461 -874.5399037443347 0
79.0995872449365 -874.8518703838654 0
86.36664876703045 -871.2776033178055 0
26.89293757308654 -885.3415841216107 0
32.28642127621705 -860.4243797305768 0
43.49814862431512 -870.1224688029769 0
35.16416486011333 -868.1349042104551 0
-365.0272917775548 -632.0282167616061 0
-430.8920917139287 -581.984796832246 0
-409.8747956651615 -619.5755748476186 0
-365.028187106245 632.0289888885959 0
-430.8920917153008 581.9847968342737 0
-409.8749611071045 619.5757190312579 0
991.6551885582094 -105.9475386543809 0
997.4803200388469 -85.74236601399161 0
999.4651816580836 -95.01987275525131 0
-711.9491977258575 201.2030084062485 0
-722.5907681193727 145.48731586106 0
-733.2925232402174 174.6703702715434 0
-1212.281209600131 95.67881741248925 0
-1208.721034260147 112.1020166927955 0
-1205.004186875444 100.7021242210519 0
-173.4096256537937 491.2527571811801 0
-170.3707975400626 497.6154487153212 0
-170.6025362205198 493.5331992766754 0
-159.3019438775922 -511.1120876097943 0
-164.6481220960703 -503.5515102053884 0
-159.763703523356 -505.192470024204 0
-161.9123570285505 505.0284191552037 0
-156.2371748100191 511.2594043869435 0
-157.5628970091526 505.7418829110819 0
-575.9968035824388 -6.843004465222445 0
-562.4545205796229 -2.950524650065354 0
-567.7851042077826 -17.23585351391721 0
-569.0437559688378 -9.12577758333679 0
41.92303408303614 797.8795824021265 0
37.60365507524904 810.1073733453374 0
43.44619860186544 805.5881583993619 0
36.41041054234655 -814.3314727609616 0
41.50238027521948 -800.1243809298161 0
42.9833795751985 -807.5504072571528 0
-37.09610333663941 -804.8818133337335 0
-39.68176728379326 -820.7302279397603 0
-42.18800633515558 -811.3399483588339 0
-564.1097706025881 -36.94062302333369 0
-562.3812582247967 -53.41622087565311 0
-566.8146241691777 -45.08886912738402 0
-561.8733635141288 51.60720642344162 0
-564.279082472775 35.82451570915809 0
-566.5847085358704 43.66169429376019 0
-882.7946784801352 -255.4919511603282 0
-893.5125615826113 -187.2120251718327 0
-869.2499547761554 -222.3812553312359 0
-221.3368731094432 83.27768598792136 0
-135.7126844689206 127.444916258132 0
-147.2302298858592 37.18291882939055 0
-167.5045430544995 83.83326353782314 0
34.01447916057835 -454.4796265877404 0
73.12756130430337 -468.4790750460808 0
50.1819031662468 -474.1576496674567 0
-25.11249667544656 712.3691123274617 0
-1.80592659325663 735.2002637297245 0
14.78930190275924 700.6126140873555 0
-3.910975947062057 715.9218997785454 0
-313.6019686250509 -197.3725977505742 0
-275.9411925543678 -124.550586994886 0
-234.3984839795518 -198.5414706719256 0
-274.4316633876414 -172.2738805945319 0
1397.481400648833 -149.9001923883849 0
1387.203173215978 -78.26448154618399 0
1412.60498433586 -100.513466331009 0
1363.136885808342 305.6419651953264 0
1325.335522353218 368.4618688043598 0
1363.545968809927 356.0580675285472 0
152.8399614326858 -457.4221231064078 0
165.5925110841611 -453.4542682125293 0
161.8523587011999 -465.6465113786571 0
160.0523172290199 -458.460881896908 0
497.6894939172266 -810.5962534650057 0
416.1640520910951 -852.136562097739 0
467.2960304352299 -848.5819655888204 0
497.6894939071528 810.5962535049422 0
416.1640519265435 852.1365628211711 0
467.2960304011152 848.5819657359111 0
-159.2352573392578 885.5321624505148 0
-118.5865368750833 887.413255536903 0
-134.069908351608 878.3960954787967 0
-991.7996040236877 -123.9765949063179 0
-986.2719894887205 -155.8072765933576 0
-995.9619997890245 -136.0157919450056 0
-1214.00152978724 154.8613749654899 0
-1215.166539810808 186.0355215167512 0
-1208.39760574189 171.1165728741234 0
34.97214389053679 827.4803537642454 0
38.6123275160984 843.00803917652 0
41.06709174404615 835.4569774113071 0
1070.010179596855 874.7116729866226 0
1117.211777345981 819.7609962992633 0
1080.822862444144 835.913195518702 0
1115.249850194326 -805.6358358936023 0
1085.878690273056 -871.4883478526411 0
1083.865128142037 -832.1179634204709 0
-1257.045363613635 -364.0335641962375 0
-1234.796880834585 -304.4512922139186 0
-1225.889592195716 -347.9686528112071 0
1137.991183100768 38.3383223481011 0
1145.256671777565 23.90657747653595 0
1127.533579226196 24.01962330535885 0
1136.880891993048 28.291996669402 0
1219.517031670488 -155.507778647016 0
1217.906603642276 -193.6810360015855 0
1210.487007907802 -171.6361864977605 0
-210.1912589275211 492.9077828401201 0
-200.4697509039438 492.0695879882347 0
-204.7621941723618 489.3714079816669 0
-18.39731334835963 -801.538190033294 0
-0.01090022809586921 -801.6967964076111 0
-9.915311190646239 -817.8911652908751 0
-9.709386189195241 -806.7850412610487 0
-1038.632375008881 51.08177668687865 0
-1051.790367244178 55.32203225504935 0
-1043.940399297167 57.53151075917324 0
-1051.096873626602 -56.23978995188789 0
-1037.634776113844 -54.23557376060325 0
-1043.367400781452 -58.68442550153058 0
-1158.806600385612 50.69391806057475 0
-1172.482015316371 54.16956354842493 0
-1165.484744974661 56.87506934847151 0
-1173.793857897737 -57.5014358374092 0
-1161.431996493922 -54.12179650485943 0
-1166.719607216388 -59.08244126359223 0
1154.380955143793 -52.82264612564171 0
1168.502254170776 -47.12897668763722 0
1162.575355488506 -55.48684703364535 0
156.9756189546609 -275.2058770499037 0
101.3037224068076 -218.3203439306991 0
183.5520345226901 -203.3375328447846 0
147.9837960721501 -233.7314964144197 0
143.4699155579002 -513.5690911663796 0
129.0310802980107 -518.4726812053678 0
137.0616883670063 -512.6367795434755 0
-648.2783074770127 247.4453966357338 0
-634.3287983825682 295.806145240699 0
-627.8398135199157 273.9851270322908 0
-429.6161872433408 -105.4972998100661 0
-402.8563238538603 -183.5979307846531 0
-435.3996470490777 -145.461924643366 0
-398.2505070873901 166.312816513134 0
-433.8608982521991 100.3601022887614 0
-437.3647336026706 138.6691995782558 0
-29.19569625871016 876.0352862713559 0
-46.50074758874001 884.9864394243466 0
-25.5083869641072 902.4372838112703 0
-34.21585170888357 887.7324285068931 0
-1145.256961648748 -52.82968785410809 0
-1130.848770990318 -54.64109010001235 0
-1139.133650889318 -57.71847369691923 0
1075.884594893348 56.07729896739966 0
1061.012002540928 54.98772098422258 0
1067.468379752205 58.73816360049089 0
-1128.835224463085 55.00008942102411 0
-1142.036771000865 51.44941468273084 0
-1137.446575734635 57.51432124201837 0
-680.1288747500935 143.9765246540561 0
-671.7991720506304 191.9193407864841 0
-666.7271470238318 164.3140567199498 0
1234.87614372644 202.5073506077587 0
1236.24292996192 158.1038090872857 0
1222.766740468441 175.4891505219881 0
-1090.18531775142 -11.42422023292256 0
-1069.081828322037 -22.21690613284146 0
-1086.229280420517 -33.95800546298251 0
-1081.78863712078 -22.04952921432075 0
126.8113296234613 255.333483420806 0
69.3201197459511 190.8375280169697 0
47.28616461696752 268.5473083362122 0
82.66326467582032 238.480630417224 0
116.5371801050781 -471.1725607966928 0
132.7021605006875 -467.6954803582821 0
126.7535632768315 -473.9471701770468 0
-184.4670821480561 -509.9768753545932 0
-186.1572023948449 -498.4262248936732 0
-175.8242238978069 -501.5045475712982 0
-181.8550604101163 -503.0441014908457 0
-141.5623596018019 471.6708678694294 0
-149.2123406020247 471.5910154050314 0
-145.9632482379969 473.8166231133601 0
-144.3161572857188 518.113692212698 0
-128.3068070017038 520.499640571211 0
-136.8488481388692 514.7723715161177 0
-128.2703262281832 -520.4676533568033 0
-144.6211984565556 -517.9112218680323 0
-136.8926247280374 -514.7159500430899 0
-131.6513248669782 -475.3469299454609 0
-119.1007547007829 -478.0465938416222 0
-127.3672326702155 -478.7102037184601 0
-117.4448312688997 478.4521894375861 0
-132.0484581924093 473.4397186053853 0
146.0228232016721 461.9209026062088 0
149.3263528796369 448.8928811474936 0
135.9103383674624 456.8294677837264 0
142.800817483766 456.0227895975136 0
-59.3597320963552 -873.6082076649998 0
-72.52301628357469 -875.4638252341745 0
-64.77749523523158 -871.09446573177 0
-51.27715077720002 867.3056967331112 0
-41.93481242987286 860.4129872685947 0
-48.7800842420056 860.7099613497618 0
666.1974690415237 14.03884670051492 0
658.8861412585138 6.49791794488886 0
660.4738310507094 12.80115627616196 0
673.760643140517 -21.59902549108213 0
675.4422322276538 -35.7211858544426 0
671.3757049776311 -27.27002423080457 0
-1119.441079945813 39.45827516161939 0
-1117.064678411729 19.10518994259576 0
-1134.903688950111 31.13896878577569 0
-1124.069878866154 29.59645340666889 0
1091.057719924745 -35.04720661835806 0
1082.373829809253 -18.41820855258702 0
1100.909958942096 -19.68905109501397 0
1091.505618640493 -23.95894909928716 0
994.685242787929 5.925171685268484 0
1011.957295091568 -5.82789037135713 0
991.5529680904456 -17.7554213667224 0
998.6660215213524 -6.354733814950047 0
1201.075893125926 80.22249171023074 0
1199.061784638175 69.97359023071054 0
1197.720785938796 76.27224460476648 0
1197.013876240821 -67.65857453646642 0
1200.677612970544 -79.07361631729989 0
1196.728808158973 -74.59761710133427 0
-680.8281987630257 -239.8923089082935 0
-713.5884170656584 -198.9121727230544 0
-676.9475201401179 -188.0757514618853 0
-1085.612780041894 36.33750568405146 0
-1069.807609303214 24.6884786930312 0
-1089.542686840697 16.28039393635423 0
-1081.436997947243 25.24972013069256 0
-576.22603189839 16.58531720560473 0
-583.2971290727349 7.350369130619374 0
-582.0147559117764 13.66484366362827 0
-1003.972279532684 78.8608630252981 0
-1009.059887204324 68.12151266406498 0
-1008.933045980874 74.38299096439376 0
-44.7979281196989 791.7031413857401 0
-47.64123723777254 782.3278784961368 0
-48.15917664657212 787.6233697033474 0
-45.38474596592751 -781.0261973665048 0
-39.97827574655966 -789.8919339101282 0
-45.93641771052982 -786.9309408652977 0
-240.2618974324565 478.9726209741893 0
-225.6451869965049 488.0126368507537 0
-228.8330929653543 480.8480612230164 0
569.7795286434382 -28.42673323974354 0
574.2724997209866 -20.23789448538148 0
573.2998437433242 -25.025083697 0
574.204888405362 20.03978923994161 0
569.3696926704363 28.01059050468783 0
573.2998419399599 25.02508269036291 0
1022.371494621467 51.82514377074239 0
1014.241233221634 59.80090413689365 0
1020.307528313322 59.73564127358154 0
1012.964377786924 -66.02916421405614 0
1020.787162139209 -56.72921501883425 0
1019.425094769819 -63.38507221914772 0
-23.96965618843183 -783.9658573181607 0
-27.89417539852265 -770.3122338829802 0
-10.63772596842142 -770.6488652569029 0
-20.74643264391309 -775.0971038311613 0
-20.28202504682858 781.7996379085492 0
-15.65140819780123 763.4309227979352 0
-35.74712584769286 770.0538176697635 0
-24.36213790480443 771.243966499345 0
168.137189159944 477.3341456866142 0
163.1955560790194 474.4584190764969 0
164.7306967599966 476.9735618727458 0
-181.740343282142 -485.6254396367976 0
-186.8367277860872 -489.028309386946 0
-185.2667771421605 -486.1204951589997 0
-190.3258480397728 452.2478777236026 0
-200.5746828502355 447.0230654875623 0
-195.2073162817838 452.2402869050616 0
183.2560034971985 482.7608041813399 0
184.7313501312837 486.9448919645424 0
185.2902483066676 484.2830490985757 0
-166.7498239939519 -478.2172596371163 0
-164.2692298719836 -473.3957504912211 0
-164.3559715440179 -477.5943023154603 0
182.1559104939092 -465.0516634418995 0
185.4804746263642 -461.2860561720282 0
184.7849877968083 -463.6038391639935 0
-186.1208971125729 -458.006441510242 0
-180.4846731548093 -462.5774651865773 0
-184.0299998858638 -461.9781412144169 0
-1162.079681067842 2.179319029906579 0
-1147.035058318403 -13.02299933833983 0
-1165.749966123484 -18.0980551994284 0
-1157.714762002515 -9.066401696481963 0
-167.9908221331223 479.3141842295947 0
-171.3625218673291 483.4872153167158 0
-168.2911951951374 482.1882227461955 0
-54.9109678467004 766.6429229126406 0
-63.68309750971768 748.3720603286739 0
-65.89756262853538 764.6974181146135 0
-62.65025735056566 -761.5086107922465 0
-49.86831885438121 -766.0910121215983 0
-57.67428380898292 -768.5712578389422 0
80.92188119694821 887.3577590611269 0
105.0840206532001 884.3701833171709 0
90.07445552405278 880.1754800994913 0
-678.1136494937457 29.11729147059637 0
-693.5309535703173 41.844673823432 0
-678.7293758328969 39.13838610324986 0
-140.7016079468685 718.6814209596292 0
-95.35797304370919 722.823545160738 0
-117.2567673791632 736.2833354945699 0
-218.9616613273357 -504.5296373153313 0
-236.1274777093915 -492.1304046209575 0
-224.9655019860144 -491.6252153702811 0
704.3135300050294 122.7863742081895 0
714.6910620330013 76.9667357135211 0
696.3348214209861 95.27284622594078 0
161.3713085966742 876.7838287071806 0
207.6407531173694 885.0872703360554 0
192.9860828188908 866.8840782937527 0
-977.556674674843 140.6050945032838 0
-988.6892125403397 107.6667068702995 0
-991.0381747630145 126.29360547353 0
696.0457127891385 37.89038131616748 0
679.5707049900261 26.11754346546763 0
680.2075053539666 36.6899601713241 0
1352.019368236456 182.6545878334683 0
1355.319888606282 112.0468490911781 0
1291.340618415929 138.3144442363387 0
1334.479744130348 144.4810895731341 0
691.5049495804539 -46.82909268343763 0
688.1022637732001 -14.72185914622059 0
711.0627272515974 -36.02379218753715 0
696.1928091461775 -32.00437287619894 0
171.0357892454519 -481.402124682402 0
170.2119668660511 -486.0743080481069 0
169.0461567567069 -483.9057877274918 0
173.6229944832399 -489.8151648750085 0
170.168876079858 -488.8305480463301 0
178.8915450209727 -478.8188614779731 0
181.9656241577761 -481.9651231423642 0
181.9078981464606 -479.953848245496 0
182.9469616420299 -486.4102713861048 0
184.1708030056927 -483.7701171780908 0
-179.6189129937628 -471.412957104466 0
-181.294657980771 -475.3726874881757 0
-181.4296371045753 -473.0193506610883 0
-180.2470580665765 -479.6698384483196 0
-181.9553210645029 -477.286163830672 0
194.4245196845244 452.7331903830372 0
187.1020914295493 458.2886051633909 0
191.9541127534451 457.3259189684118 0
180.5293366627759 461.4239285942399 0
184.8296485636517 461.4504176499479 0
-1001.09482754301 -69.89285644663939 0
-1014.19539233646 -65.81799236805738 0
-1010.463291923405 -70.44228357306966 0
-1021.944806394257 -57.22320400784709 0
-1019.672463324447 -63.33669936592543 0
158.8348580675884 -472.9970394789119 0
153.9735316795356 -473.2518414942352 0
156.315344326547 -473.8896170158291 0
146.7574736218104 -470.1246964546408 0
149.3174595984437 -474.062095063192 0
-202.0536578132285 -445.6008157493632 0
-218.3272928817056 -437.3062725283346 0
-211.3576963729298 -444.7368095780042 0
-227.2322776732152 -415.8158413611851 0
-233.0927915758919 -429.5164827719498 0
204.6685482024631 -490.3785667029666 0
212.6594075845039 -486.5222838246414 0
207.2487883034657 -487.0958214646615 0
227.5779825045149 -487.2467658589356 0
220.1293633722253 -482.8839673955097 0
235.9369896237153 491.4495238625163 0
217.9557817784181 495.2245402124605 0
224.7137019781595 489.4500550722679 0
207.6765371934896 501.6846632719252 0
210.640414034148 495.2119152819214 0
-595.2437032348364 -1.424331427316553 0
-621.512319145523 -0.07119530998162819 0
-607.4032535349181 -0.242614745212292 0
647.6965521204174 -1.585172262559057 0
622.0758815857147 1.341666671696589 0
635.7012764202533 -0.03923532589963982 0
-647.7267430286697 -1.516635415907257 0
-635.6144222533281 -0.2577475199483226 0
-1102.864764782932 50.51666828944368 0
-1075.53119469203 51.88946842960367 0
-1088.819359610087 50.69483894138565 0
784.0850750585497 1160.336338850546 0
652.8516686449041 1239.30567260093 0
720.4302987921517 1201.05384464222 0
784.0851182989916 -1160.336330314951 0
652.8516686449042 -1239.30567260093 0
720.4303041972069 -1201.053843575271 0
715.2738887057571 608.899511403662 0
804.5238944843013 484.9209660693696 0
762.4364995762722 548.736083645871 0
-715.2757340755653 -608.9016180420274 0
-804.6869520824391 -485.0498042118184 0
-762.4617229042721 -548.7562201750421 0
-715.2731409759657 608.8994831115524 0
-804.5244334078973 484.9200021465576 0
-762.4364797328949 548.7359499218585 0
715.2770326535244 -608.9043747476657 0
804.7240586479645 -485.2163157392043 0
762.4675066598331 -548.782217705882 0
-1123.914512277946 -36.70620308047813 0
-1104.065772290262 -48.94088172467545 0
-1118.510058324598 -51.07308326214926 0
-1116.643683423494 52.24018762084887 0
-624.3126728752146 -361.162354535923 0
-657.3521080286465 -297.5298039934859 0
624.3921654653789 360.9124198884821 0
683.7733860750042 230.8609814288647 0
657.8526844994933 295.988368026173 0
624.222434446648 -360.9652928404184 0
676.8333230687113 -232.4879957735857 0
656.6909790522211 -296.279861163077 0
-1346.26890036107 294.4813995460047 0
-1375.4426695705 149.8339800814652 0
-1364.593497260191 220.9365865803236 0
285.5887714014286 -110.8537182559195 0
286.3400795698492 -204.7585927752778 0
175.1306770447933 -108.4872775489002 0
232.446298428754 -156.8120911362417 0
511.1503794336825 1304.627475460695 0
582.9295198408175 1273.916946117915 0
511.1503794336825 -1304.627475460695 0
582.9295198408175 -1273.916946117915 0
-1377.730982686112 13.63799701760431 0
-1379.614023890277 81.12703406126673 0
-286.5689272252334 9.749205212937849 0
-363.7790079118782 61.73869676734333 0
-304.7384686462602 137.8200475864604 0
-292.871587944551 74.13723040827777 0
-1120.268525770643 -9.664287250432693 0
-1104.122248152834 3.766391394639541 0
369.1162101912299 402.7190712428439 0
457.8820132562659 296.282530614804 0
415.47347198452 353.5562323244461 0
-369.1373452548028 402.6254749683741 0
-457.8803059185082 296.2838475097719 0
-415.476525978785 353.5420862108554 0
-457.8794297369678 -296.2859120848254 0
-369.1161923736038 -402.7192233181042 0
-415.4730940924964 -353.5567430272166 0
457.8799533620928 -296.2843193868409 0
369.1754646810139 -402.5852809094943 0
415.4822630766357 -353.5359690642339 0
376.1756816411327 32.67831118375442 0
428.2030505151 85.75801738822703 0
439.9501802077634 -7.002979178888962 0
435.8098613735875 38.07188168961851 0
1189.698530527434 -8.609085843818816 0
1176.719787862907 18.20255562716568 0
1200.095994060202 39.83658761564959 0
1223.227805048514 18.29045780913335 0
1197.244156832889 16.59711755994882 0
1153.687124172544 1.339708536702517 0
1163.07092322969 37.61148213734624 0
1159.400205510601 20.38105607124492 0
-1180.18883606296 -714.979011287026 0
-1237.376444394135 -584.9020219662316 0
-1210.603201018745 -650.7686385121083 0
-1180.188771458557 714.978135313484 0
-1237.374491411538 584.8486859098854 0
-1210.60284009522 650.7603119329148 0
-1075.390189211251 -51.38067658848187 0
-1089.265223173984 -49.49525838837091 0
363.0012303179719 1353.824857490285 0
437.7583654607392 1331.281034876205 0
363.0012303179716 -1353.824857490285 0
437.7583654607392 -1331.281034876205 0
-683.5962765862857 263.6856328649395 0
-680.0835827471719 225.518375235052 0
-1288.238104018197 -448.1610007025795 0
-1261.407390445454 -517.4852934225523 0
-1288.218219739623 446.0724869343545 0
-1261.402275411681 517.1340114185377 0
842.5623428504339 -419.8368329393742 0
-872.4383149819027 348.3795310398959 0
-841.2229961062651 417.8998544838014 0
-878.9033918353944 -353.4442850906608 0
-842.3075234964892 -418.7524176563129 0
872.4073408071456 348.4345325400488 0
841.2181101036171 417.9085507363906 0
1351.09964617022 -288.6598166332257 0
1289.222458799457 -436.9045407584792 0
1321.282322589026 -363.6379925051869 0
1363.579783959547 -2.253452144827707 0
1305.425736436244 41.68824226276868 0
1369.106803558892 58.50269658175711 0
-88.94901104127257 -748.0547339696659 0
-66.64670117825287 -732.8666378829638 0
-73.97820545684071 -755.0924402509836 0
607.3127942110115 716.7041643495933 0
663.35945586773 664.9779982573364 0
-607.230279951678 -716.6845586756217 0
-663.347929380996 -664.9757304967264 0
607.3128146324254 -716.704197268631 0
663.3598922565814 -664.9786761287261 0
-607.2302628339083 716.6845442128997 0
-663.3475688685591 664.9754328971459 0
1267.69763469398 437.4011116484195 0
1238.803231828093 571.8547059330336 0
1259.025486190216 505.9829429326296 0
1239.335902368663 -571.8288383330669 0
1262.62575495955 -505.8886398977322 0
-1108.341201184312 837.561146793149 0
-1146.061719322682 777.3089787280478 0
-1108.341201786772 -837.5611527305495 0
-1146.06172867846 -777.3091008417173 0
-1048.111144789775 15.80209024274538 0
-1059.957115007391 41.26294685039453 0
-1043.478207699732 33.53317267185023 0
-1055.899916267975 28.30666763085165 0
169.07532772167 454.4603204246437 0
164.8079016868142 466.8028609186604 0
172.7672045847254 463.0235083921937 0
388.3745616679066 192.9864870402082 0
303.8558802601842 213.9609727557651 0
315.0667613146572 300.6848178998594 0
354.0914365014669 248.5759485113891 0
-1044.527809422341 -11.05495012751679 0
-1038.877565409105 -36.04174692251549 0
-1058.531557412751 -41.38789957028738 0
-1053.043159136156 -27.21958692809216 0
1126.954729140687 51.30852710809686 0
1112.767816490984 36.86659393127336 0
1100.845613394171 51.83642254345897 0
1114.06605296 51.26561500785409 0
320.2584575839396 -26.35654202434887 0
251.3663751322696 39.55648271472814 0
316.1664226104782 30.65578951512927 0
700.7319966239688 170.797864349977 0
896.5554991253736 -1074.142745840127 0
842.4003355371701 -1118.233306253078 0
896.549014120834 1074.144039582985 0
842.3994330256643 1118.233486109075 0
1103.449467112478 -49.70705945353455 0
1077.918037457051 -49.33085651613985 0
1090.780735487375 -49.70535022772304 0
-1157.465337861065 28.39098409148275 0
-1181.111579055652 35.1058005617728 0
-1172.175446595186 17.80713798414565 0
-203.5571344939629 -48.89147904543291 0
-125.6172639256254 -31.34962563759512 0
-1290.000558898071 -246.166183032072 0
-1343.201973169972 -308.6398721503731 0
-1354.278950201894 -241.2813564660485 0
585.5392931638014 6.280094280489252 0
599.6197418413567 3.117323060779351 0
585.5056805702701 -7.08402761860287 0
592.2584714124586 -1.010597892788679 0
-25.77058802207177 152.6873347635749 0
114.2175677386999 98.04761943794193 0
43.53089896524484 124.9065513722171 0
348.5830667839472 -872.1620899128503 0
-277.6328689704775 888.7185747354888 0
-347.7098735066428 873.2829610693138 0
-281.6342463774159 -889.1074881846823 0
-348.3891842591772 -873.3476070593015 0
279.2957856920012 903.2938725102359 0
348.0768899449211 875.1193168746983 0
242.0550812264453 -680.2887501471732 0
137.398702731966 -717.8790028240594 0
184.5422142568744 -699.9840565362222 0
241.9622313719319 680.4693368613316 0
137.7803550088342 717.1211080257227 0
184.5988766865095 699.8732466001995 0
-138.6313546364326 -717.3574518026579 0
-241.980388390537 -680.4843617679967 0
-184.736845137294 -699.9258398172759 0
-242.0343350249407 680.5244928766405 0
-185.0867158305064 700.1569478145543 0
-537.94014876777 480.1940530355124 0
-627.4968667299255 364.8444622427552 0
-584.6953788241179 423.3200233637052 0
-537.8638815629776 -480.0954503557157 0
-584.1663137582262 -422.6946420313467 0
537.8652971040829 480.090789338909 0
584.1789057901713 422.6547041299433 0
538.075007338064 -480.0652757747987 0
584.1857509646122 -422.6589735761735 0
19.97634444284236 802.4326535467455 0
12.84342362900981 820.671988716976 0
26.7720789919956 815.5122080319694 0
-355.4312504168412 -58.27209666412927 0
-280.3588643517252 -57.32512794492365 0
39.94489176711686 359.2062667113651 0
-45.34909847882982 249.5316251723512 0
-53.4427982129711 341.8324150742408 0
-1.837846885680755 305.7307739919404 0
216.0520866220882 225.4021134771101 0
163.9713292779614 336.3927256922234 0
234.9384275612859 311.2713458513502 0
183.9120372435086 281.3611457020943 0
210.3021522821918 1386.24413348476 0
287.1009529852809 1372.152741667485 0
210.3021522821916 -1386.24413348476 0
287.1009529852807 -1372.152741667485 0
-18.63036388847712 828.6520660004167 0
-36.9020131165591 818.0753080514053 0
-31.26100165550462 845.982946932492 0
-34.27679263711 832.0276959243872 0
-25.45111753401263 -833.5258815556032 0
-39.70253827794946 -846.322596834279 0
-38.60580295237163 -833.8761495794523 0
-1063.114276404866 53.36934380456458 0
-1062.553720903107 -53.55557673507015 0
1151.802078569781 51.55377290379759 0
1139.435458226513 51.4745948853619 0
1129.537054353868 -49.71046781295891 0
1144.953299197593 -35.30772926566509 0
1142.518549673761 -50.71407046600262 0
150.6833301996257 -1.466959138043105 0
66.46670853718018 -128.9329471645086 0
109.0290367562335 -65.83126991515456 0
-147.7961064911005 231.8908599974952 0
-90.16982194787384 188.7810810669882 0
216.5054002933732 127.5958086745037 0
257.6260204662694 176.1400317476957 0
1132.370494197308 -15.51190454826067 0
1163.98854934652 -22.71097296653497 0
1148.643731009546 -17.79146660146597 0
-255.3230664909022 234.7812124390031 0
-328.5891207653842 197.7478638002104 0
1258.018365579701 -10.98760603670016 0
1292.241527165363 -53.00799297573721 0
1219.956245290346 -49.02750763908355 0
1251.814678247912 -48.00482806129408 0
1300.283805582369 246.441750951773 0
1361.901183571495 241.5795397079852 0
-429.0963736414711 0.720141845046756 0
-427.5690013710775 -52.26821464398808 0
-431.1677022077711 51.40781646804268 0
-173.4995558715301 -525.3726450941269 0
-202.9298822316754 -513.2172719115391 0
-190.6605652371508 -522.230386911658 0
-318.1109150507262 -290.2517401373874 0
-360.8641923051792 -237.960215080911 0
-234.008338456064 -286.7698060004325 0
-238.1834033112456 -366.4958786287322 0
-276.4750210216832 -333.4157254322384 0
31.47629059305893 -837.5230675754408 0
7.46356176307196 -832.1635630741549 0
18.28364767640985 -809.949248203966 0
23.77207382560674 -824.1262020428155 0
1026.869445989011 -26.30038797764721 0
1028.966987817751 14.62836395756925 0
1048.116424258523 -8.467798143449313 0
1029.22279463885 -6.436951583169373 0
1084.003796980503 40.91207087177046 0
1087.812260490775 53.47665678180921 0
-147.0484435502386 -291.9067812504766 0
-186.5482134834973 -241.4788727815108 0
10.71257714861872 -263.8555188292257 0
33.78268853449406 -195.9733039577499 0
-1319.396423560262 370.6637537215626 0
1064.191983625118 -31.97920083463999 0
1064.434950887148 -49.28868564663006 0
1116.551672324481 -33.54526819889453 0
1116.369668343334 -49.51436392825278 0
-125.8069443800548 -958.4424675066572 0
-26.6890951103195 -945.5501660175419 0
-72.91889615181606 -959.1566312622659 0
1184.416300627828 698.8178162566574 0
1213.496623597824 636.1125244158563 0
1184.374401139555 -698.4596523775573 0
1213.57143624186 -636.05351493015 0
-1305.634955627716 -31.52145565487018 0
-1371.60307141778 -51.67380111128137 0
-667.0429960881356 -7.087938363702555 0
-657.5799000868051 -4.278915393565609 0
982.4330891015471 97.76754806590731 0
946.3637592004696 105.711812498749 0
967.0539635307496 145.6049044384619 0
976.0811329966384 120.2307479259977 0
29.90285855528032 786.9158356274394 0
10.78467939736015 772.8390656762856 0
0.1648719213118548 791.8987757698227 0
15.38342549051602 788.4332942140361 0
-64.18573819284019 -329.2181121128312 0
-113.8124128341188 -390.3463994378927 0
-170.0335075748711 -365.7056724749214 0
-122.7784479478532 -343.9054093073741 0
54.94955718606708 1401.482989614166 0
132.8366026372765 1396.018586056698 0
54.94955718606629 -1401.482989614166 0
132.8366026372759 -1396.018586056698 0
247.6575709225546 381.7561180944738 0
278.0642462174622 345.6359569241685 0
-1022.576649546826 950.9621874944879 0
-1067.122855386879 895.5060262747469 0
-1022.576649546826 -950.9621874944877 0
-1067.122855462186 -895.5060270169214 0
1246.439977542368 101.3294591971948 0
1247.722977854108 130.2770056397805 0
-1163.809956127206 -37.85343868038586 0
-1144.825505577813 -34.8908122592654 0
-1153.822196708683 -45.32468028490403 0
2.756543314059249 840.3525364862708 0
-10.62597279405868 859.7715880771514 0
14.30111744330735 870.245187611137 0
23.23193302096928 852.8839489430443 0
7.171918852290647 855.9516837439648 0
-170.8012402985069 471.2042893311504 0
-177.817179125614 463.4369573485333 0
-177.3045280049338 470.4196089753421 0
117.412516513987 -341.3195998851837 0
219.0529168288546 -330.9414773840898 0
170.7502548623265 -372.2856906794965 0
165.7698146289714 -328.2927051191804 0
164.7538419845847 -508.0522726499036 0
153.5588234780583 -523.0522755274012 0
154.5189524728138 -511.5202511259342 0
-1246.293208039298 -53.92008009591876 0
-1253.107401576252 20.8915162968793 0
-1254.310436117367 -18.5896595600746 0
194.7953853407024 392.3426368649872 0
210.0562671342352 429.4920315054446 0
225.3911275525576 409.294941889985 0
286.8353571803831 467.2657828737561 0
324.6158481237918 440.7247582730523 0
-287.5801369037288 463.5582419926428 0
-324.7440266005315 440.1023020397807 0
-286.8368490256019 -467.2828142088367 0
-324.6160494669078 -440.727141340285 0
325.0066637338841 -439.8425759492173 0
25.81197987736388 749.3798185414123 0
47.30331850857954 761.2332578842133 0
60.82260575171475 749.5936743080563 0
46.82782684679239 726.3743158390511 0
45.14086663121817 746.7094166050716 0
-924.8685621394735 215.667328006751 0
-898.7570939733938 278.3238291391307 0
923.6809049687224 217.6302760080191 0
898.5567931012023 278.6608648108168 0
-228.5801942820178 -938.9770307067768 0
-175.7229898732349 -887.4230080312466 0
-222.5429909251848 -890.8657482928899 0
519.8751057323834 173.6244390745545 0
492.8135399397122 234.7037246140875 0
-519.7878441396338 173.7423476679297 0
-492.7989730150438 234.7232712050336 0
-519.7671252613768 -173.7657706466557 0
-492.7954487257189 -234.7274035210302 0
519.7488558257626 -173.7898123040978 0
492.7925207554042 -234.7311315657703 0
188.6479580636339 -492.0656694815648 0
176.6983110492845 -496.8693578379442 0
180.3582318608426 -491.1569481194213 0
176.7667911356735 -471.192816184485 0
168.0441009790694 -474.3110971556834 0
173.7313440605685 -476.5359894898434 0
179.1844833037578 478.8521122964276 0
173.469648542418 478.0377288254583 0
-172.7511276951398 -482.0313278864284 0
-177.0265828422466 -484.0340564113541 0
-176.5466272145619 486.1062022059584 0
549.0576383087871 764.2733506128475 0
-548.4061040476419 -764.0876223583613 0
-548.4061019057474 764.0876205504242 0
549.0576408628444 -764.2733547223036 0
-1234.407686595441 -202.2141408618874 0
-1238.671881335406 -250.5002206118192 0
666.5810939355905 -7.307114664782454 0
657.458802332474 -4.549148639341005 0
126.496918618878 -954.7952866537563 0
36.29625233109181 -942.7604281008826 0
78.50040083791832 -956.6834994654918 0
303.4366898872021 -302.314220779332 0
386.2421834576614 -189.4724830417661 0
345.3716264955817 -245.9390292247533 0
-982.6627904261994 79.39248913901558 0
-946.729406594358 69.33346820697855 0
-961.6241524418933 34.37178398828707 0
-994.2546575970463 53.82237756839648 0
-972.5480899845362 59.48109419599938 0
-85.63108046982725 -471.8761680077394 0
-84.71502659155084 -435.5681033673721 0
-25.77541138149419 -443.0737481041906 0
-59.69619599476259 -461.7630285280465 0
-585.1742371601285 -4.016155481304246 0
102.5235051506544 -399.8488115813868 0
47.3023323821891 -394.8342660623096 0
46.4168592026261 -338.6977762687133 0
79.204394709574 -367.645892249509 0
10.5288817423788 -780.2660648876627 0
29.25280798250288 -791.7895717258584 0
14.42655575647902 -795.7740193048126 0
996.3094548912633 -977.5922678964401 0
947.8104075618761 -1027.253980751977 0
995.9074028904124 977.6733698619141 0
947.7478406021344 1027.266577491005 0
-8.663012386790246 810.2349597564596 0
-2.712703981311341 825.0517625157344 0
88.0002466618094 -538.1656521982262 0
0.00680394258890038 -547.5271608830426 0
49.21576829666723 -545.2574320406309 0
-87.76226884177571 538.7592669453336 0
-0.05334433209908118 547.5299532579277 0
-49.18396162036052 545.3525135580484 0
-87.71501492838533 -538.7702630068615 0
-49.16726141534367 -545.356065797608 0
48.80986453858914 545.3169128694857 0
738.4661620987796 1.324103194469399 0
737.1268664049016 -92.74420442833876 0
740.3690121050691 -44.6116720182106 0
104.5560112705718 -445.7109407776929 0
145.8654074847043 -412.8013973513584 0
134.798965266818 -445.8525846814003 0
121.5789715191662 -426.3268580331595 0
-101.1282396929745 1399.353422592621 0
-23.11970776531545 1402.583214245064 0
-101.1282396929755 -1399.353422592622 0
-23.11970776531636 -1402.583214245064 0
927.6195672515681 -11.0618064748959 0
961.79136475362 -50.81547016129086 0
918.7609365202911 -61.39367346466327 0
-561.7927367498343 17.85082508608965 0
-544.4540699404837 -9.606157532552734 0
-552.4534005206934 6.440549402754074 0
436.6413325416035 -91.1353416052079 0
390.8059697199952 -59.18968396470688 0
441.9434744301447 -49.36363631653224 0
1072.34793324242 7.539378637751832 0
1063.425489901972 35.39138258208005 0
1095.716984326925 21.12068266511025 0
1078.687401897133 25.92020695676362 0
1328.299188757094 -193.3556949535132 0
1376.294167177488 -216.4930277517376 0
304.8863955913847 -654.1428858660538 0
304.120658255418 655.6557407817589 0
-304.1234220238144 -655.6582744554883 0
-304.1318570632818 655.6647301730727 0
-1014.126495270046 -5.987076374222728 0
-972.5496853844728 -9.521278348878102 0
-985.0781847558757 -47.21371882435239 0
-1014.994679830603 -37.26361691732375 0
-996.9363539711011 -24.54971357222671 0
-194.3346949937711 503.4578767783471 0
-211.3710779571705 511.1947411595872 0
-196.679079191052 518.8466990036293 0
-486.1584691169513 532.8155210851093 0
-486.1468918038071 -532.8002223407893 0
486.1470894856531 532.7995686201426 0
487.4693699499952 -532.6349072412467 0
1114.042163034214 2.537549543328852 0
1115.775442194662 -16.23011385860063 0
215.767136510772 929.5920549053944 0
-165.3758478345169 -451.3104201351355 0
-171.426513272011 -465.4602634785317 0
-164.3903382229502 -464.2172223330768 0
-28.25653402801007 799.9611882417453 0
-14.48699949504187 795.8486097297676 0
681.8444851915174 -132.4612924692671 0
683.1477909127822 -71.82426995808299 0
703.9756157162719 -114.6345734996975 0
683.0517763249024 -99.41750167004756 0
-93.36607950930592 920.1839286628399 0
-38.14087813537028 951.3973935910934 0
-85.54995600247787 961.7883774566563 0
164.4131557731795 533.1505328157853 0
142.2269446679494 536.4379920250071 0
-1236.138556281836 72.7803423290686 0
-1239.294185785732 101.9575735792722 0
-1212.552412205996 75.22479970040828 0
-1224.504421033714 86.53819109540756 0
1151.956076515374 759.8928871887356 0
1151.626917458255 -757.5199662969897 0
1066.823695760233 -12.64636535758391 0
-211.9813815497091 890.5846066910315 0
1314.631524426222 -116.1041523317006 0
1341.245840602075 -61.60481439711423 0
72.59645864991913 469.2301125986095 0
118.4219050042905 466.2538390745719 0
99.26204819234771 445.8379325501293 0
98.47524726076726 467.9795016715167 0
1164.192715180731 52.28046017130662 0
-946.0655864325091 -176.3705820807298 0
-958.3989935154738 -126.7483182420541 0
-913.3203864285715 -117.22714641922 0
-926.5935489664809 -151.9622353196702 0
4.365252828436374 755.488842875012 0
-0.6066472020694897 -746.5122027708936 0
24.97059644371712 -756.5997621628376 0
6.059741503161389 -763.7066488757317 0
-264.8238175879123 395.3495952873247 0
-291.8277403834354 362.8807281480509 0
-2.92151396732858 -376.8022737125759 0
12.41361092998221 -419.4632022604885 0
-31.50774603016281 -712.4681589985097 0
-89.41738963076759 -710.223040327061 0
-60.66531369463828 -704.1130019630001 0
-255.9944098851426 1379.884163620337 0
-178.8322788453542 1391.76657063382 0
-255.9944098851439 -1379.884163620337 0
-178.8322788453554 -1391.76657063382 0
-60.05049386416931 713.0541802909574 0
183.2260642381742 439.5693965438347 0
159.4411230253659 419.9726550253392 0
164.6020379546709 441.5297273868927 0
15.3884260440597 -711.2368361472829 0
-28.6138361723888 -748.9573758661503 0
-11.38581064542085 -728.7800639005894 0
-104.9428756284804 -476.2589266872972 0
-924.0936555035397 1053.638128733091 0
-974.8306282749811 1003.718166078514 0
-924.0936555035393 -1053.638128733091 0
-974.8306282749813 -1003.718166078514 0
183.538692864375 -507.2415329299207 0
172.0577824793044 -502.7498860758739 0
-185.2919184238264 -442.8873241550444 0
-182.8994670711166 -413.6671179060173 0
-146.8511270938423 -427.1093963752281 0
-170.3500182571417 -434.0759412296558 0
730.9840944581487 43.40534155859591 0
-1232.380340247469 133.8333550043982 0
-1212.550703327211 131.3849111178042 0
1042.071337275486 -925.3899983327893 0
1039.405387318128 925.9308453315589 0
-1217.300349067543 -142.1067379264854 0
-1233.352164774868 -122.6241616532752 0
-1211.683073743319 -105.7897098584745 0
-1214.015137386753 -122.8205136608062 0
-945.97203846273 -239.8382196364983 0
-915.5258696917085 -293.4910986187463 0
219.817559518478 -507.3961449950655 0
240.6755212538686 -498.3009978711634 0
568.8547062532384 8.39950842176731 0
569.3134652114531 -8.686427966695168 0
547.4996934895362 -14.22228873956991 0
557.5258763086263 -0.1813717465577018 0
174.4956128112067 -432.1684373460961 0
185.4573326665396 -449.9335196881943 0
177.0627728618747 -460.1609083428389 0
175.576226907182 -449.2610722376521 0
-923.6592209956526 124.3711290907567 0
-953.6947424899175 169.8031759975104 0
1253.36287376832 304.1167361614008 0
1245.789743708091 248.0255544566722 0
47.16064235549565 432.568323154546 0
-5.698465949719604 458.7650948012252 0
38.35413500418019 464.1323476465983 0
922.5381668452376 52.47407186052978 0
968.7581623914675 60.23326730962383 0
973.1863007269178 24.24417181521582 0
946.783511265822 30.79266776281526 0
1215.87477504093 64.21262011127824 0
1200.47228144872 57.93025584915244 0
-188.1460041829662 410.153022121369 0
-176.2640078503545 444.0846097517475 0
-140.5537802373715 402.7084718829827 0
-163.9441191391671 426.1403412969817 0
-12.72282975405519 -852.9125807360394 0
-10.33957415239695 -887.7544218041531 0
-34.52383113069581 -877.5100900512173 0
-32.52248632918675 -860.3675214163361 0
-22.38624184488469 -869.4730096509973 0
-109.4272798497174 -886.0323796929666 0
-154.1881624796543 -916.3655664926919 0
-139.4054310955846 -887.1202726791666 0
-29.88662111502421 -795.1209083000923 0
257.1907955020811 484.2421560278225 0
-257.2174861593538 -484.3594603131885 0
-1183.079746571105 -44.76926723198653 0
-1175.896053981231 -30.75740320870813 0
142.2178394101599 -460.5957446949058 0
1257.067957654709 -144.3967169362839 0
1230.674226302195 -132.2215088177534 0
-1248.224891196616 -152.3138598327135 0
-1251.522484753874 -97.32744456402371 0
-1257.656275351812 -126.3960809278696 0
-212.0188536008976 425.5846750682858 0
-227.8714145624728 431.0028090501186 0
-213.2295452121028 439.4636347804459 0
-715.790381349855 83.06176184806419 0
-726.3724688200152 10.95744790544767 0
-728.3433967226654 47.33708744989371 0
1011.057056866811 29.58208884469951 0
1039.590140893596 41.78470049727709 0
1025.835639324272 34.76667782399528 0
-143.0119800704674 326.8787774738875 0
-192.8562363831039 279.1625508738845 0
-407.7477052176265 1343.367008785911 0
-332.3718077098884 1363.712146345328 0
-407.7477052176278 -1343.36700878591 0
-332.3718077098897 -1363.712146345328 0
83.5212484939852 709.3280989290254 0
85.41679165794754 750.6032991948488 0
105.5465840339096 735.6958868610308 0
715.098003449339 -182.3165311138664 0
682.1425697947004 -176.0601619012613 0
413.4455302271949 137.657168856041 0
-1027.17560169781 22.82851964913072 0
-1018.948486828568 46.91089373632779 0
-1031.072148774549 38.82514539785963 0
1191.072533985042 -42.81063401146526 0
1178.754851614073 -30.76828402181782 0
544.0762094272698 -91.79699547967297 0
543.0603974104472 -52.72412565211331 0
560.491636060673 -54.04374209892259 0
553.6230510714332 -69.35358365383584 0
1008.379328706513 -41.67207989188642 0
994.8614063191703 -64.18282363911749 0
989.8129212326947 -43.97572706264793 0
533.6210381456729 126.1930097151023 0
-544.2735462238056 90.99994848251433 0
-533.6316141011067 126.4984637366272 0
-544.5169632123901 -91.31882663588773 0
-533.6077111857463 -126.5230894736134 0
533.6042319782957 -126.5774867225825 0
-141.0847414407151 -470.542055329848 0
-553.9469584338135 67.0063768404857 0
-544.2579173772705 -50.11986044825237 0
-554.5806285737129 -68.22825919551642 0
50.5503398164586 699.7619359359641 0
187.1759865771162 497.9394215477425 0
175.0802858240057 490.4413177047329 0
179.4955605057055 493.9262757159358 0
372.7948102850442 -114.864159925516 0
418.310565433348 -136.4719309975805 0
-38.33173393249441 -766.536689056005 0
-205.6443042006044 -391.5435601358703 0
-45.58336187181185 -865.9793527824604 0
-42.4997559429593 -856.648574044156 0
-709.6015747734266 -84.48533432324328 0
-682.6100229548053 -119.7936318376885 0
-685.234321522925 -88.59528202119586 0
1262.234318516343 368.0594294422104 0
-702.4154183699368 -157.4235790817707 0
-677.2243064156694 -156.6119236792919 0
200.2211460217312 443.5963723282229 0
900.2860822913862 -219.0638159479493 0
45.66568096254126 -780.9842859294743 0
41.8596994819735 -790.3787777466213 0
46.09593129494123 778.5305758442216 0
42.22352988325917 787.9627633499256 0
-688.3536980333034 -12.22237460104483 0
-731.533785887867 -38.97014361050947 0
-710.3287759328657 -20.01900162497058 0
58.84228303567916 -754.2912402215491 0
46.09092425363978 -765.8047228299697 0
45.07013947539981 -732.8567001092414 0
43.52388628444763 -752.5710696587897 0
-1148.165311640332 40.42822861980926 0
-1194.872384966615 -61.60064627038643 0
-1184.224737751581 -57.340747961063 0
-1195.506145680312 54.97192030386874 0
-1183.550027863739 52.18761204095093 0
177.3284786760667 484.161046682604 0
173.2276584739807 487.2569684253062 0
-70.89551234907158 419.8880520317648 0
-87.44030167452024 468.316683465747 0
-51.75964691193911 460.9747169170588 0
140.1111070235746 -900.5235341298682 0
173.4572298842677 -938.9860182412922 0
-1255.413024961217 125.8946449927193 0
-1224.730762641565 -166.7224957329366 0
-968.2297156653719 -193.9411310522673 0
-481.9655201227078 1319.079921546224 0
-481.965520122709 -1319.079921546224 0
-950.0372989778978 -70.62569032879074 0
-922.3410553801584 -27.63852675991251 0
-911.6131809318072 -72.44714008362959 0
-694.9443017173631 -1221.352710244054 0
-694.9443017173627 1221.352710244054 0
982.7143202280761 -133.759835653411 0
56.75276126062246 -873.4365522521831 0
67.33560631512327 -875.1734736343683 0
199.1968537847393 -499.1316733003906 0
199.883474283852 -509.517244826372 0
678.0671846208493 5.005693052982621 0
677.0078152428547 -9.602285545158125 0
-679.3575039825089 10.02977012654309 0
-673.8767006752367 20.10613615877594 0
-981.4265740202836 -90.67343715176317 0
-985.5659430653118 -109.3591487643622 0
130.936796934366 883.7891296018619 0
-870.6410913472497 1100.69367705839 0
-870.641091347249 -1100.69367705839 0
-172.8301629546851 -474.4676631285251 0
-176.3515797996061 -468.4718807905275 0
-1319.13886743976 -377.8088958453686 0
-102.0203326141028 374.0188990945029 0
-555.0294094465739 -28.29167181489798 0
-566.0616141029672 -27.37635856221808 0
-1215.023858612479 -68.02013614957686 0
-1221.271427541318 -87.13788734859227 0
-1234.026678377592 -76.46283366458053 0
1259.987415038192 -206.8715312230698 0
1227.068696418524 -231.6203269310998 0
1051.369095023772 49.09586665459538 0
-259.7125831046435 474.4015715506036 0
-112.6666901114884 -529.233704937513 0
-112.7689041797832 529.252849067946 0
1023.369386036679 -43.78188384830722 0
-28.33173194335664 860.7650810897062 0
999.0508126278265 45.86579955504436 0
994.4152565273954 25.67201587460279 0
-220.5764803338072 499.4598359310128 0
-918.8393005570194 33.48993543851725 0
-911.8632013680257 74.98731188342961 0
1112.676017050696 20.82132434329811 0
14.14794568040874 902.5360105768168 0
26.50006239771425 952.7512202549667 0
-5.834661780673034 928.4108743984445 0
115.1947712053155 -881.669042944987 0
200.9608447686405 -408.409670419855 0
173.1131968853695 -406.7263653729979 0
245.7384273431489 -390.3457621494704 0
270.0651743604233 -352.197709438989 0
153.7626245227381 469.8850094842948 0
159.4040037878178 471.5755325926936 0
98.2025664666005 -468.1647527789361 0
-1028.30978645956 -46.71946810487889 0
114.9464289209214 388.7674450863517 0
74.73738651614653 406.034764773651 0
227.0983002434618 -417.7322459533833 0
84.21515140400642 -753.0570137322655 0
82.29292824662178 -712.4143919479493 0
104.7962051819034 -737.3020406068819 0
128.4253882719842 -536.8886305026401 0
113.3008872280722 -527.6207111168687 0
-155.3817604068354 523.2069431743608 0
-157.2540141822342 -522.7445018363373 0
-1224.869343039218 237.042964024819 0
-696.9492690382883 114.55664000297 0
555.4335633163453 -36.26830533115147 0
541.7985113766506 -32.99802000545544 0
1289.195166617209 -166.0894148081895 0
181.0274617644074 480.7206349695894 0
-194.1079184371548 493.3363078456852 0
46.590872369199 887.9693464089748 0
67.57825283668203 921.1160398431584 0
65.23528015166154 890.4144540168097 0
49.69137969933156 -704.3425611037485 0
-116.3032535871672 -425.2674215670585 0
201.6101542264829 520.1282435004229 0
198.0194304963251 501.8889283407674 0
62.47806755781436 766.6398614730497 0
72.16865367064922 760.5375156845114 0
61.5537031013941 -769.0574822312411 0
71.06111567576882 -763.0277477544888 0
-120.0867555000375 466.1344526282356 0
-131.8785706433603 466.5859963348101 0
-569.7366086625566 24.13109016369156 0
170.4264972085962 516.8325964892232 0
160.9577303385084 508.6912357902301 0
564.9740013428565 -40.83041750364293 0
559.0914133439155 43.42038088412369 0
-197.1000809799038 -495.5646918850942 0
-190.8987619323671 -492.3665915371232 0
1249.392571441735 59.0479562579948 0
1217.066112905608 87.69763575234435 0
1233.124054469917 78.35659271840282 0
163.2069518238778 -473.2780291022806 0
6.950551087260151 -915.6882720065119 0
179.5798809472023 -467.4281089612592 0
1258.435047923977 27.27109367152757 0
-70.06811257773923 884.9938354123721 0
-91.90130857295017 889.5440202311638 0
139.8723039738653 469.8526887916563 0
146.9844032379408 469.8059337388507 0
-1221.197990902107 53.45229421603334 0
-1246.255880593593 52.42697728890386 0
-1205.222180615818 -81.39786706390819 0
-1208.348823668691 -92.29877408779161 0
997.9142445157561 69.06139437278243 0
989.8716132227744 80.53908115288633 0
-737.5126812323626 -116.6070701457614 0
-739.9844245813118 -72.75707053369547 0
-49.62707243139038 773.3499353906875 0
-674.8596449088041 -9.178281234524098 0
36.03201235072857 865.237971985443 0
37.80892824184713 853.3592440942103 0
44.75628351151179 -855.3262426645457 0
39.2061121868047 -847.471328543073 0
149.7373257032719 -538.0131194389319 0
-192.460246095981 -451.7284256175345 0
-167.036474444779 502.3042982494004 0
674.6506167413469 17.38320487432713 0
-160.9496895137817 470.8505365915541 0
-154.6323527832761 469.927383910107 0
-49.27230930975612 -877.4909057756312 0
-165.7275886318742 474.7894738827013 0
-942.9965156286595 7.446632372768542 0
-57.44055435801212 876.3360440542408 0
-996.1090730739915 90.69632447124756 0
1197.438834809733 -56.51154806963822 0
69.51783931303298 961.7816995336597 0
-541.2317280598945 -29.3650650874612 0
191.7570880864864 -454.5985000861069 0
131.4474722774486 468.000215908206 0
-1011.612264967408 57.52810372931674 0
-39.9421820215299 804.4335461719935 0
-235.9421815723856 408.8604064373269 0
-213.6328621269869 404.4651745859514 0
1204.926368532688 92.10448437630529 0
1204.772881249567 -92.68626519900801 0
49.62837894218239 -864.0445440412306 0
-182.7181199394837 456.3373390826139 0
-9.813744206132212 -834.3497954701027 0
-169.5330205482374 -480.0110180319483 0
-1204.860557283188 64.2418775299749 0
-1201.837730946918 -71.06867269810289 0
-728.5442705374243 -163.8373157736887 0
679.9367730011378 -50.30630046509771 0
-664.0588520316561 310.0473062513744 0
-169.0111364636864 -499.4738300058919 0
-244.371055790001 417.2316547518712 0
-108.5840518016607 474.0725415044632 0
918.475279103049 135.8847378084458 0
949.2329964606448 175.0295915775873 0
-86.97813366981848 -881.1770112251069 0
53.74547489562757 771.6354557385448 0
53.12522255419106 -774.0113038568379 0
157.4009837635139 384.3429680854747 0
609.3719282586899 3.3341486353631 0
197.0554428710359 -491.938629049857 0
1004.316060010339 -73.60894258048256 0
1006.045332648473 62.37418557177025 0
-206.2868161772353 -499.4780624563181 0
911.0040592080544 91.1408102642559 0
579.0251206993486 13.3823748393079 0
579.0176575865943 -13.53778671897394 0
-980.1786233815581 -69.67883074828556 0
184.0317617840034 527.1647905860564 0
28.00767578445067 881.2160503552386 0
-1033.39457752887 5.821075058066876 0
-1133.990480957066 -23.0900970938406 0
-179.854018199291 -951.5440388618165 0
-3.074998205563259 -326.2064716100177 0
728.9450139334169 -141.1515152174503 0
340.3369401198704 -77.50301446188249 0
-108.1789929659115 -735.340635238887 0
183.5830129043656 65.88035019397465 0
2 3 0 0
2 4 0 0
2 5 0 0
2 6 0 0
2 8 0 740
4948
4949
4950
4951
4952
4953
4954
4955
4956
4957
4958
4959
4960
4961
4962
4963
4964
4965
4966
4967
4968
4969
4970
4971
4972
4973
4974
4975
4976
4977
4978
4979
4980
4981
4982
4983
4984
4985
4986
4987
4988
4989
4990
4991
4992
4993
4994
4995
4996
4997
4998
4999
5000
5001
5002
5003
5004
5005
5006
5007
5008
5009
5010
5011
5012
5013
5014
5015
5016
5017
5018
5019
5020
5021
5022
5023
5024
5025
5026
5027
5028
5029
5030
5031
5032
5033
5034
5035
5036
5037
5038
5039
5040
5041
5042
5043
5044
5045
5046
5047
5048
5049
5050
5051
5052
5053
5054
5055
5056
5057
5058
5059
5060
5061
5062
5063
5064
5065
5066
5067
5068
5069
5070
5071
5072
5073
5074
5075
5076
5077
5078
5079
5080
5081
5082
5083
5084
5085
5086
5087
5088
5089
5090
5091
5092
5093
5094
5095
5096
5097
5098
5099
5100
5101
5102
5103
5104
5105
5106
5107
5108
5109
5110
5111
5112
5113
5114
5115
5116
5117
5118
5119
5120
5121
5122
5123
5124
5125
5126
5127
5128
5129
5130
5131
5132
5133
5134
5135
5136
5137
5138
5139
5140
5141
5142
5143
5144
5145
5146
5147
5148
5149
5150
5151
5152
5153
5154
5155
5156
5157
5158
5159
5160
5161
5162
5163
5164
5165
5166
5167
5168
5169
5170
5171
5172
5173
5174
5175
5176
5177
5178
5179
5180
5181
5182
5183
5184
5185
5186
5187
5188
5189
5190
5191
5192
5193
5194
5195
5196
5197
5198
5199
5200
5201
5202
5203
5204
5205
5206
5207
5208
5209
5210
5211
5212
5213
5214
5215
5216
5217
5218
5219
5220
5221
5222
5223
5224
5225
5226
5227
5228
5229
5230
5231
5232
5233
5234
5235
5236
5237
5238
5239
5240
5241
5242
5243
5244
5245
5246
5247
5248
5249
5250
5251
5252
5253
5254
5255
5256
5257
5258
5259
5260
5261
5262
5263
5264
5265
5266
5267
5268
5269
5270
5271
5272
5273
5274
5275
5276
5277
5278
5279
5280
5281
5282
5283
5284
5285
5286
5287
5288
5289
5290
5291
5292
5293
5294
5295
5296
5297
5298
5299
5300
5301
5302
5303
5304
5305
5306
5307
5308
5309
5310
5311
5312
5313
5314
5315
5316
5317
5318
5319
5320
5321
5322
5323
5324
5325
5326
5327
5328
5329
5330
5331
5332
5333
5334
5335
5336
5337
5338
5339
5340
5341
5342
5343
5344
5345
5346
5347
5348
5349
5350
5351
5352
5353
5354
5355
5356
5357
5358
5359
5360
5361
5362
5363
5364
5365
5366
5367
5368
5369
5370
5371
5372
5373
5374
5375
5376
5377
5378
5379
5380
5381
5382
5383
5384
5385
5386
5387
5388
5389
5390
5391
5392
5393
5394
5395
5396
5397
5398
5399
5400
5401
5402
5403
5404
5405
5406
5407
5408
5409
5410
5411
5412
5413
5414
5415
5416
5417
5418
5419
5420
5421
5422
5423
5424
5425
5426
5427
5428
5429
5430
5431
5432
5433
5434
5435
5436
5437
5438
5439
5440
5441
5442
5443
5444
5445
5446
5447
5448
5449
5450
5451
5452
5453
5454
5455
5456
5457
5458
5459
5460
5461
5462
5463
5464
5465
5466
5467
5468
5469
5470
5471
5472
5473
5474
5475
5476
5477
5478
5479
5480
5481
5482
5483
5484
5485
5486
5487
5488
5489
5490
5491
5492
5493
5494
5495
5496
5497
5498
5499
5500
5501
5502
5503
5504
5505
5506
5507
5508
5509
5510
5511
5512
5513
5514
5515
5516
5517
5518
5519
5520
5521
5522
5523
5524
5525
5526
5527
5528
5529
5530
5531
5532
5533
5534
5535
5536
5537
5538
5539
5540
5541
5542
5543
5544
5545
5546
5547
5548
5549
5550
5551
5552
5553
5554
5555
5556
5557
5558
5559
5560
5561
5562
5563
5564
5565
5566
5567
5568
5569
5570
5571
5572
5573
5574
5575
5576
5577
5578
5579
5580
5581
5582
5583
5584
5585
5586
5587
5588
5589
5590
5591
5592
5593
5594
5595
5596
5597
5598
5599
5600
5601
5602
5603
5604
5605
5606
5607
5608
5609
5610
5611
5612
5613
5614
5615
5616
5617
5618
5619
5620
5621
5622
5623
5624
5625
5626
5627
5628
5629
5630
5631
5632
5633
5634
5635
5636
5637
5638
5639
5640
5641
5642
5643
5644
5645
5646
5647
5648
5649
5650
5651
5652
5653
5654
5655
5656
5657
5658
5659
5660
5661
5662
5663
5664
5665
5666
5667
5668
5669
5670
5671
5672
5673
5674
5675
5676
5677
5678
5679
5680
5681
5682
5683
5684
5685
5686
5687
1030.392310137975 -1212.147992593135 45
1154.292577590406 1098.431629546212 45
1552.688148082982 -1242.638972559932 45
-1545.487742629731 -1089.441933235464 45
-1549.844002319126 1238.36573757497 45
-1239.700581945758 -1550.155939378416 45
-1240.484581149698 1547.873472857305 45
1087.867445713051 1541.094565579446 45
-925.5380912804119 -1300.66885879075 45
-925.0773314144532 1294.074129926114 45
1551.293896799235 1242.181222669219 45
1151.665410644459 -1102.150721715643 45
-1253.18732524279 989.9539619253769 45
915.4706475463963 -1344.091463254112 45
1245.6587029195 -1542.186087147424 45
1266.052141465992 -974.5870736986839 45
1381.779415554268 827.2879620971888 45
-1546.753169287324 919.280345084115 45
-1371.900428257662 -871.81276112007 45
926.5971567220066 1349.390538562181 45
-641.2404795553255 -1551.744390160785 45
622.3243476733863 -1548.34786947284 45
-732.6348824521499 1569.706634484461 45
617.316902146015 1511.861676885622 45
1437.804949265302 -684.0179131714571 45
1551.476433862806 -1093.699907928935 45
-1090.101939843485 -1554.066353015583 45
-930.4095671008613 -1530.20703896301 45
-1085.314740820862 1551.117809568141 45
-1530.935183941409 -613.0184354793539 45
-1557.5886545661 767.420148209323 45
775.6266273812831 1547.28665401098 45
766.5466128126668 -1546.751392436481 45
923.7955201616539 -1534.726251443275 45
-1539.848732240147 -762.0807251480612 45
1411.157351660773 638.0071867415085 45
-550.7582594741823 1496.354989183095 45
-1447.32951832338 625.4832619613254 45
1549.352557360702 792.9302479205194 45
1554.988318307232 943.219496472213 45
1532.991797160882 -515.5795586352917 45
1557.624771593555 310.7842237397861 45
-1538.61100606538 -461.8081177294166 45
-1528.235091569078 494.4188526023143 45
-399.8428087849924 -1537.188884466902 45
-417.3940111240747 1534.632552155088 45
1547.470190464893 -1546.33268326573 45
-1547.320558200922 -1394.085284909875 45
-1547.516763118666 1545.63409325308 45
1395.006039238605 1546.157204681147 45
-1546.17025567344 -1546.586173742111 45
1547.227092167504 1546.068390589501 45
457.6138176720999 -1518.985915951557 45
275.1869120444661 1561.703028627014 45
-1036.706795816825 -1199.369775992213 45
-1039.837103481735 1195.261563214157 45
-1256.640335926805 -986.3358349452786 45
-664.9367426952189 1452.977900304619 45
-1555.222031686806 -309.1833121679657 45
-1553.483274729568 314.0143223675039 45
1567.226425699244 -157.6286212821065 45
-259.958251752829 -1563.193452366531 45
-272.5799693463687 1564.555101704371 45
288.360078305678 -1557.07721622522 45
-516.0564467758702 -1530.710904857376 45
-655.775507214352 -1441.856486295562 45
-1566.879062256118 -154.9629207111783 45
-1566.551998739479 155.9762069833806 45
1567.906937076524 155.2129555959638 45
-85.67781303731293 -1593.039203310187 45
-134.3490457536751 1599.257516486254 45
179.934338036768 -1568.515336653822 45
20.90245059726677 1575.459249840767 45
-1417.654443204192 753.1738475827286 45
1561.217946645484 -752.5985039971629 45
-1416.852512089007 -750.121341395715 45
1549.058948052861 468.3597142927457 45
-793.5991266138619 1384.606279731221 45
-788.7396373819907 -1415.255315719072 45
1410.934271499382 -1247.846697493245 45
1443.683897564987 955.5631381928092 45
-1066.295854369835 -1402.44244862924 45
-1246.360000409556 1393.678164548043 45
1043.290178610126 1206.463816268436 45
1362.211094469657 -833.3809910238218 45
-913.3822968376619 1522.873663217329 45
1514.899448399289 -932.2160270597824 45
-1549.981249173937 1391.942749253823 45
1550.380103197548 -1393.759821849926 45
1242.69162353099 1544.983952986755 45
-1547.625294200399 -1242.369306190623 45
1396.571634100315 -1546.161238835811 45
-1395.066483617886 1546.105081175259 45
1549.654575507636 1393.638621270023 45
432.0407634576409 1543.724422729542 45
-1524.393972375552 -925.6543075605114 45
928.83776308155 1539.348743005407 45
1088.466990115607 -1534.047781132256 45
1552.446854178667 1090.24353462521 45
-1545.283570150477 1080.492405391779 45
-1392.79378790488 -1547.948651002453 45
-1150.807665623723 1096.822931877036 45
-1147.563778965162 -1100.083983538115 45
-1063.752061113103 1397.29278575133 45
-1425.335618349778 -972.2965955589531 45
1554.023280718305 -319.20425278481 45
-775.1450525784895 -1558.930320927984 45
634.3834334852139 -1438.224277600002 45
749.4964977048141 1414.545969362092 45
1110.5523090708 -1348.411301258851 45
740.8832931976455 -1404.578961514859 45
-595.1816966588835 1607.314226681201 45
128.3094146438072 1571.258146987283 45
1396.386634382651 -1091.091324591533 45
-1570.798625180479 0.2286039127749895 45
1571.665375052149 -0.7387901588464407 45
1598.786755150261 -635.8371657999794 45
1263.289458436669 976.4680950755414 45
1549.056228420065 630.9891769813578 45
-1564.982017585651 630.3341008540738 45
1262.560313227769 -1231.580229646268 45
45.60817812011626 -1577.773336205789 45
-1241.931575091667 -1398.311552033051 45
-1374.92770411857 1087.122250377885 45
1258.264957852339 1225.166607291465 45
-1378.95259291289 -1096.069577995555 45
1403.959426955266 -1394.702679724517 45
1104.096524520889 1387.691293975832 45
1400.918187147534 1394.530671057047 45
-1395.712100062949 -1396.563265367421 45
-1406.299957781728 1243.294856658004 45
-1401.064990913451 1392.567503154356 45
1408.058938623358 1247.239885331794 45
1261.390177310333 -1390.446481640522 45
-1119.924919204069 1269.081019121212 45
-1115.100570708225 -1274.659973757831 45
1389.085189716777 1089.764479541768 45
1251.942132794812 1393.113429698431 45
-1247.198991609928 -1228.129834030669 45
-1400.41529949948 -1249.336978932828 45
-1374.729202729057 899.7361999515228 45
1128.956078549683 1276.42138828333 45
-1253.861351372079 1222.150911233291 45
1181.438641753771 -1282.090840332471 45
1265.983244325279 -1319.302940898014 45
1193.036877073845 -1379.750653807778 45
1212.68181442601 -1325.892049508873 45
-419.5652609155134 -1606.018559231437 45
-499.5970319234612 -1603.306371823076 45
-458.7957855986033 -1527.960989878738 45
-459.4340755206096 -1582.595310299984 45
-1346.315886637601 748.3780538280035 45
-1403.794689909927 818.5043408651997 45
-1308.328584612113 831.1851673789901 45
-1350.1062011207 799.4973830032588 45
975.0615057274895 -1266.09951733999 45
1071.120586847087 -1269.150181126126 45
1013.770499614344 -1358.590095165965 45
1019.387590502685 -1299.329012882632 45
-1451.148059724264 -887.5209610492416 45
-1402.410582875649 -942.661715784864 45
-1462.499811013036 -962.8298380317026 45
-1439.764925937679 -929.6693899629975 45
1409.364979201763 -1177.976920092779 45
1344.546319786641 -1245.465418217054 45
1320.941075612814 -1152.832562377439 45
1357.565122341782 -1191.275810088528 45
-1474.752136056222 565.583724450303 45
-1557.77677149061 567.8284234562851 45
-1505.762311890835 632.0968696600823 45
-1512.998065581359 586.424400200461 45
-1304.24528575333 1038.598254328636 45
-1303.321192456055 943.3779548210123 45
-1386.355701239518 993.8670889810985 45
-1332.618447346489 992.0433552089946 45
-869.3546154693307 -1464.541369692847 45
-778.1505071268059 -1494.607891099172 45
-843.6798335150747 -1553.198100096587 45
-830.7225297588072 -1503.06324824278 45
504.9503311124588 -1439.719374744817 45
411.537203817183 -1450.416570824436 45
460.1298261186449 -1421.375755869167 45
-1307.10646546002 -1155.198194006425 45
-1330.963851556093 -1246.438196074867 45
-1397.056376710491 -1179.890599281851 45
-1344.010177508536 -1192.955050538254 45
-1018.256742886767 -1550.036242105546 45
-1086.753390323533 -1485.311741933945 45
-990.249776828814 -1460.633670926641 45
-1031.084144861855 -1497.544680183571 45
1358.137953512695 629.7943894328027 45
1408.657876148532 560.4072525653688 45
1369.768833595094 573.7075104418875 45
-119.5960541088239 -1645.396044338411 45
-42.06673338129676 -1645.620569428599 45
-79.79186680835343 -1663.899525681237 45
-534.4913566285894 1635.798641030126 45
-611.7617900663075 1654.64712162462 45
-561.1908220141037 1665.451423061568 45
-73.69293395364639 1632.858407187588 45
-149.4630118899048 1651.298505882537 45
-98.77907936323597 1663.09849671774 45
-1009.517613520528 1545.92825853427 45
-981.2793146758069 1453.379056577965 45
-1082.178003812305 1481.200767216121 45
-1023.145044333209 1492.512232677097 45
704.5372419145109 1541.661029142798 45
769.9903094471026 1479.470536051092 45
684.9537764375413 1450.047025501609 45
717.7685155202673 1490.730551272695 45
-538.6559264983586 1434.857437367203 45
-616.629957165968 1404.423990186004 45
-608.8605265109391 1477.811861750757 45
-586.63621534084 1436.528774107899 45
1542.953413524078 -1021.851039656486 45
1482.055474151416 -1096.50152901787 45
1445.956774497115 -1004.990966268071 45
1489.395731202829 -1040.148617186667 45
-1400.14313885083 1172.527432795805 45
-1337.56090600712 1240.343046382304 45
-1310.108531593954 1149.162013747043 45
-1348.246622342944 1186.241388728236 45
1340.459193045512 1243.531289665897 45
1405.750993532476 1176.803892208955 45
1317.19967208838 1150.704765245159 45
1353.603844882745 1189.374015194596 45
302.116645962356 -1626.846898479752 45
364.1877310531044 -1544.356822515085 45
460.1245310032683 -1616.610682160333 45
378.752086470355 -1620.977640748436 45
-1162.209011292681 1549.677316542508 45
-1238.40742450577 1624.031177011833 45
-1083.224172032224 1624.119297525788 45
-1160.890851568928 1624.594825361248 45
-1546.433525174974 1622.787178795003 45
-1623.726232470966 1545.544769656203 45
-1623.215460189297 1622.758637211977 45
1471.104354301425 1546.255056380765 45
1392.84817226532 1622.928465591584 45
1546.31061979521 1622.949075739945 45
1469.587928209495 1623.013024615745 45
1623.58780847938 1545.813104219168 45
1623.147237758179 1622.863637595777 45
170.5188184494219 -1612.977619684767 45
223.1033746636998 -1564.484473592494 45
232.313506427879 -1627.983621331274 45
548.6859778484342 -1538.683141403312 45
619.2844372074376 -1622.54935423473 45
541.553735323265 -1618.57338298996 45
-1616.487071030698 -615.323016463001 45
-1535.395667924472 -687.9345968376886 45
-1619.032176570429 -768.068850866081 45
-1617.707392222025 -691.594915445925 45
-1546.729781128289 -1470.210613079024 45
-1623.0625006366 -1546.027323780891 45
-1623.540183021676 -1392.492205577161 45
-1623.317205211502 -1469.211886485038 45
1626.085773904053 -1239.6358408568 45
1552.791802905039 -1167.486921265765 45
1624.151163419781 -1087.502513093084 45
1625.89744068919 -1163.513616368192 45
693.585693998397 -1550.512250814396 45
770.4736677096691 -1622.727204045432 45
694.7846083618888 -1623.884868526513 45
843.3189754454886 -1540.304646187194 45
925.9370277884545 -1618.087200280901 45
847.483984982538 -1620.310510456208 45
1552.629969017774 869.595741407809 45
1626.614394653615 935.2466283726977 45
1624.784451743365 782.252786242477 45
1625.90265706536 859.258302587411 45
-1545.797029433202 -1623.256615347168 45
-1622.89007225702 -1622.994447580754 45
1546.412632907201 -1623.093942430209 45
1623.643808063285 -1545.949615127624 45
1623.177185005334 -1622.941694870491 45
-1551.608397363889 841.6335070592 45
-1628.61312376795 770.8665815184138 45
-1623.855230906211 923.791073226421 45
-1626.015093336577 846.5601167177914 45
-1163.619630296206 -1552.183198516504 45
-1086.106690380299 -1625.781761476217 45
-1238.271967478979 -1625.178122937368 45
-1161.938870326955 -1625.911293664944 45
774.4538479745231 1621.598627266397 45
615.2395441109092 1613.381387948938 45
696.8525130156801 1617.678761118342 45
-929.1900132158381 -1621.433713295474 45
-1008.871507100308 -1623.199892455358 45
1204.293374057211 1154.155203798033 45
1097.76731291949 1152.455094080263 45
1093.670677906095 1248.466003849024 45
1175.65847600333 1257.905952601138 45
1144.188794815733 1202.831801728563 45
-1471.554345851081 -1395.623185751484 45
-1547.840686336225 -1318.279534810557 45
-1472.679570191987 -1246.031459233438 45
-1398.079299296267 -1321.635381540612 45
-1472.639565982027 -1320.499608106358 45
1093.961207420391 1462.596665574613 45
1165.896160330632 1543.482136720883 45
1247.104309832044 1468.649600887006 45
1178.027441635834 1392.382851574728 45
1171.317447718071 1466.734545055077 45
515.9455022410147 1530.643250716669 45
449.1781451271671 1621.303438542252 45
531.1414139602018 1615.490793722935 45
1548.948216534465 -1469.865548087223 45
1624.990293070895 -1392.418093662405 45
1624.352716847963 -1469.101408151518 45
-1469.485974526992 -1547.281313282426 45
-1391.826550479166 -1623.959022379934 45
-1468.804330284378 -1623.602928973282 45
1625.011920480608 466.2999389412724 45
1548.839467602734 549.2165608102837 45
1624.307426203795 624.6509931518292 45
1624.494201926999 545.2763736109579 45
1319.032130880977 1545.842473933113 45
1239.28460212963 1622.27754599546 45
1316.177417420153 1622.746640505578 45
-1318.14036461122 1546.738962917711 45
-1392.819295056285 1623.073971526131 45
-1315.737110320661 1623.455207457108 45
1240.459823133489 -1620.887230375464 45
1321.480172982871 -1544.875813624674 45
1393.58199883138 -1622.87166196232 45
1317.264315632318 -1622.157126414114 45
-1622.348890731208 -1085.094092599829 45
-1546.64620389385 -1166.112813010593 45
-1623.611674382804 -1239.228190837893 45
-1623.20393049756 -1162.391733381688 45
1625.428539741463 1239.315284066306 45
1550.810409377138 1317.914399654982 45
1624.681979551415 1392.324599846547 45
1625.191064190488 1315.805148069556 45
-1548.818475489076 1468.702752323807 45
-1624.776658109869 1391.405896717506 45
-1624.320057145378 1468.450260504552 45
-1537.941386874638 -837.6286106498018 45
-1617.60627782203 -926.2701478106949 45
-1618.024327640465 -846.0199274457282 45
1554.617949508922 1015.857786720802 45
1626.167121845699 1086.483166931384 45
1626.760827850105 1010.638873969752 45
1006.401110981691 -1532.551576677134 45
1084.545266988162 -1617.607730612828 45
1005.315284849891 -1617.103000412852 45
-1624.552036386057 1237.077707969286 45
-1547.671448207564 1160.265430373394 45
-1622.915101402063 1080.901781190342 45
-1623.754598020189 1159.302690998227 45
1084.431496788694 1620.560632695283 45
1008.771734808119 1539.048322950027 45
928.4553609221905 1620.34374973211 45
1006.474198354215 1619.996912036861 45
1615.412966707134 -928.4655071101645 45
1619.218769982908 -1009.880704896564 45
1302.686578329552 783.9347647915896 45
1208.045718995044 925.2515706802246 45
1316.017067545167 908.6294340552331 45
1257.937856229871 857.8319365929539 45
857.7815325131496 -1264.524892381727 45
816.8407185676106 -1379.718560829275 45
713.1603294668741 -1340.675955537859 45
785.0026134948732 -1307.125186334449 45
1102.856687838159 1046.401912798181 45
990.1623318994718 1156.902986277159 45
1047.165518958496 1102.100962708671 45
1208.464424221841 -924.5243335854979 45
1300.205058507026 -789.4695440521616 45
1316.910694443327 -905.3626213036578 45
1256.441668956146 -858.2679539290673 45
1445.256871646769 -486.153551036788 45
1483.394969794829 -317.0882459127084 45
1544.479054305094 -406.4192619508436 45
1468.168250532286 -400.4815633403106 45
1397.788902568788 1470.06543118656 45
1326.502319773392 1393.713038307628 45
1322.572791904785 1469.595471817833 45
-1162.366163470918 -1400.720434654022 45
-1240.434494772484 -1474.628284279161 45
-1162.164768686256 -1477.479236992379 45
1548.802340485754 712.6325474900002 45
1624.428506476013 703.7888970368321 45
-1544.710243209777 999.6126903463538 45
-1622.87012058589 1002.196300011352 45
1629.109046537461 -767.2945199175958 45
1540.967260369913 -830.8788414780126 45
1620.226738251785 -845.2431430750418 45
-1623.721476514614 -1315.900467518603 45
-1471.441705025047 1545.849357093454 45
-1469.70505778855 1622.909202933385 45
1471.960253727359 -1546.485233387118 45
1469.996167512569 -1623.116340410275 45
1168.39101614001 -1537.969503919605 45
1163.060087312607 -1619.114357098744 45
-1550.590616175922 1315.340189344829 45
-1624.951003918681 1314.367685828045 45
-1562.77667703828 697.0438041189639 45
-1630.347414765098 624.509585755938 45
-1630.558182251601 697.0042137896886 45
850.2234832584978 1543.291154236458 45
850.956893591966 1621.473017276283 45
1548.458265191586 1469.667397085603 45
1624.162107122224 1468.987329645024 45
1551.56668548715 1166.001677173076 45
1625.777981983246 1162.735632947283 45
-1541.495269423755 -1012.603694161606 45
-1619.61841056613 -1006.709178911538 45
1551.881300710838 -1318.054759844438 45
1625.698106508905 -1315.929254734588 45
-1316.186292043213 -1548.883424022866 45
-1314.960309733252 -1624.490493678224 45
292.8643668540735 1630.381101980663 45
352.4545883598363 1553.863352497316 45
370.1670370992104 1626.388619577235 45
1162.128976088672 1621.534643510046 45
1475.24244112736 1394.507781135813 45
1473.103049906271 1470.094060912305 45
-1082.550574519356 -1243.423228941709 45
-1162.982607640131 -1258.854837553324 45
-1194.851784435268 -1156.478399284113 45
-1091.208292209192 -1150.643456354758 45
-1134.37343720174 -1201.933151774529 45
-1086.65721600885 1238.300604069922 45
-1095.046273563166 1146.913243138399 45
-1199.529428977247 1151.690689603555 45
-1168.586712139079 1253.132094552974 45
-1139.274489836541 1196.973046520973 45
-987.3401032942973 -1151.879114429383 45
-1099.458705970997 -1047.203627793719 45
-1043.940859279978 -1100.658449023972 45
-1394.062404793779 -1472.164239878997 45
-1470.433590723212 -1471.278117298022 45
-988.8587765192431 1149.641618326241 45
-1100.830359335247 1045.746466627242 45
-1045.700107890728 1098.739948412092 45
-84.63256116126891 -1515.322932825764 45
57.03694767567093 -1534.123615079294 45
-2.318467542645717 -1581.154837736283 45
-8.388690993684023 -1518.921647942497 45
-774.5655429707806 -1627.704505053968 45
-850.0346014825128 -1624.443507588029 45
-1203.403966814676 1043.331074170063 45
-1256.082968725937 1096.891449330819 45
1407.75565965527 -1320.138691688579 45
1331.882672096301 -1393.374669750077 45
1336.475957441395 -1318.40373532337 45
1480.519592242881 -1245.416673983355 45
1479.993093180971 -1170.715873799751 45
-1397.808548610793 1469.281428890787 45
-1475.609008137414 1392.47943609501 45
-1473.439867009298 1469.033464604115 45
-1476.439522141513 1240.677565397345 45
-1465.978101298647 1081.757389747465 45
-1471.541527218441 1163.290067637253 45
-1242.639591810251 1471.171853616826 45
-1324.685757872535 1392.649798725181 45
-1320.912259325109 1469.927667164249 45
863.7476208458488 1266.403226730544 45
989.9840284170414 1266.325033058635 45
930.4322856208398 1212.592174152207 45
1376.580108552213 -645.0632804702504 45
1401.500718566642 -759.2900049512557 45
1339.759414961513 -718.3524432634698 45
1502.898467491134 -157.5106042195935 45
1561.64698396707 -237.1482434785743 45
1494.744648690025 -236.5458257247925 45
1478.36396871998 1244.882180330651 45
1404.623439881611 1319.66400392826 45
1477.328315095621 1319.396230060508 45
984.4770404901656 -1158.309427685 45
1101.165290088968 -1047.689633524364 45
1090.64435854201 -1159.424332056667 45
1043.415389789403 -1104.316099992525 45
1209.709916627137 1039.614695015485 45
1156.440771494569 987.5556196092202 45
1210.394113272975 -1040.417988915167 45
1156.328640858332 -987.8189284534275 45
1400.727033703977 720.8436245379262 45
1336.293696248759 704.4268507623759 45
1486.178038173329 311.2085349529564 45
1563.287828549988 233.0015013291384 45
1503.373843137647 155.831255437575 45
1495.920222407848 233.6435229285384 45
923.9428189888183 -1212.46374406049 45
1476.852910157961 -606.9885316885237 45
1412.727055948795 -568.3846587207852 45
-1319.291490894313 -1397.060285334787 45
-1317.502328816027 -1473.170186101206 45
1570.458148410623 -78.93690088880138 45
1509.397051045087 -0.4919473998404937 45
1507.686476315354 -78.86689542053192 45
1476.876758411207 -1394.643032481549 45
1479.275059956427 -1319.663973707288 45
1400.296720223247 -1469.995477764819 45
1474.432751741105 -1470.259661458421 45
-1626.232827784528 312.3809886048821 45
-1561.182059755532 234.4119824870738 45
-1632.731927416508 155.3780471146429 45
-1630.035278546003 233.4468167682992 45
-1561.941151664551 -232.2599206269431 45
-1627.332849507474 -308.9777192384411 45
-1632.963338350288 -154.6621800768537 45
-1630.558323312987 -231.9188844383956 45
1252.972630488048 -1464.482086784501 45
1095.814412159761 -1447.90215832976 45
1177.134920605113 -1456.336570639516 45
-630.4458513899733 -1624.353310197256 45
-707.6967039400477 -1557.501959621728 45
-701.9071058020569 -1627.472631556354 45
716.4561723959602 1347.978359829552 45
825.3038705856993 1385.130082436788 45
789.7532994815588 1310.696057913262 45
1326.696224388659 -1468.365851711971 45
-1310.714656123582 -1039.801300422582 45
-1203.115242093822 -1044.476405584199 45
-1255.284598042027 -1100.444492739585 45
-1620.859643241461 474.6713178074742 45
-1543.110688861962 396.9812801231486 45
-1621.803065443095 393.4383092248736 45
-1547.080760863921 -385.7564156220139 45
-1619.793074961865 -462.5322639958707 45
-1623.529872379802 -385.8896522177703 45
-1203.720604611051 934.5219531375022 45
-1153.187241591492 990.5127361497769 45
-986.1175365888797 1342.815920639926 45
-983.5675744613955 1244.160692124658 45
-1100.125190198163 1315.257198463713 45
-1038.811897023163 1286.644801786073 45
-1204.634238162823 -931.3181602576183 45
-1153.055714371672 -990.4638231607172 45
-1403.904957480855 1316.69268391715 45
-1476.869939754504 1316.400489075017 45
-1467.416510293953 912.5568228286846 45
-1464.195398494592 996.8014136473726 45
-201.2179467017885 1578.849011707286 45
-110.6906456267033 1538.198907905401 45
-253.6850862901574 1497.163635446133 45
-180.3701553313427 1512.613309363483 45
-179.7067655652193 -1574.499568819069 45
-244.9997993627108 -1495.926590384225 45
-165.8217698978389 -1507.517866901383 45
1255.923134885592 1316.795448993847 45
1331.166211643402 1317.309619518376 45
-1244.497368796861 -1320.572655759922 45
-1322.514638874541 -1320.298590589805 45
-1468.753305078458 -1094.061099138562 45
-1470.202453191788 -1170.746179123586 45
1326.669044064642 -1028.286646625867 45
1203.486100373399 -1161.48351634677 45
1266.734342486164 -1097.105985548736 45
-1625.872554586718 551.7301383369274 45
1570.673889566531 77.33856077470276 45
1507.854451131032 77.78445751889826 45
-1532.199097363505 -537.6387783843127 45
-1617.17890861807 -539.0747929684228 45
-1163.936444796271 1395.999938377186 45
-1161.600932931659 1473.827237309525 45
-661.0149996202987 1587.784875738509 45
-755.0759060525381 1634.249478589504 45
-680.4645856344283 1644.077338679148 45
-867.9850286088225 1245.826005373315 45
-929.5791247632767 1198.619805922088 45
-982.4303308245475 -1248.784078017831 45
-867.6964467442129 -1249.988993799192 45
-928.8210422694377 -1201.357520311811 45
-1254.761136166811 879.9662575768676 45
1641.029769369148 -628.0360288752944 45
1575.786694545259 -594.0155375233313 45
1624.638282308503 -483.9221751502736 45
1634.328628320971 -560.5278701113268 45
-1467.056372777315 -755.1154065473701 45
-1398.61340472806 -794.0825345165542 45
-1463.71429251914 -821.7184339352528 45
1582.755896017037 -682.7229845208058 45
1638.467353836222 -694.3212331551986 45
1430.046162052501 -878.7201605253548 45
1381.750116117159 -955.4590937606857 45
1552.214391327102 389.0029999325338 45
1470.670785034579 469.2281959015924 45
1475.694878438103 389.0113377028009 45
1633.635436432665 154.8373141533491 45
1635.418191989706 -0.480654709671383 45
1634.958668472972 77.23026135949576 45
-1487.083170415353 761.585771223003 45
-1476.351866262072 833.8899165861043 45
-1308.44182079777 -928.4129169517432 45
-1409.265636765009 -1015.166211835194 45
-1357.884889524178 -981.5251396766071 45
920.3446932993365 -1447.869184582382 45
1009.084268040471 -1444.526963990089 45
-1250.344327937604 1315.112850699806 45
-1328.699634700382 1314.999474946989 45
-1502.686940245416 -155.6647424435611 45
-1569.842622540015 -77.46237580126581 45
-1508.841702026911 0.1549337258118193 45
-1507.309269303272 -77.86361050734779 45
-1502.455367645355 156.3775266013456 45
-1483.02132728629 313.4497742580548 45
-1494.419364240132 234.6544716152548 45
-1484.372023899307 -310.0786669078481 45
-1494.975315091363 -233.1354721171436 45
571.182965923972 1421.844798370264 45
645.4323211148093 1385.61246821615 45
758.0128941541623 -1473.514019725565 45
628.4636780983535 -1482.566846888379 45
677.1137504236386 -1424.483878729168 45
689.874484378951 -1483.315864850199 45
1633.158517935591 -156.4556942661211 45
1634.790929882918 -78.29720191505884 45
-1300.328854326948 -807.0135646819797 45
-1254.41648364685 -870.3491447481614 45
1473.764788578644 805.7048987647065 45
1420.592060069998 910.8804191752038 45
1489.906656932635 950.294977043172 45
1483.184216052485 882.8398936576529 45
1319.922352598196 1029.825469974425 45
1264.167554392365 1095.088617491226 45
-333.9104337916118 -1550.97495742736 45
-391.756955262693 -1467.348385913272 45
-320.4467725294878 -1482.376085842823 45
-345.5776301426274 1551.147389570855 45
-401.2578855327536 1464.778768281408 45
-327.9839633442633 1482.146502652819 45
1137.390803253911 -1219.98634467127 45
-849.2486632178733 1445.108798156702 45
-860.8384363150963 1341.55326198794 45
-921.1295297821561 1397.249721136378 45
-1430.051337966821 688.9033762715359 45
-1496.595463392232 694.4510645267882 45
-1634.874159432118 0.1549819181729966 45
-1634.416705808949 -77.30577669097006 45
199.8838977442389 1567.375074291061 45
143.6856828459987 1634.927682900876 45
216.9977601455994 1633.226537315749 45
-736.6593125451332 1330.595309682563 45
-803.2192905563911 1290.087654848857 45
-862.5066260479557 -1354.000973564309 45
-732.8060162831132 -1339.346378437633 45
-802.3796326630622 -1297.38543751496 45
1478.214015498847 1091.491612680283 45
1477.292068010393 1169.001226566874 45
-577.000569171127 -1541.837066406603 45
-561.2346717808311 -1618.392353359891 45
-919.4214258639333 1619.081417829964 45
-1003.359753287163 1620.952995053364 45
-811.6502961779943 1550.151753814281 45
-834.8854487342201 1624.81636161509 45
-1569.710847544763 78.02503491623241 45
-1634.328758021354 77.69761747199541 45
-1444.294141131013 473.5454934530187 45
-1467.32108516767 393.8487935288411 45
-1456.203055672142 -461.9450599227533 45
-1471.140443561501 -386.3990825341552 45
1026.732065544023 1374.85385293628 45
928.0242633305045 1454.699800614127 45
1013.360887680246 1456.51184252089 45
1423.218935002306 1003.386767294577 45
1485.791348552381 1016.957936044819 45
835.2662369778475 -1459.379972540076 45
-1097.950925729175 -1320.604410532634 45
-987.9444051352154 -1349.514099663757 45
-1037.399093837181 -1291.990694728809 45
-572.2780771423089 1554.149001899554 45
-438.0752071948382 1607.124167860361 45
-486.797412226447 1514.912018070239 45
-507.3632796933175 1580.422230670585 45
-1507.2213735534 78.25495749556045 45
-702.2863306694534 1508.899970889931 45
-726.3066890189659 1421.678255030929 45
-773.8324296822129 1481.745413305985 45
-1385.791317740041 -701.285794020077 45
-1339.666879099884 -745.0306199534011 45
255.4025593063189 1494.812118350553 45
105.8767823675473 1508.744507415633 45
179.3909661098183 1503.068460417924 45
1626.692603555645 -315.7845482820881 45
1630.375686005017 -235.2800801455405 45
-472.5468293649764 1446.026870215357 45
-526.4639001536577 -1453.990680105218 45
-459.9781345942886 -1454.648048116587 45
1628.934418261637 310.0534311185483 45
1631.470539696884 232.4208240048326 45
-650.0157926486638 -1486.883069498552 45
-615.09795123351 -1411.592578188369 45
-590.500805047119 -1471.163679262159 45
-927.7955238133807 -1408.847655271307 45
598.9500543176118 -1408.346569071224 45
567.4646072687655 -1465.832668110616 45
844.0980342094324 1464.498402730111 45
-701.8753597281365 -1430.618923541701 45
-664.837230356692 -1373.034645274711 45
-670.9796467848411 1367.492661407925 45
410.9534312216621 1468.597952678315 45
491.3600188972674 1449.26397496611 45
-1440.020807946948 -612.6208876708928 45
-1442.38210499655 -536.9650159959416 45
1626.573260510577 387.9357348508788 45
-1383.499514221977 616.5020097845438 45
-1413.770937059873 547.8503659156858 45
332.5904611999851 1483.379378554579 45
264.5581870373296 -1491.92166350154 45
339.5002618570002 -1475.897454245555 45
-636.088875731052 1531.852368158221 45
64.36588834241553 1573.739481768496 45
12.39609001342716 1618.4478824176 45
74.9607939247153 1633.534914662756 45
1476.598695475372 635.9956063613791 45
1474.210399591453 552.5003182190389 45
1623.108355320154 -399.4746249566902 45
-1358.619840361312 683.3030709361099 45
82.69914266765545 -1617.831520901252 45
28.82166173703605 -1638.51991670865 45
145.2374375412188 -1528.052532899663 45
196.680049590007 -1504.551345754342 45
-291.1260112937002 1632.257777390638 45
-365.327746042229 1623.453677010145 45
-282.2238442135535 -1631.317749467625 45
-356.3088746229513 -1623.147710915666 45
1117.938331165916 1321.367414905981 45
1054.779458723714 1303.642568165632 45
-202.9255755383903 -1638.26084434969 45
-218.103750268646 1640.625919600159 45
1499.246787691983 -721.8678033414066 45
1468.040464020199 -799.0673377581082 45
-711.465318446937 -1491.9592308354 45
-1454.731601755894 -687.1191543956953 45
-14.21761868344313 1534.197033628982 45
-47.10812184820272 1580.702149376118 45
114.1564153728068 -1573.370970770388 45
1473.935220603565 720.3678086873435 45
38.3915815262496 1514.505753678729 45
-1470.186065667564 -1020.93160289516 45
648.8584232831379 -1370.658131459182 45
1183.306819282349 1321.655846241767 45
-1167.348451257717 -1325.488681791919 45
1532.850027957248 -650.2063462027529 45
-1171.249201705474 1320.140190948089 45
1369.553958089333 963.0715980467193 45
2 9 0 0
2 10 0 0
2 11 0 0
2 12 0 0
2 13 0 0
2 14 0 0
2 15 0 0
2 16 0 0
2 17 0 0
2 18 0 0
2 19 0 0
2 20 0 0
2 21 0 0
2 22 0 0
2 23 0 0
2 24 0 0
2 25 0 0
2 26 0 0
2 27 0 0
2 28 0 0
2 29 0 0
2 30 0 0
2 31 0 0
2 32 0 0
2 33 0 0
2 34 0 0
2 35 0 0
2 36 0 0
2 37 0 0
2 38 0 0
2 39 0 0
2 40 0 0
2 41 0 0
2 42 0 0
2 43 0 0
2 44 0 0
2 45 0 0
2 46 0 0
2 47 0 0
2 48 0 0
2 49 0 0
2 50 0 0
2 51 0 0
2 52 0 0
2 53 0 0
2 54 0 0
2 55 0 0
2 56 0 0
2 57 0 0
2 58 0 0
2 59 0 0
2 60 0 0
2 61 0 0
2 62 0 0
2 63 0 0
2 64 0 0
2 65 0 0
2 66 0 0
2 67 0 0
2 68 0 0
2 69 0 0
2 70 0 0
2 71 0 0
2 72 0 0
2 73 0 0
2 74 0 0
2 75 0 0
2 76 0 0
2 77 0 0
2 78 0 0
2 79 0 0
2 80 0 0
2 81 0 0
2 82 0 0
2 83 0 0
2 84 0 0
2 85 0 0
2 86 0 0
2 87 0 0
2 88 0 0
2 89 0 0
2 90 0 0
2 91 0 0
2 92 0 0
2 93 0 0
2 94 0 0
2 95 0 0
2 96 0 0
2 97 0 1655
5688
5689
5690
5691
5692
5693
5694
5695
5696
5697
5698
5699
5700
5701
5702
5703
5704
5705
5706
5707
5708
5709
5710
5711
5712
5713
5714
5715
5716
5717
5718
5719
5720
5721
5722
5723
5724
5725
5726
5727
5728
5729
5730
5731
5732
5733
5734
5735
5736
5737
5738
5739
5740
5741
5742
5743
5744
5745
5746
5747
5748
5749
5750
5751
5752
5753
5754
5755
5756
5757
5758
5759
5760
5761
5762
5763
5764
5765
5766
5767
5768
5769
5770
5771
5772
5773
5774
5775
5776
5777
5778
5779
5780
5781
5782
5783
5784
5785
5786
5787
5788
5789
5790
5791
5792
5793
5794
5795
5796
5797
5798
5799
5800
5801
5802
5803
5804
5805
5806
5807
5808
5809
5810
5811
5812
5813
5814
5815
5816
5817
5818
5819
5820
5821
5822
5823
5824
5825
5826
5827
5828
5829
5830
5831
5832
5833
5834
5835
5836
5837
5838
5839
5840
5841
5842
5843
5844
5845
5846
5847
5848
5849
5850
5851
5852
5853
5854
5855
5856
5857
5858
5859
5860
5861
5862
5863
5864
5865
5866
5867
5868
5869
5870
5871
5872
5873
5874
5875
5876
5877
5878
5879
5880
5881
5882
5883
5884
5885
5886
5887
5888
5889
5890
5891
5892
5893
5894
5895
5896
5897
5898
5899
5900
5901
5902
5903
5904
5905
5906
5907
5908
5909
5910
5911
5912
5913
5914
5915
5916
5917
5918
5919
5920
5921
5922
5923
5924
5925
5926
5927
5928
5929
5930
5931
5932
5933
5934
5935
5936
5937
5938
5939
5940
5941
5942
5943
5944
5945
5946
5947
5948
5949
5950
5951
5952
5953
5954
5955
5956
5957
5958
5959
5960
5961
5962
5963
5964
5965
5966
5967
5968
5969
5970
5971
5972
5973
5974
5975
5976
5977
5978
5979
5980
5981
5982
5983
5984
5985
5986
5987
5988
5989
5990
5991
5992
5993
5994
5995
5996
5997
5998
5999
6000
6001
6002
6003
6004
6005
6006
6007
6008
6009
6010
6011
6012
6013
6014
6015
6016
6017
6018
6019
6020
6021
6022
6023
6024
6025
6026
6027
6028
6029
6030
6031
6032
6033
6034
6035
6036
6037
6038
6039
6040
6041
6042
6043
6044
6045
6046
6047
6048
6049
6050
6051
6052
6053
6054
6055
6056
6057
6058
6059
6060
6061
6062
6063
6064
6065
6066
6067
6068
6069
6070
6071
6072
6073
6074
6075
6076
6077
6078
6079
6080
6081
6082
6083
6084
6085
6086
6087
6088
6089
6090
6091
6092
6093
6094
6095
6096
6097
6098
6099
6100
6101
6102
6103
6104
6105
6106
6107
6108
6109
6110
6111
6112
6113
6114
6115
6116
6117
6118
6119
6120
6121
6122
6123
6124
6125
6126
6127
6128
6129
6130
6131
6132
6133
6134
6135
6136
6137
6138
6139
6140
6141
6142
6143
6144
6145
6146
6147
6148
6149
6150
6151
6152
6153
6154
6155
6156
6157
6158
6159
6160
6161
6162
6163
6164
6165
6166
6167
6168
6169
6170
6171
6172
6173
6174
6175
6176
6177
6178
6179
6180
6181
6182
6183
6184
6185
6186
6187
6188
6189
6190
6191
6192
6193
6194
6195
6196
6197
6198
6199
6200
6201
6202
6203
6204
6205
6206
6207
6208
6209
6210
6211
6212
6213
6214
6215
6216
6217
6218
6219
6220
6221
6222
6223
6224
6225
6226
6227
6228
6229
6230
6231
6232
6233
6234
6235
6236
6237
6238
6239
6240
6241
6242
6243
6244
6245
6246
6247
6248
6249
6250
6251
6252
6253
6254
6255
6256
6257
6258
6259
6260
6261
6262
6263
6264
6265
6266
6267
6268
6269
6270
6271
6272
6273
6274
6275
6276
6277
6278
6279
6280
6281
6282
6283
6284
6285
6286
6287
6288
6289
6290
6291
6292
6293
6294
6295
6296
6297
6298
6299
6300
6301
6302
6303
6304
6305
6306
6307
6308
6309
6310
6311
6312
6313
6314
6315
6316
6317
6318
6319
6320
6321
6322
6323
6324
6325
6326
6327
6328
6329
6330
6331
6332
6333
6334
6335
6336
6337
6338
6339
6340
6341
6342
6343
6344
6345
6346
6347
6348
6349
6350
6351
6352
6353
6354
6355
6356
6357
6358
6359
6360
6361
6362
6363
6364
6365
6366
6367
6368
6369
6370
6371
6372
6373
6374
6375
6376
6377
6378
6379
6380
6381
6382
6383
6384
6385
6386
6387
6388
6389
6390
6391
6392
6393
6394
6395
6396
6397
6398
6399
6400
6401
6402
6403
6404
6405
6406
6407
6408
6409
6410
6411
6412
6413
6414
6415
6416
6417
6418
6419
6420
6421
6422
6423
6424
6425
6426
6427
6428
6429
6430
6431
6432
6433
6434
6435
6436
6437
6438
6439
6440
6441
6442
6443
6444
6445
6446
6447
6448
6449
6450
6451
6452
6453
6454
6455
6456
6457
6458
6459
6460
6461
6462
6463
6464
6465
6466
6467
6468
6469
6470
6471
6472
6473
6474
6475
6476
6477
6478
6479
6480
6481
6482
6483
6484
6485
6486
6487
6488
6489
6490
6491
6492
6493
6494
6495
6496
6497
6498
6499
6500
6501
6502
6503
6504
6505
6506
6507
6508
6509
6510
6511
6512
6513
6514
6515
6516
6517
6518
6519
6520
6521
6522
6523
6524
6525
6526
6527
6528
6529
6530
6531
6532
6533
6534
6535
6536
6537
6538
6539
6540
6541
6542
6543
6544
6545
6546
6547
6548
6549
6550
6551
6552
6553
6554
6555
6556
6557
6558
6559
6560
6561
6562
6563
6564
6565
6566
6567
6568
6569
6570
6571
6572
6573
6574
6575
6576
6577
6578
6579
6580
6581
6582
6583
6584
6585
6586
6587
6588
6589
6590
6591
6592
6593
6594
6595
6596
6597
6598
6599
6600
6601
6602
6603
6604
6605
6606
6607
6608
6609
6610
6611
6612
6613
6614
6615
6616
6617
6618
6619
6620
6621
6622
6623
6624
6625
6626
6627
6628
6629
6630
6631
6632
6633
6634
6635
6636
6637
6638
6639
6640
6641
6642
6643
6644
6645
6646
6647
6648
6649
6650
6651
6652
6653
6654
6655
6656
6657
6658
6659
6660
6661
6662
6663
6664
6665
6666
6667
6668
6669
6670
6671
6672
6673
6674
6675
6676
6677
6678
6679
6680
6681
6682
6683
6684
6685
6686
6687
6688
6689
6690
6691
6692
6693
6694
6695
6696
6697
6698
6699
6700
6701
6702
6703
6704
6705
6706
6707
6708
6709
6710
6711
6712
6713
6714
6715
6716
6717
6718
6719
6720
6721
6722
6723
6724
6725
6726
6727
6728
6729
6730
6731
6732
6733
6734
6735
6736
6737
6738
6739
6740
6741
6742
6743
6744
6745
6746
6747
6748
6749
6750
6751
6752
6753
6754
6755
6756
6757
6758
6759
6760
6761
6762
6763
6764
6765
6766
6767
6768
6769
6770
6771
6772
6773
6774
6775
6776
6777
6778
6779
6780
6781
6782
6783
6784
6785
6786
6787
6788
6789
6790
6791
6792
6793
6794
6795
6796
6797
6798
6799
6800
6801
6802
6803
6804
6805
6806
6807
6808
6809
6810
6811
6812
6813
6814
6815
6816
6817
6818
6819
6820
6821
6822
6823
6824
6825
6826
6827
6828
6829
6830
6831
6832
6833
6834
6835
6836
6837
6838
6839
6840
6841
6842
6843
6844
6845
6846
6847
6848
6849
6850
6851
6852
6853
6854
6855
6856
6857
6858
6859
6860
6861
6862
6863
6864
6865
6866
6867
6868
6869
6870
6871
6872
6873
6874
6875
6876
6877
6878
6879
6880
6881
6882
6883
6884
6885
6886
6887
6888
6889
6890
6891
6892
6893
6894
6895
6896
6897
6898
6899
6900
6901
6902
6903
6904
6905
6906
6907
6908
6909
6910
6911
6912
6913
6914
6915
6916
6917
6918
6919
6920
6921
6922
6923
6924
6925
6926
6927
6928
6929
6930
6931
6932
6933
6934
6935
6936
6937
6938
6939
6940
6941
6942
6943
6944
6945
6946
6947
6948
6949
6950
6951
6952
6953
6954
6955
6956
6957
6958
6959
6960
6961
6962
6963
6964
6965
6966
6967
6968
6969
6970
6971
6972
6973
6974
6975
6976
6977
6978
6979
6980
6981
6982
6983
6984
6985
6986
6987
6988
6989
6990
6991
6992
6993
6994
6995
6996
6997
6998
6999
7000
7001
7002
7003
7004
7005
7006
7007
7008
7009
7010
7011
7012
7013
7014
7015
7016
7017
7018
7019
7020
7021
7022
7023
7024
7025
7026
7027
7028
7029
7030
7031
7032
7033
7034
7035
7036
7037
7038
7039
7040
7041
7042
7043
7044
7045
7046
7047
7048
7049
7050
7051
7052
7053
7054
7055
7056
7057
7058
7059
7060
7061
7062
7063
7064
7065
7066
7067
7068
7069
7070
7071
7072
7073
7074
7075
7076
7077
7078
7079
7080
7081
7082
7083
7084
7085
7086
7087
7088
7089
7090
7091
7092
7093
7094
7095
7096
7097
7098
7099
7100
7101
7102
7103
7104
7105
7106
7107
7108
7109
7110
7111
7112
7113
7114
7115
7116
7117
7118
7119
7120
7121
7122
7123
7124
7125
7126
7127
7128
7129
7130
7131
7132
7133
7134
7135
7136
7137
7138
7139
7140
7141
7142
7143
7144
7145
7146
7147
7148
7149
7150
7151
7152
7153
7154
7155
7156
7157
7158
7159
7160
7161
7162
7163
7164
7165
7166
7167
7168
7169
7170
7171
7172
7173
7174
7175
7176
7177
7178
7179
7180
7181
7182
7183
7184
7185
7186
7187
7188
7189
7190
7191
7192
7193
7194
7195
7196
7197
7198
7199
7200
7201
7202
7203
7204
7205
7206
7207
7208
7209
7210
7211
7212
7213
7214
7215
7216
7217
7218
7219
7220
7221
7222
7223
7224
7225
7226
7227
7228
7229
7230
7231
7232
7233
7234
7235
7236
7237
7238
7239
7240
7241
7242
7243
7244
7245
7246
7247
7248
7249
7250
7251
7252
7253
7254
7255
7256
7257
7258
7259
7260
7261
7262
7263
7264
7265
7266
7267
7268
7269
7270
7271
7272
7273
7274
7275
7276
7277
7278
7279
7280
7281
7282
7283
7284
7285
7286
7287
7288
7289
7290
7291
7292
7293
7294
7295
7296
7297
7298
7299
7300
7301
7302
7303
7304
7305
7306
7307
7308
7309
7310
7311
7312
7313
7314
7315
7316
7317
7318
7319
7320
7321
7322
7323
7324
7325
7326
7327
7328
7329
7330
7331
7332
7333
7334
7335
7336
7337
7338
7339
7340
7341
7342
-1046.55108335584 -46.97371258397425 45
1149.707516889798 37.79886221358858 45
-1167.241474695927 42.0983321685605 45
-34.45929788621155 -780.9597724231753 45
-35.62402362341205 785.2560820971512 45
-37.32845835748454 -867.5938284767915 45
-355.5518197716219 -133.351714052899 45
140.4389963946585 461.8834460985206 45
-125.3147802638513 475.0243297032275 45
371.4880753870755 79.98324596619813 45
122.1173440404384 -457.1824966670166 45
-124.724422166431 -470.4882735664853 45
-42.47806901483453 871.8783554380468 45
1071.203225903096 46.69297298642463 45
-1105.062324029055 -28.06958561650363 45
-1048.353263182613 44.97153867964911 45
-1170.431301561015 -48.46657142682486 45
1157.897143549622 -39.31118263791871 45
1213.452672963411 -71.97387529198684 45
1208.302398348917 75.65385331900933 45
176.5676427239047 -484.0692317253526 45
174.6662927818678 482.4296776139289 45
-177.2672820028738 -476.6478125056096 45
-173.7330899885912 478.1592032450753 45
-1213.98805816505 -78.34528771792486 45
-1222.673127882719 66.87510881230358 45
-281.713687152742 294.6383506214929 45
1078.664445186749 -33.66132598032897 45
32.0521161720056 799.3876891373209 45
31.0663451638253 -804.1764580061159 45
-1072.456952513704 38.65013084833041 45
-1233.065735521783 -138.4227473459174 45
-1223.310425449211 110.8157565335215 45
-193.5108469815804 436.1163250907958 45
-23.20813490037208 814.1185952240669 45
-26.10094524187725 -815.9258564898996 45
154.7875873822926 -467.965330736928 45
267.2745430450123 262.8613583767225 45
-143.925333041523 465.7816941137735 45
332.2505804771395 -156.2057870280299 45
209.1571912791953 -375.1159647898766 45
1282.691904271425 186.5427256554864 45
1239.149469774568 -175.1528795256281 45
-203.0169758687443 -430.9281489005983 45
-571.7784499367705 6.549748607997715 45
-997.5016738920261 69.78113418210958 45
-1007.216818249437 -55.53978797579799 45
667.4790903996249 4.476530370148477 45
975.2965553072445 -88.22389468587257 45
87.61520383349546 -882.2863810061521 45
-373.9988745820583 116.4108317723664 45
704.7269313884365 -71.56284820451124 45
-192.7397270027694 -504.3700200568291 45
-204.0248150016504 500.1194917958137 45
72.27444021151199 -431.5910804134816 45
157.4528294697397 520.7250288462865 45
-107.3326646389783 -914.3489898618724 45
55.12026407955764 -762.9672876550695 45
56.75074819915839 758.7804550933013 45
212.8727296730041 -495.8114092614817 45
1304.593381252467 -5.86998151666497 45
-1280.540479172038 272.5136132568171 45
-137.3544186884467 -528.8922824413858 45
-137.6829338997835 529.0925443574647 45
-163.6512156994614 512.5271268540641 45
-171.7053659620302 -510.4743525340288 45
-557.128383897284 -14.47527213515087 45
182.4412535618084 -459.149587062272 45
681.7679104360507 -29.45242610374991 45
112.6295032162797 -917.1871799789598 45
-1305.956848594224 28.89016331230057 45
-239.8190480189831 490.6429446323359 45
138.6293570047988 -522.9266470701916 45
-246.0460788324952 383.4228824884406 45
-708.2579947866175 -119.2825242579744 45
1130.818330828419 -33.54653314891523 45
1126.116322781698 37.63874119754923 45
-556.1308486833121 -41.93584965579256 45
-554.6303923149344 34.75885556093803 45
-696.513121663577 170.8200850763089 45
-694.2760972977972 -195.2723606646246 45
563.3355636024975 -21.78976310387125 45
560.9883853132951 21.78288975877312 45
-1102.824981306605 32.33127416685936 45
-1283.133149353474 -183.2664666011436 45
-655.890851949675 269.5663440420808 45
1286.427360018482 -261.7548312467594 45
1221.994575326261 104.4092665344154 45
1217.408244210696 -107.7171995222308 45
-7.080036424875828 882.3128281192039 45
-1131.387111162136 44.55409281849956 45
-1136.195384986669 -44.55020484266483 45
1309.947300270667 305.3310466383412 45
-1282.226066530867 -305.1947680765583 45
-179.3609577525766 -909.7988976969018 45
1011.899080596705 11.53713317391801 45
1009.332987856315 -56.84845462549831 45
984.3435092709352 49.69835478777894 45
1011.646707039685 46.37020155507636 45
-667.5871224599322 5.985228450316172 45
381.5481805986109 -15.73261873154932 45
-67.74164965626804 -883.3191858529194 45
-970.431803567605 -145.8665408879457 45
-917.9228757849744 -214.3354211398848 45
-213.8887764464162 164.1350321649281 45
54.69053940949058 -889.1644811400412 45
-274.9127942994652 -244.0129364884327 45
-149.0199336261688 -452.5940022103935 45
-37.50034392691904 -902.4794875794909 45
31.67230163896204 769.7957032647746 45
31.01928718081071 -775.0447012884846 45
-1175.571757707183 -7.676255660714919 45
1170.782268308524 -3.145628697196464 45
-1039.486867278599 24.0319900703081 45
-101.247185105769 -455.1426242106517 45
156.6114705131895 460.5158300076576 45
134.4700601353036 -380.4777771293882 45
1288.935572958945 90.0591631238832 45
943.7567176128437 128.778790713689 45
-1139.683261604056 9.919445347816122 45
-1208.466471483539 26.5344594281746 45
577.359386515393 -0.2463443228553744 45
698.2428829150729 7.576686345328077 45
-182.6665053285982 368.1089384908673 45
194.7806436670798 -435.2425070945332 45
-693.0978214132765 15.80192005898333 45
-1068.266343164942 2.067040507285952 45
-1311.794324631283 140.4543636994108 45
946.8641259004916 -169.0981397971519 45
-27.63659601034242 -848.2108746418005 45
-14.4046427925284 843.5929626003858 45
1045.412170237272 -33.11158663255446 45
1180.53933356179 41.2961666561007 45
969.5538218532701 -10.43037456994625 45
-358.4175739266157 3.558644137387769 45
178.0179784428716 509.1697368603956 45
-1072.036909348789 -37.48718785174845 45
-55.15476573365117 908.7167350071576 45
337.3378343242046 167.8199031749912 45
-957.3014383981466 -39.24819653010011 45
-119.032411847378 444.5924151229992 45
-1254.959969145593 85.71748907622849 45
-164.5902970316307 459.5246552801467 45
-5.997935909308802 777.4667207116127 45
-8.636876100751135 -787.3548829471923 45
1268.14232779573 -99.72522042466568 45
697.7219154422398 -135.696478861902 45
230.59836932641 -263.0441062590908 45
552.5685542003605 -47.64702645583814 45
187.0653093257702 -498.8631860092946 45
-950.8574335741907 -100.9406110504946 45
399.3122654220623 -89.31335701847833 45
1103.194821772764 -34.60847414472135 45
1098.316993223458 37.64121791834949 45
-1207.248761750491 -43.25253704387547 45
-1229.47508347706 -102.592640759663 45
1050.597746967071 18.3036075507814 45
-17.32650101574139 -758.4458213853063 45
-33.58732011924063 748.8798231608897 45
1356.341982613371 -134.9012199266161 45
173.8820770467953 -518.9697688981431 45
154.7090935287883 -440.1204997494948 45
169.5401881977934 472.1902844709958 45
170.0610409699648 -465.0335398644909 45
-179.145171798876 -492.6030613437926 45
-180.5095912115098 500.3151174711289 45
210.2388497580437 355.4980169259599 45
235.8141541922213 -42.08833029845974 45
-153.4659716928176 -399.1517787135986 45
29.95653765544171 -369.258954797534 45
98.52952499049253 322.5324407753885 45
-97.71238490717602 287.9774169916564 45
-215.5038013780822 19.48087885032723 45
-197.4389752584558 -327.8394929317348 45
128.6009135215286 437.9776201066645 45
12.61429547101919 -859.4251366091341 45
-177.6588536538214 -456.1053016453218 45
-48.1667740836152 -743.9645991113368 45
22.4429426952702 836.8625583717569 45
-704.6355634150317 -57.53046887619209 45
182.7085164282453 453.2872213609683 45
-997.8718879548524 23.50608798905686 45
1221.753109695758 45.15403426819164 45
1215.780110718086 -18.63413074341352 45
954.7974974857472 79.31152907063542 45
-142.9728494363887 917.9336468307438 45
180.1848795560109 486.1393326027024 45
1134.555191625779 7.081153241165601 45
86.0811216774382 -286.3661819550356 45
-1027.92284286054 -22.84069831016593 45
148.858205884918 178.605122925139 45
-58.1295437878519 -394.9230113511985 45
-1155.209468844656 -26.30271119740583 45
-168.7289141774566 -472.8530871539373 45
1010.106098016021 -23.32746438154185 45
-1237.102055714113 170.7450137005614 45
-225.9275727208611 423.870797937071 45
6.01618972635344 806.2742830859922 45
4.181956115269687 -815.4878222160168 45
602.4001392605044 -3.067137435199118 45
67.08204961530646 -738.0541751930435 45
20.90162156391366 -736.5072946550439 45
22.40298939459732 728.0250414160918 45
-1290.037481051589 -83.58673374204903 45
1093.069063776022 -1.279381840781375 45
40.69039102840439 -861.870825747533 45
-68.46120766249415 73.89336796922167 45
-81.08226625122307 -729.8114231369999 45
-74.66053913606304 -250.609083685159 45
-8.711573232849323 402.8034467083689 45
270.7079292335194 95.79504581467666 45
10.01214871288751 215.3342052885936 45
-941.728811440397 45.3295808119926 45
38.78416296754087 916.2125465403431 45
186.5242916366556 420.3102713246179 45
24.93166369817742 862.6732748375616 45
75.98079282868396 454.9791447617156 45
-191.3924929133413 -133.1611898497783 45
69.26736625240456 733.1265555356124 45
131.2114019607762 -163.5544496810818 45
166.5717915874482 903.9756746434522 45
82.84094343607603 32.38430336166195 45
-16.14377894412813 -87.85926693785372 45
-963.7145484449732 103.7378451567775 45
98.92177488520949 912.9395241240635 45
-1187.5791224629 5.310360012661023 45
-1188.583102504638 -20.80092723740189 45
-1216.883696405464 -11.26355873671848 45
-1197.335297743805 -8.600201683988654 45
282.2526645633091 -885.1853750446375 45
212.0467356407731 -910.5097673231826 45
234.2395226362195 -882.354907203603 45
-157.560681724923 -465.9459665892689 45
-149.1867875796034 -468.2255848139529 45
-154.1716300588352 -469.4598154832696 45
-82.0432089449985 -894.8938763976342 45
-57.70912535985247 -890.9625747297615 45
-72.0778478547676 -920.1989628570833 45
-70.62890164754457 -901.315380357401 45
-327.9785517888266 321.5357746858134 45
-353.4228524580956 250.3221720534895 45
-363.9416298299364 286.1209612816816 45
360.7541546414147 124.4562444399276 45
320.8113530567121 80.72568561123695 45
298.3741160033757 137.6927461066005 45
326.4275086857597 114.2425168962188 45
1217.739418126277 -91.51432672074164 45
1240.810301526733 -77.01402665870572 45
1235.180306795157 -108.234003261102 45
1230.792102822174 -91.8562565184251 45
-1322.799272026311 82.80754331336789 45
-1277.3308274749 106.2104250902273 45
-1273.076694406658 64.70936739197067 45
-1290.819488013899 84.36690996591517 45
-684.3237633495032 -65.00075959635814 45
-692.009229147504 -41.14365613262615 45
-681.1309313806232 -51.61250864189634 45
544.2984448585978 39.13760328301748 45
545.7049396839421 13.46795812854285 45
537.3529863219329 27.46829954275053 45
1218.512543918081 122.5838927749674 45
1206.569909971308 105.2562073880305 45
1205.71802651435 116.4875402824401 45
1205.051616344487 -106.4214240210393 45
1212.310804417429 -123.8492386833764 45
1203.546859992174 -117.3707322456513 45
-166.4291876154935 525.2450249253785 45
-170.7386502353742 509.6452214616643 45
-181.549460119787 520.8652253768601 45
-172.7917820335107 519.1434994715299 45
-1349.906839852943 -180.2214889555956 45
-1355.813864596602 -107.3923957673204 45
-1294.72160511107 -133.3664205808698 45
-1334.997129105569 -140.5415702927366 45
-542.0711028500966 19.58682598894483 45
-541.8189594894025 48.37212175679141 45
-535.2028789935575 32.34476726998552 45
85.56537314243924 538.5635589246657 45
117.8283455162254 537.082929789858 45
104.1107330947139 530.2656886596129 45
172.5902843409443 -534.5576352956394 45
196.5131882174812 -522.1820577140392 45
190.3757454163657 -531.8744751431689 45
-134.9988760286263 -462.3858326502387 45
-121.6921667555219 -447.7259873614975 45
-114.1953883309665 -465.0917240385369 45
-124.0695056249618 -458.7319548158536 45
1231.338020215581 -281.522667761543 45
1258.683093515398 -341.6896707577617 45
1226.111721972113 -326.1938333659282 45
142.4226173644759 520.5719572229902 45
152.1700919948625 511.3970710029527 45
143.9363881136329 512.3688955576073 45
99.78890976470547 -894.6770463665586 45
83.38263776981917 -916.7926699554429 45
75.76872347074824 -887.4322224253463 45
85.82852021479758 -898.4370914126796 45
553.3540740152156 60.77188085617201 45
544.5800970373015 90.4761519205513 45
554.7420949282237 76.60544082364711 45
-170.8310815007401 -494.6570863755941 45
-173.2497984742192 -488.6346102408805 45
-170.5053648861755 -491.4372240421071 45
176.0747312212522 468.582742526309 45
176.3585695836718 474.2225677395806 45
178.6578449543115 471.6142118610145 45
920.559089406147 -107.8228003895917 45
955.0093182553695 -133.2621228442736 45
906.6466405230652 -165.316979622894 45
927.0907165575225 -135.5160704941085 45
166.4294061776294 505.4411397364914 45
172.9245241138176 499.2072569002481 45
167.8393845106771 501.047918709261 45
-134.8511433187431 -194.072274819143 45
-106.7076283348733 -103.5398239972565 45
-38.86641574648102 -172.3073121901284 45
-93.64599638412314 -156.8019537143649 45
-133.03525000032 456.1804922022935 45
-148.6881606380057 444.9763948794338 45
-150.6227163973017 462.1444258811587 45
-143.6339851967013 455.2343298803031 45
-126.7368294622882 540.9916604638198 45
-154.0451870216595 537.955479604973 45
-141.5751153330235 545.8191655382226 45
-150.7200666328035 -536.1613221946338 45
-126.3006477058486 -540.8516366875342 45
-140.7469336829946 -545.4228462355861 45
1188.319939751749 57.39746445904611 45
1175.253235775287 55.12706972745542 45
1181.892947385923 59.43462775750212 45
438.6585234970046 -581.0171525701343 45
369.6752167524061 -622.8022946067704 45
412.5961777229891 -617.3803510663342 45
365.0270334142422 632.0278628373864 45
430.8920917139076 581.9847968321893 45
409.8747483829885 619.575508434967 45
289.1578152387146 -462.0236250214324 45
261.2856848700234 -483.6789825554195 45
267.3612206557022 -469.4499093582731 45
1035.649520734037 -49.22895952753369 45
1051.46887887737 -51.20729299195018 45
1042.904973745247 -54.84381019732572 45
16.96816599074292 57.7626410461685 45
45.06408227648986 -25.72744108845042 45
-50.54818402371426 -9.11482397921672 45
2.394714940488822 7.174256621232982 45
-188.3325017303419 491.5404654998474 45
-182.1010757826095 488.0891396154991 45
-185.8356503049376 488.0959437992146 45
880.4302637542345 -359.8671920977006 45
904.5439315300831 -276.5302225113604 45
913.6786581638867 -320.3821831339673 45
598.9692389367807 -6.667436697962622 45
608.7148708121732 -5.263397766191453 45
605.0592304192432 -9.489383496587987 45
-1309.915914117063 206.2587244185236 45
-1255.679236686442 216.1207584985445 45
-1270.073133538348 160.2479036244027 45
-1277.950928679498 194.2781968329609 45
-235.3331299794122 504.5255658924615 45
-257.7458463384764 491.5894209246867 45
-249.9575353479945 504.5328577539063 45
-1229.143997341224 292.2277546392418 45
-1256.358412754046 353.62780341527 45
-1224.327893249297 339.3206451167545 45
-415.554835788126 855.5558022860306 45
-493.6826954625317 809.4206005788544 45
-466.3069148984424 849.0650303101841 45
-415.6607787118506 -855.564295951036 45
-493.6826954778514 -809.4206005795493 45
-466.328544496866 -849.0665955463232 45
-762.6453724200869 -1182.321273202788 45
-815.3762793353839 -1145.694823154323 45
-781.0345614016243 -1152.336144539748 45
-815.3762793353857 1145.694823154324 45
-762.6453724200875 1182.321273202786 45
-781.0345614016246 1152.336144539748 45
-262.212841544711 350.1373610645052 45
-221.9546982185709 375.7159921371551 45
-222.4605848712737 322.9999559691386 45
-235.9117759368733 349.5161287340079 45
949.2760544739893 -207.6193415397124 45
976.5687660969668 -166.1197486699348 45
974.6703045889055 -193.5341196139189 45
200.123169255204 -448.8915600193788 45
212.2119317343553 -438.5417248133711 45
208.6498116578666 -446.2088047936978 45
164.8330217533616 941.8492758211408 45
133.4755656776235 911.8935922240393 45
113.2456678248598 959.0715907745985 45
136.262027565765 938.680167773417 45
-141.3003028615066 963.284616920101 45
-204.0764533257098 935.4664202324803 45
-187.477061076662 964.3816690838077 45
-659.0192490833443 7.047116690356776 45
-666.2295384088641 15.30751765819138 45
-660.5382386768263 13.38435752817718 45
-626.5336738546531 -1259.124371924239 45
-555.2876711391064 -1292.086282297385 45
-596.7868583479432 -1288.84888126915 45
-555.2876711391041 1292.086282297386 45
-626.5336738546516 1259.12437192424 45
-596.7868583479426 1288.848881269151 45
170.9116351811936 485.2951887952602 45
170.8119300744531 481.7123677512855 45
169.6228437047234 483.9740502227988 45
-179.2535324883131 480.9607564567369 45
-179.1034678242058 475.5710726826824 45
-181.0569885297455 478.3132887992356 45
97.21689382066461 -874.5399037443347 45
79.0995872449365 -874.8518703838654 45
86.36664876703045 -871.2776033178055 45
26.89293757308654 -885.3415841216107 45
32.28642127621705 -860.4243797305768 45
43.49814862431512 -870.1224688029769 45
35.16416486011333 -868.1349042104551 45
-365.0272917775548 -632.0282167616061 45
-430.8920917139287 -581.984796832246 45
-409.8747956651615 -619.5755748476186 45
-365.028187106245 632.0289888885959 45
-430.8920917153008 581.9847968342737 45
-409.8749611071045 619.5757190312579 45
991.6551885582094 -105.9475386543809 45
997.4803200388469 -85.74236601399161 45
999.4651816580836 -95.01987275525131 45
-711.9491977258575 201.2030084062485 45
-722.5907681193727 145.48731586106 45
-733.2925232402174 174.6703702715434 45
-1212.281209600131 95.67881741248925 45
-1208.721034260147 112.1020166927955 45
-1205.004186875444 100.7021242210519 45
-173.4096256537937 491.2527571811801 45
-170.3707975400626 497.6154487153212 45
-170.6025362205198 493.5331992766754 45
-159.3019438775922 -511.1120876097943 45
-164.6481220960703 -503.5515102053884 45
-159.763703523356 -505.192470024204 45
-161.9123570285505 505.0284191552037 45
-156.2371748100191 511.2594043869435 45
-157.5628970091526 505.7418829110819 45
-575.9968035824388 -6.843004465222445 45
-562.4545205796229 -2.950524650065354 45
-567.7851042077826 -17.23585351391721 45
-569.0437559688378 -9.12577758333679 45
41.92303408303614 797.8795824021265 45
37.60365507524904 810.1073733453374 45
43.44619860186544 805.5881583993619 45
36.41041054234655 -814.3314727609616 45
41.50238027521948 -800.1243809298161 45
42.9833795751985 -807.5504072571528 45
-37.09610333663941 -804.8818133337335 45
-39.68176728379326 -820.7302279397603 45
-42.18800633515558 -811.3399483588339 45
-564.1097706025881 -36.94062302333369 45
-562.3812582247967 -53.41622087565311 45
-566.8146241691777 -45.08886912738402 45
-561.8733635141288 51.60720642344162 45
-564.279082472775 35.82451570915809 45
-566.5847085358704 43.66169429376019 45
-882.7946784801352 -255.4919511603282 45
-893.5125615826113 -187.2120251718327 45
-869.2499547761554 -222.3812553312359 45
-221.3368731094432 83.27768598792136 45
-135.7126844689206 127.444916258132 45
-147.2302298858592 37.18291882939055 45
-167.5045430544995 83.83326353782314 45
34.01447916057835 -454.4796265877404 45
73.12756130430337 -468.4790750460808 45
50.1819031662468 -474.1576496674567 45
-25.11249667544656 712.3691123274617 45
-1.80592659325663 735.2002637297245 45
14.78930190275924 700.6126140873555 45
-3.910975947062057 715.9218997785454 45
-313.6019686250509 -197.3725977505742 45
-275.9411925543678 -124.550586994886 45
-234.3984839795518 -198.5414706719256 45
-274.4316633876414 -172.2738805945319 45
1397.481400648833 -149.9001923883849 45
1387.203173215978 -78.26448154618399 45
1412.60498433586 -100.513466331009 45
1363.136885808342 305.6419651953264 45
1325.335522353218 368.4618688043598 45
1363.545968809927 356.0580675285472 45
152.8399614326858 -457.4221231064078 45
165.5925110841611 -453.4542682125293 45
161.8523587011999 -465.6465113786571 45
160.0523172290199 -458.460881896908 45
497.6894939172266 -810.5962534650057 45
416.1640520910951 -852.136562097739 45
467.2960304352299 -848.5819655888204 45
497.6894939071528 810.5962535049422 45
416.1640519265435 852.1365628211711 45
467.2960304011152 848.5819657359111 45
-159.2352573392578 885.5321624505148 45
-118.5865368750833 887.413255536903 45
-134.069908351608 878.3960954787967 45
-991.7996040236877 -123.9765949063179 45
-986.2719894887205 -155.8072765933576 45
-995.9619997890245 -136.0157919450056 45
-1214.00152978724 154.8613749654899 45
-1215.166539810808 186.0355215167512 45
-1208.39760574189 171.1165728741234 45
34.97214389053679 827.4803537642454 45
38.6123275160984 843.00803917652 45
41.06709174404615 835.4569774113071 45
1070.010179596855 874.7116729866226 45
1117.211777345981 819.7609962992633 45
1080.822862444144 835.913195518702 45
1115.249850194326 -805.6358358936023 45
1085.878690273056 -871.4883478526411 45
1083.865128142037 -832.1179634204709 45
-1257.045363613635 -364.0335641962375 45
-1234.796880834585 -304.4512922139186 45
-1225.889592195716 -347.9686528112071 45
1137.991183100768 38.3383223481011 45
1145.256671777565 23.90657747653595 45
1127.533579226196 24.01962330535885 45
1136.880891993048 28.291996669402 45
1219.517031670488 -155.507778647016 45
1217.906603642276 -193.6810360015855 45
1210.487007907802 -171.6361864977605 45
-210.1912589275211 492.9077828401201 45
-200.4697509039438 492.0695879882347 45
-204.7621941723618 489.3714079816669 45
-18.39731334835963 -801.538190033294 45
-0.01090022809586921 -801.6967964076111 45
-9.915311190646239 -817.8911652908751 45
-9.709386189195241 -806.7850412610487 45
-1038.632375008881 51.08177668687865 45
-1051.790367244178 55.32203225504935 45
-1043.940399297167 57.53151075917324 45
-1051.096873626602 -56.23978995188789 45
-1037.634776113844 -54.23557376060325 45
-1043.367400781452 -58.68442550153058 45
-1158.806600385612 50.69391806057475 45
-1172.482015316371 54.16956354842493 45
-1165.484744974661 56.87506934847151 45
-1173.793857897737 -57.5014358374092 45
-1161.431996493922 -54.12179650485943 45
-1166.719607216388 -59.08244126359223 45
1154.380955143793 -52.82264612564171 45
1168.502254170776 -47.12897668763722 45
1162.575355488506 -55.48684703364535 45
156.9756189546609 -275.2058770499037 45
101.3037224068076 -218.3203439306991 45
183.5520345226901 -203.3375328447846 45
147.9837960721501 -233.7314964144197 45
143.4699155579002 -513.5690911663796 45
129.0310802980107 -518.4726812053678 45
137.0616883670063 -512.6367795434755 45
-648.2783074770127 247.4453966357338 45
-634.3287983825682 295.806145240699 45
-627.8398135199157 273.9851270322908 45
-429.6161872433408 -105.4972998100661 45
-402.8563238538603 -183.5979307846531 45
-435.3996470490777 -145.461924643366 45
-398.2505070873901 166.312816513134 45
-433.8608982521991 100.3601022887614 45
-437.3647336026706 138.6691995782558 45
-29.19569625871016 876.0352862713559 45
-46.50074758874001 884.9864394243466 45
-25.5083869641072 902.4372838112703 45
-34.21585170888357 887.7324285068931 45
-1145.256961648748 -52.82968785410809 45
-1130.848770990318 -54.64109010001235 45
-1139.133650889318 -57.71847369691923 45
1075.884594893348 56.07729896739966 45
1061.012002540928 54.98772098422258 45
1067.468379752205 58.73816360049089 45
-1128.835224463085 55.00008942102411 45
-1142.036771000865 51.44941468273084 45
-1137.446575734635 57.51432124201837 45
-680.1288747500935 143.9765246540561 45
-671.7991720506304 191.9193407864841 45
-666.7271470238318 164.3140567199498 45
1234.87614372644 202.5073506077587 45
1236.24292996192 158.1038090872857 45
1222.766740468441 175.4891505219881 45
-1090.18531775142 -11.42422023292256 45
-1069.081828322037 -22.21690613284146 45
-1086.229280420517 -33.95800546298251 45
-1081.78863712078 -22.04952921432075 45
126.8113296234613 255.333483420806 45
69.3201197459511 190.8375280169697 45
47.28616461696752 268.5473083362122 45
82.66326467582032 238.480630417224 45
116.5371801050781 -471.1725607966928 45
132.7021605006875 -467.6954803582821 45
126.7535632768315 -473.9471701770468 45
-184.4670821480561 -509.9768753545932 45
-186.1572023948449 -498.4262248936732 45
-175.8242238978069 -501.5045475712982 45
-181.8550604101163 -503.0441014908457 45
-141.5623596018019 471.6708678694294 45
-149.2123406020247 471.5910154050314 45
-145.9632482379969 473.8166231133601 45
-144.3161572857188 518.113692212698 45
-128.3068070017038 520.499640571211 45
-136.8488481388692 514.7723715161177 45
-128.2703262281832 -520.4676533568033 45
-144.6211984565556 -517.9112218680323 45
-136.8926247280374 -514.7159500430899 45
-131.6513248669782 -475.3469299454609 45
-119.1007547007829 -478.0465938416222 45
-127.3672326702155 -478.7102037184601 45
-117.4448312688997 478.4521894375861 45
-132.0484581924093 473.4397186053853 45
146.0228232016721 461.9209026062088 45
149.3263528796369 448.8928811474936 45
135.9103383674624 456.8294677837264 45
142.800817483766 456.0227895975136 45
-59.3597320963552 -873.6082076649998 45
-72.52301628357469 -875.4638252341745 45
-64.77749523523158 -871.09446573177 45
-51.27715077720002 867.3056967331112 45
-41.93481242987286 860.4129872685947 45
-48.7800842420056 860.7099613497618 45
666.1974690415237 14.03884670051492 45
658.8861412585138 6.49791794488886 45
660.4738310507094 12.80115627616196 45
673.760643140517 -21.59902549108213 45
675.4422322276538 -35.7211858544426 45
671.3757049776311 -27.27002423080457 45
-1119.441079945813 39.45827516161939 45
-1117.064678411729 19.10518994259576 45
-1134.903688950111 31.13896878577569 45
-1124.069878866154 29.59645340666889 45
1091.057719924745 -35.04720661835806 45
1082.373829809253 -18.41820855258702 45
1100.909958942096 -19.68905109501397 45
1091.505618640493 -23.95894909928716 45
994.685242787929 5.925171685268484 45
1011.957295091568 -5.82789037135713 45
991.5529680904456 -17.7554213667224 45
998.6660215213524 -6.354733814950047 45
1201.075893125926 80.22249171023074 45
1199.061784638175 69.97359023071054 45
1197.720785938796 76.27224460476648 45
1197.013876240821 -67.65857453646642 45
1200.677612970544 -79.07361631729989 45
1196.728808158973 -74.59761710133427 45
-680.8281987630257 -239.8923089082935 45
-713.5884170656584 -198.9121727230544 45
-676.9475201401179 -188.0757514618853 45
-1085.612780041894 36.33750568405146 45
-1069.807609303214 24.6884786930312 45
-1089.542686840697 16.28039393635423 45
-1081.436997947243 25.24972013069256 45
-576.22603189839 16.58531720560473 45
-583.2971290727349 7.350369130619374 45
-582.0147559117764 13.66484366362827 45
-1003.972279532684 78.8608630252981 45
-1009.059887204324 68.12151266406498 45
-1008.933045980874 74.38299096439376 45
-44.7979281196989 791.7031413857401 45
-47.64123723777254 782.3278784961368 45
-48.15917664657212 787.6233697033474 45
-45.38474596592751 -781.0261973665048 45
-39.97827574655966 -789.8919339101282 45
-45.93641771052982 -786.9309408652977 45
-240.2618974324565 478.9726209741893 45
-225.6451869965049 488.0126368507537 45
-228.8330929653543 480.8480612230164 45
569.7795286434382 -28.42673323974354 45
574.2724997209866 -20.23789448538148 45
573.2998437433242 -25.025083697 45
574.204888405362 20.03978923994161 45
569.3696926704363 28.01059050468783 45
573.2998419399599 25.02508269036291 45
1022.371494621467 51.82514377074239 45
1014.241233221634 59.80090413689365 45
1020.307528313322 59.73564127358154 45
1012.964377786924 -66.02916421405614 45
1020.787162139209 -56.72921501883425 45
1019.425094769819 -63.38507221914772 45
-23.96965618843183 -783.9658573181607 45
-27.89417539852265 -770.3122338829802 45
-10.63772596842142 -770.6488652569029 45
-20.74643264391309 -775.0971038311613 45
-20.28202504682858 781.7996379085492 45
-15.65140819780123 763.4309227979352 45
-35.74712584769286 770.0538176697635 45
-24.36213790480443 771.243966499345 45
168.137189159944 477.3341456866142 45
163.1955560790194 474.4584190764969 45
164.7306967599966 476.9735618727458 45
-181.740343282142 -485.6254396367976 45
-186.8367277860872 -489.028309386946 45
-185.2667771421605 -486.1204951589997 45
-190.3258480397728 452.2478777236026 45
-200.5746828502355 447.0230654875623 45
-195.2073162817838 452.2402869050616 45
183.2560034971985 482.7608041813399 45
184.7313501312837 486.9448919645424 45
185.2902483066676 484.2830490985757 45
-166.7498239939519 -478.2172596371163 45
-164.2692298719836 -473.3957504912211 45
-164.3559715440179 -477.5943023154603 45
182.1559104939092 -465.0516634418995 45
185.4804746263642 -461.2860561720282 45
184.7849877968083 -463.6038391639935 45
-186.1208971125729 -458.006441510242 45
-180.4846731548093 -462.5774651865773 45
-184.0299998858638 -461.9781412144169 45
-1162.079681067842 2.179319029906579 45
-1147.035058318403 -13.02299933833983 45
-1165.749966123484 -18.0980551994284 45
-1157.714762002515 -9.066401696481963 45
-167.9908221331223 479.3141842295947 45
-171.3625218673291 483.4872153167158 45
-168.2911951951374 482.1882227461955 45
-54.9109678467004 766.6429229126406 45
-63.68309750971768 748.3720603286739 45
-65.89756262853538 764.6974181146135 45
-62.65025735056566 -761.5086107922465 45
-49.86831885438121 -766.0910121215983 45
-57.67428380898292 -768.5712578389422 45
80.92188119694821 887.3577590611269 45
105.0840206532001 884.3701833171709 45
90.07445552405278 880.1754800994913 45
-678.1136494937457 29.11729147059637 45
-693.5309535703173 41.844673823432 45
-678.7293758328969 39.13838610324986 45
-140.7016079468685 718.6814209596292 45
-95.35797304370919 722.823545160738 45
-117.2567673791632 736.2833354945699 45
-218.9616613273357 -504.5296373153313 45
-236.1274777093915 -492.1304046209575 45
-224.9655019860144 -491.6252153702811 45
704.3135300050294 122.7863742081895 45
714.6910620330013 76.9667357135211 45
696.3348214209861 95.27284622594078 45
161.3713085966742 876.7838287071806 45
207.6407531173694 885.0872703360554 45
192.9860828188908 866.8840782937527 45
-977.556674674843 140.6050945032838 45
-988.6892125403397 107.6667068702995 45
-991.0381747630145 126.29360547353 45
696.0457127891385 37.89038131616748 45
679.5707049900261 26.11754346546763 45
680.2075053539666 36.6899601713241 45
1352.019368236456 182.6545878334683 45
1355.319888606282 112.0468490911781 45
1291.340618415929 138.3144442363387 45
1334.479744130348 144.4810895731341 45
691.5049495804539 -46.82909268343763 45
688.1022637732001 -14.72185914622059 45
711.0627272515974 -36.02379218753715 45
696.1928091461775 -32.00437287619894 45
171.0357892454519 -481.402124682402 45
170.2119668660511 -486.0743080481069 45
169.0461567567069 -483.9057877274918 45
173.6229944832399 -489.8151648750085 45
170.168876079858 -488.8305480463301 45
178.8915450209727 -478.8188614779731 45
181.9656241577761 -481.9651231423642 45
181.9078981464606 -479.953848245496 45
182.9469616420299 -486.4102713861048 45
184.1708030056927 -483.7701171780908 45
-179.6189129937628 -471.412957104466 45
-181.294657980771 -475.3726874881757 45
-181.4296371045753 -473.0193506610883 45
-180.2470580665765 -479.6698384483196 45
-181.9553210645029 -477.286163830672 45
194.4245196845244 452.7331903830372 45
187.1020914295493 458.2886051633909 45
191.9541127534451 457.3259189684118 45
180.5293366627759 461.4239285942399 45
184.8296485636517 461.4504176499479 45
-1001.09482754301 -69.89285644663939 45
-1014.19539233646 -65.81799236805738 45
-1010.463291923405 -70.44228357306966 45
-1021.944806394257 -57.22320400784709 45
-1019.672463324447 -63.33669936592543 45
158.8348580675884 -472.9970394789119 45
153.9735316795356 -473.2518414942352 45
156.315344326547 -473.8896170158291 45
146.7574736218104 -470.1246964546408 45
149.3174595984437 -474.062095063192 45
-202.0536578132285 -445.6008157493632 45
-218.3272928817056 -437.3062725283346 45
-211.3576963729298 -444.7368095780042 45
-227.2322776732152 -415.8158413611851 45
-233.0927915758919 -429.5164827719498 45
204.6685482024631 -490.3785667029666 45
212.6594075845039 -486.5222838246414 45
207.2487883034657 -487.0958214646615 45
227.5779825045149 -487.2467658589356 45
220.1293633722253 -482.8839673955097 45
235.9369896237153 491.4495238625163 45
217.9557817784181 495.2245402124605 45
224.7137019781595 489.4500550722679 45
207.6765371934896 501.6846632719252 45
210.640414034148 495.2119152819214 45
-595.2437032348364 -1.424331427316553 45
-621.512319145523 -0.07119530998162819 45
-607.4032535349181 -0.242614745212292 45
647.6965521204174 -1.585172262559057 45
622.0758815857147 1.341666671696589 45
635.7012764202533 -0.03923532589963982 45
-647.7267430286697 -1.516635415907257 45
-635.6144222533281 -0.2577475199483226 45
-1102.864764782932 50.51666828944368 45
-1075.53119469203 51.88946842960367 45
-1088.819359610087 50.69483894138565 45
784.0850750585497 1160.336338850546 45
652.8516686449041 1239.30567260093 45
720.4302987921517 1201.05384464222 45
784.0851182989916 -1160.336330314951 45
652.8516686449042 -1239.30567260093 45
720.4303041972069 -1201.053843575271 45
715.2738887057571 608.899511403662 45
804.5238944843013 484.9209660693696 45
762.4364995762722 548.736083645871 45
-715.2757340755653 -608.9016180420274 45
-804.6869520824391 -485.0498042118184 45
-762.4617229042721 -548.7562201750421 45
-715.2731409759657 608.8994831115524 45
-804.5244334078973 484.9200021465576 45
-762.4364797328949 548.7359499218585 45
715.2770326535244 -608.9043747476657 45
804.7240586479645 -485.2163157392043 45
762.4675066598331 -548.782217705882 45
-1123.914512277946 -36.70620308047813 45
-1104.065772290262 -48.94088172467545 45
-1118.510058324598 -51.07308326214926 45
-1116.643683423494 52.24018762084887 45
-624.3126728752146 -361.162354535923 45
-657.3521080286465 -297.5298039934859 45
624.3921654653789 360.9124198884821 45
683.7733860750042 230.8609814288647 45
657.8526844994933 295.988368026173 45
624.222434446648 -360.9652928404184 45
676.8333230687113 -232.4879957735857 45
656.6909790522211 -296.279861163077 45
-1346.26890036107 294.4813995460047 45
-1375.4426695705 149.8339800814652 45
-1364.593497260191 220.9365865803236 45
285.5887714014286 -110.8537182559195 45
286.3400795698492 -204.7585927752778 45
175.1306770447933 -108.4872775489002 45
232.446298428754 -156.8120911362417 45
511.1503794336825 1304.627475460695 45
582.9295198408175 1273.916946117915 45
511.1503794336825 -1304.627475460695 45
582.9295198408175 -1273.916946117915 45
-1377.730982686112 13.63799701760431 45
-1379.614023890277 81.12703406126673 45
-286.5689272252334 9.749205212937849 45
-363.7790079118782 61.73869676734333 45
-304.7384686462602 137.8200475864604 45
-292.871587944551 74.13723040827777 45
-1120.268525770643 -9.664287250432693 45
-1104.122248152834 3.766391394639541 45
369.1162101912299 402.7190712428439 45
457.8820132562659 296.282530614804 45
415.47347198452 353.5562323244461 45
-369.1373452548028 402.6254749683741 45
-457.8803059185082 296.2838475097719 45
-415.476525978785 353.5420862108554 45
-457.8794297369678 -296.2859120848254 45
-369.1161923736038 -402.7192233181042 45
-415.4730940924964 -353.5567430272166 45
457.8799533620928 -296.2843193868409 45
369.1754646810139 -402.5852809094943 45
415.4822630766357 -353.5359690642339 45
376.1756816411327 32.67831118375442 45
428.2030505151 85.75801738822703 45
439.9501802077634 -7.002979178888962 45
435.8098613735875 38.07188168961851 45
1189.698530527434 -8.609085843818816 45
1176.719787862907 18.20255562716568 45
1200.095994060202 39.83658761564959 45
1223.227805048514 18.29045780913335 45
1197.244156832889 16.59711755994882 45
1153.687124172544 1.339708536702517 45
1163.07092322969 37.61148213734624 45
1159.400205510601 20.38105607124492 45
-1180.18883606296 -714.979011287026 45
-1237.376444394135 -584.9020219662316 45
-1210.603201018745 -650.7686385121083 45
-1180.188771458557 714.978135313484 45
-1237.374491411538 584.8486859098854 45
-1210.60284009522 650.7603119329148 45
-1075.390189211251 -51.38067658848187 45
-1089.265223173984 -49.49525838837091 45
363.0012303179719 1353.824857490285 45
437.7583654607392 1331.281034876205 45
363.0012303179716 -1353.824857490285 45
437.7583654607392 -1331.281034876205 45
-683.5962765862857 263.6856328649395 45
-680.0835827471719 225.518375235052 45
-1288.238104018197 -448.1610007025795 45
-1261.407390445454 -517.4852934225523 45
-1288.218219739623 446.0724869343545 45
-1261.402275411681 517.1340114185377 45
842.5623428504339 -419.8368329393742 45
-872.4383149819027 348.3795310398959 45
-841.2229961062651 417.8998544838014 45
-878.9033918353944 -353.4442850906608 45
-842.3075234964892 -418.7524176563129 45
872.4073408071456 348.4345325400488 45
841.2181101036171 417.9085507363906 45
1351.09964617022 -288.6598166332257 45
1289.222458799457 -436.9045407584792 45
1321.282322589026 -363.6379925051869 45
1363.579783959547 -2.253452144827707 45
1305.425736436244 41.68824226276868 45
1369.106803558892 58.50269658175711 45
-88.94901104127257 -748.0547339696659 45
-66.64670117825287 -732.8666378829638 45
-73.97820545684071 -755.0924402509836 45
607.3127942110115 716.7041643495933 45
663.35945586773 664.9779982573364 45
-607.230279951678 -716.6845586756217 45
-663.347929380996 -664.9757304967264 45
607.3128146324254 -716.704197268631 45
663.3598922565814 -664.9786761287261 45
-607.2302628339083 716.6845442128997 45
-663.3475688685591 664.9754328971459 45
1267.69763469398 437.4011116484195 45
1238.803231828093 571.8547059330336 45
1259.025486190216 505.9829429326296 45
1239.335902368663 -571.8288383330669 45
1262.62575495955 -505.8886398977322 45
-1108.341201184312 837.561146793149 45
-1146.061719322682 777.3089787280478 45
-1108.341201786772 -837.5611527305495 45
-1146.06172867846 -777.3091008417173 45
-1048.111144789775 15.80209024274538 45
-1059.957115007391 41.26294685039453 45
-1043.478207699732 33.53317267185023 45
-1055.899916267975 28.30666763085165 45
169.07532772167 454.4603204246437 45
164.8079016868142 466.8028609186604 45
172.7672045847254 463.0235083921937 45
388.3745616679066 192.9864870402082 45
303.8558802601842 213.9609727557651 45
315.0667613146572 300.6848178998594 45
354.0914365014669 248.5759485113891 45
-1044.527809422341 -11.05495012751679 45
-1038.877565409105 -36.04174692251549 45
-1058.531557412751 -41.38789957028738 45
-1053.043159136156 -27.21958692809216 45
1126.954729140687 51.30852710809686 45
1112.767816490984 36.86659393127336 45
1100.845613394171 51.83642254345897 45
1114.06605296 51.26561500785409 45
320.2584575839396 -26.35654202434887 45
251.3663751322696 39.55648271472814 45
316.1664226104782 30.65578951512927 45
700.7319966239688 170.797864349977 45
896.5554991253736 -1074.142745840127 45
842.4003355371701 -1118.233306253078 45
896.549014120834 1074.144039582985 45
842.3994330256643 1118.233486109075 45
1103.449467112478 -49.70705945353455 45
1077.918037457051 -49.33085651613985 45
1090.780735487375 -49.70535022772304 45
-1157.465337861065 28.39098409148275 45
-1181.111579055652 35.1058005617728 45
-1172.175446595186 17.80713798414565 45
-203.5571344939629 -48.89147904543291 45
-125.6172639256254 -31.34962563759512 45
-1290.000558898071 -246.166183032072 45
-1343.201973169972 -308.6398721503731 45
-1354.278950201894 -241.2813564660485 45
585.5392931638014 6.280094280489252 45
599.6197418413567 3.117323060779351 45
585.5056805702701 -7.08402761860287 45
592.2584714124586 -1.010597892788679 45
-25.77058802207177 152.6873347635749 45
114.2175677386999 98.04761943794193 45
43.53089896524484 124.9065513722171 45
348.5830667839472 -872.1620899128503 45
-277.6328689704775 888.7185747354888 45
-347.7098735066428 873.2829610693138 45
-281.6342463774159 -889.1074881846823 45
-348.3891842591772 -873.3476070593015 45
279.2957856920012 903.2938725102359 45
348.0768899449211 875.1193168746983 45
242.0550812264453 -680.2887501471732 45
137.398702731966 -717.8790028240594 45
184.5422142568744 -699.9840565362222 45
241.9622313719319 680.4693368613316 45
137.7803550088342 717.1211080257227 45
184.5988766865095 699.8732466001995 45
-138.6313546364326 -717.3574518026579 45
-241.980388390537 -680.4843617679967 45
-184.736845137294 -699.9258398172759 45
-242.0343350249407 680.5244928766405 45
-185.0867158305064 700.1569478145543 45
-537.94014876777 480.1940530355124 45
-627.4968667299255 364.8444622427552 45
-584.6953788241179 423.3200233637052 45
-537.8638815629776 -480.0954503557157 45
-584.1663137582262 -422.6946420313467 45
537.8652971040829 480.090789338909 45
584.1789057901713 422.6547041299433 45
538.075007338064 -480.0652757747987 45
584.1857509646122 -422.6589735761735 45
19.97634444284236 802.4326535467455 45
12.84342362900981 820.671988716976 45
26.7720789919956 815.5122080319694 45
-355.4312504168412 -58.27209666412927 45
-280.3588643517252 -57.32512794492365 45
39.94489176711686 359.2062667113651 45
-45.34909847882982 249.5316251723512 45
-53.4427982129711 341.8324150742408 45
-1.837846885680755 305.7307739919404 45
216.0520866220882 225.4021134771101 45
163.9713292779614 336.3927256922234 45
234.9384275612859 311.2713458513502 45
183.9120372435086 281.3611457020943 45
210.3021522821918 1386.24413348476 45
287.1009529852809 1372.152741667485 45
210.3021522821916 -1386.24413348476 45
287.1009529852807 -1372.152741667485 45
-18.63036388847712 828.6520660004167 45
-36.9020131165591 818.0753080514053 45
-31.26100165550462 845.982946932492 45
-34.27679263711 832.0276959243872 45
-25.45111753401263 -833.5258815556032 45
-39.70253827794946 -846.322596834279 45
-38.60580295237163 -833.8761495794523 45
-1063.114276404866 53.36934380456458 45
-1062.553720903107 -53.55557673507015 45
1151.802078569781 51.55377290379759 45
1139.435458226513 51.4745948853619 45
1129.537054353868 -49.71046781295891 45
1144.953299197593 -35.30772926566509 45
1142.518549673761 -50.71407046600262 45
150.6833301996257 -1.466959138043105 45
66.46670853718018 -128.9329471645086 45
109.0290367562335 -65.83126991515456 45
-147.7961064911005 231.8908599974952 45
-90.16982194787384 188.7810810669882 45
216.5054002933732 127.5958086745037 45
257.6260204662694 176.1400317476957 45
1132.370494197308 -15.51190454826067 45
1163.98854934652 -22.71097296653497 45
1148.643731009546 -17.79146660146597 45
-255.3230664909022 234.7812124390031 45
-328.5891207653842 197.7478638002104 45
1258.018365579701 -10.98760603670016 45
1292.241527165363 -53.00799297573721 45
1219.956245290346 -49.02750763908355 45
1251.814678247912 -48.00482806129408 45
1300.283805582369 246.441750951773 45
1361.901183571495 241.5795397079852 45
-429.0963736414711 0.720141845046756 45
-427.5690013710775 -52.26821464398808 45
-431.1677022077711 51.40781646804268 45
-173.4995558715301 -525.3726450941269 45
-202.9298822316754 -513.2172719115391 45
-190.6605652371508 -522.230386911658 45
-318.1109150507262 -290.2517401373874 45
-360.8641923051792 -237.960215080911 45
-234.008338456064 -286.7698060004325 45
-238.1834033112456 -366.4958786287322 45
-276.4750210216832 -333.4157254322384 45
31.47629059305893 -837.5230675754408 45
7.46356176307196 -832.1635630741549 45
18.28364767640985 -809.949248203966 45
23.77207382560674 -824.1262020428155 45
1026.869445989011 -26.30038797764721 45
1028.966987817751 14.62836395756925 45
1048.116424258523 -8.467798143449313 45
1029.22279463885 -6.436951583169373 45
1084.003796980503 40.91207087177046 45
1087.812260490775 53.47665678180921 45
-147.0484435502386 -291.9067812504766 45
-186.5482134834973 -241.4788727815108 45
10.71257714861872 -263.8555188292257 45
33.78268853449406 -195.9733039577499 45
-1319.396423560262 370.6637537215626 45
1064.191983625118 -31.97920083463999 45
1064.434950887148 -49.28868564663006 45
1116.551672324481 -33.54526819889453 45
1116.369668343334 -49.51436392825278 45
-125.8069443800548 -958.4424675066572 45
-26.6890951103195 -945.5501660175419 45
-72.91889615181606 -959.1566312622659 45
1184.416300627828 698.8178162566574 45
1213.496623597824 636.1125244158563 45
1184.374401139555 -698.4596523775573 45
1213.57143624186 -636.05351493015 45
-1305.634955627716 -31.52145565487018 45
-1371.60307141778 -51.67380111128137 45
-667.0429960881356 -7.087938363702555 45
-657.5799000868051 -4.278915393565609 45
982.4330891015471 97.76754806590731 45
946.3637592004696 105.711812498749 45
967.0539635307496 145.6049044384619 45
976.0811329966384 120.2307479259977 45
29.90285855528032 786.9158356274394 45
10.78467939736015 772.8390656762856 45
0.1648719213118548 791.8987757698227 45
15.38342549051602 788.4332942140361 45
-64.18573819284019 -329.2181121128312 45
-113.8124128341188 -390.3463994378927 45
-170.0335075748711 -365.7056724749214 45
-122.7784479478532 -343.9054093073741 45
54.94955718606708 1401.482989614166 45
132.8366026372765 1396.018586056698 45
54.94955718606629 -1401.482989614166 45
132.8366026372759 -1396.018586056698 45
247.6575709225546 381.7561180944738 45
278.0642462174622 345.6359569241685 45
-1022.576649546826 950.9621874944879 45
-1067.122855386879 895.5060262747469 45
-1022.576649546826 -950.9621874944877 45
-1067.122855462186 -895.5060270169214 45
1246.439977542368 101.3294591971948 45
1247.722977854108 130.2770056397805 45
-1163.809956127206 -37.85343868038586 45
-1144.825505577813 -34.8908122592654 45
-1153.822196708683 -45.32468028490403 45
2.756543314059249 840.3525364862708 45
-10.62597279405868 859.7715880771514 45
14.30111744330735 870.245187611137 45
23.23193302096928 852.8839489430443 45
7.171918852290647 855.9516837439648 45
-170.8012402985069 471.2042893311504 45
-177.817179125614 463.4369573485333 45
-177.3045280049338 470.4196089753421 45
117.412516513987 -341.3195998851837 45
219.0529168288546 -330.9414773840898 45
170.7502548623265 -372.2856906794965 45
165.7698146289714 -328.2927051191804 45
164.7538419845847 -508.0522726499036 45
153.5588234780583 -523.0522755274012 45
154.5189524728138 -511.5202511259342 45
-1246.293208039298 -53.92008009591876 45
-1253.107401576252 20.8915162968793 45
-1254.310436117367 -18.5896595600746 45
194.7953853407024 392.3426368649872 45
210.0562671342352 429.4920315054446 45
225.3911275525576 409.294941889985 45
286.8353571803831 467.2657828737561 45
324.6158481237918 440.7247582730523 45
-287.5801369037288 463.5582419926428 45
-324.7440266005315 440.1023020397807 45
-286.8368490256019 -467.2828142088367 45
-324.6160494669078 -440.727141340285 45
325.0066637338841 -439.8425759492173 45
25.81197987736388 749.3798185414123 45
47.30331850857954 761.2332578842133 45
60.82260575171475 749.5936743080563 45
46.82782684679239 726.3743158390511 45
45.14086663121817 746.7094166050716 45
-924.8685621394735 215.667328006751 45
-898.7570939733938 278.3238291391307 45
923.6809049687224 217.6302760080191 45
898.5567931012023 278.6608648108168 45
-228.5801942820178 -938.9770307067768 45
-175.7229898732349 -887.4230080312466 45
-222.5429909251848 -890.8657482928899 45
519.8751057323834 173.6244390745545 45
492.8135399397122 234.7037246140875 45
-519.7878441396338 173.7423476679297 45
-492.7989730150438 234.7232712050336 45
-519.7671252613768 -173.7657706466557 45
-492.7954487257189 -234.7274035210302 45
519.7488558257626 -173.7898123040978 45
492.7925207554042 -234.7311315657703 45
188.6479580636339 -492.0656694815648 45
176.6983110492845 -496.8693578379442 45
180.3582318608426 -491.1569481194213 45
176.7667911356735 -471.192816184485 45
168.0441009790694 -474.3110971556834 45
173.7313440605685 -476.5359894898434 45
179.1844833037578 478.8521122964276 45
173.469648542418 478.0377288254583 45
-172.7511276951398 -482.0313278864284 45
-177.0265828422466 -484.0340564113541 45
-176.5466272145619 486.1062022059584 45
549.0576383087871 764.2733506128475 45
-548.4061040476419 -764.0876223583613 45
-548.4061019057474 764.0876205504242 45
549.0576408628444 -764.2733547223036 45
-1234.407686595441 -202.2141408618874 45
-1238.671881335406 -250.5002206118192 45
666.5810939355905 -7.307114664782454 45
657.458802332474 -4.549148639341005 45
126.496918618878 -954.7952866537563 45
36.29625233109181 -942.7604281008826 45
78.50040083791832 -956.6834994654918 45
303.4366898872021 -302.314220779332 45
386.2421834576614 -189.4724830417661 45
345.3716264955817 -245.9390292247533 45
-982.6627904261994 79.39248913901558 45
-946.729406594358 69.33346820697855 45
-961.6241524418933 34.37178398828707 45
-994.2546575970463 53.82237756839648 45
-972.5480899845362 59.48109419599938 45
-85.63108046982725 -471.8761680077394 45
-84.71502659155084 -435.5681033673721 45
-25.77541138149419 -443.0737481041906 45
-59.69619599476259 -461.7630285280465 45
-585.1742371601285 -4.016155481304246 45
102.5235051506544 -399.8488115813868 45
47.3023323821891 -394.8342660623096 45
46.4168592026261 -338.6977762687133 45
79.204394709574 -367.645892249509 45
10.5288817423788 -780.2660648876627 45
29.25280798250288 -791.7895717258584 45
14.42655575647902 -795.7740193048126 45
996.3094548912633 -977.5922678964401 45
947.8104075618761 -1027.253980751977 45
995.9074028904124 977.6733698619141 45
947.7478406021344 1027.266577491005 45
-8.663012386790246 810.2349597564596 45
-2.712703981311341 825.0517625157344 45
88.0002466618094 -538.1656521982262 45
0.00680394258890038 -547.5271608830426 45
49.21576829666723 -545.2574320406309 45
-87.76226884177571 538.7592669453336 45
-0.05334433209908118 547.5299532579277 45
-49.18396162036052 545.3525135580484 45
-87.71501492838533 -538.7702630068615 45
-49.16726141534367 -545.356065797608 45
48.80986453858914 545.3169128694857 45
738.4661620987796 1.324103194469399 45
737.1268664049016 -92.74420442833876 45
740.3690121050691 -44.6116720182106 45
104.5560112705718 -445.7109407776929 45
145.8654074847043 -412.8013973513584 45
134.798965266818 -445.8525846814003 45
121.5789715191662 -426.3268580331595 45
-101.1282396929745 1399.353422592621 45
-23.11970776531545 1402.583214245064 45
-101.1282396929755 -1399.353422592622 45
-23.11970776531636 -1402.583214245064 45
927.6195672515681 -11.0618064748959 45
961.79136475362 -50.81547016129086 45
918.7609365202911 -61.39367346466327 45
-561.7927367498343 17.85082508608965 45
-544.4540699404837 -9.606157532552734 45
-552.4534005206934 6.440549402754074 45
436.6413325416035 -91.1353416052079 45
390.8059697199952 -59.18968396470688 45
441.9434744301447 -49.36363631653224 45
1072.34793324242 7.539378637751832 45
1063.425489901972 35.39138258208005 45
1095.716984326925 21.12068266511025 45
1078.687401897133 25.92020695676362 45
1328.299188757094 -193.3556949535132 45
1376.294167177488 -216.4930277517376 45
304.8863955913847 -654.1428858660538 45
304.120658255418 655.6557407817589 45
-304.1234220238144 -655.6582744554883 45
-304.1318570632818 655.6647301730727 45
-1014.126495270046 -5.987076374222728 45
-972.5496853844728 -9.521278348878102 45
-985.0781847558757 -47.21371882435239 45
-1014.994679830603 -37.26361691732375 45
-996.9363539711011 -24.54971357222671 45
-194.3346949937711 503.4578767783471 45
-211.3710779571705 511.1947411595872 45
-196.679079191052 518.8466990036293 45
-486.1584691169513 532.8155210851093 45
-486.1468918038071 -532.8002223407893 45
486.1470894856531 532.7995686201426 45
487.4693699499952 -532.6349072412467 45
1114.042163034214 2.537549543328852 45
1115.775442194662 -16.23011385860063 45
215.767136510772 929.5920549053944 45
-165.3758478345169 -451.3104201351355 45
-171.426513272011 -465.4602634785317 45
-164.3903382229502 -464.2172223330768 45
-28.25653402801007 799.9611882417453 45
-14.48699949504187 795.8486097297676 45
681.8444851915174 -132.4612924692671 45
683.1477909127822 -71.82426995808299 45
703.9756157162719 -114.6345734996975 45
683.0517763249024 -99.41750167004756 45
-93.36607950930592 920.1839286628399 45
-38.14087813537028 951.3973935910934 45
-85.54995600247787 961.7883774566563 45
164.4131557731795 533.1505328157853 45
142.2269446679494 536.4379920250071 45
-1236.138556281836 72.7803423290686 45
-1239.294185785732 101.9575735792722 45
-1212.552412205996 75.22479970040828 45
-1224.504421033714 86.53819109540756 45
1151.956076515374 759.8928871887356 45
1151.626917458255 -757.5199662969897 45
1066.823695760233 -12.64636535758391 45
-211.9813815497091 890.5846066910315 45
1314.631524426222 -116.1041523317006 45
1341.245840602075 -61.60481439711423 45
72.59645864991913 469.2301125986095 45
118.4219050042905 466.2538390745719 45
99.26204819234771 445.8379325501293 45
98.47524726076726 467.9795016715167 45
1164.192715180731 52.28046017130662 45
-946.0655864325091 -176.3705820807298 45
-958.3989935154738 -126.7483182420541 45
-913.3203864285715 -117.22714641922 45
-926.5935489664809 -151.9622353196702 45
4.365252828436374 755.488842875012 45
-0.6066472020694897 -746.5122027708936 45
24.97059644371712 -756.5997621628376 45
6.059741503161389 -763.7066488757317 45
-264.8238175879123 395.3495952873247 45
-291.8277403834354 362.8807281480509 45
-2.92151396732858 -376.8022737125759 45
12.41361092998221 -419.4632022604885 45
-31.50774603016281 -712.4681589985097 45
-89.41738963076759 -710.223040327061 45
-60.66531369463828 -704.1130019630001 45
-255.9944098851426 1379.884163620337 45
-178.8322788453542 1391.76657063382 45
-255.9944098851439 -1379.884163620337 45
-178.8322788453554 -1391.76657063382 45
-60.05049386416931 713.0541802909574 45
183.2260642381742 439.5693965438347 45
159.4411230253659 419.9726550253392 45
164.6020379546709 441.5297273868927 45
15.3884260440597 -711.2368361472829 45
-28.6138361723888 -748.9573758661503 45
-11.38581064542085 -728.7800639005894 45
-104.9428756284804 -476.2589266872972 45
-924.0936555035397 1053.638128733091 45
-974.8306282749811 1003.718166078514 45
-924.0936555035393 -1053.638128733091 45
-974.8306282749813 -1003.718166078514 45
183.538692864375 -507.2415329299207 45
172.0577824793044 -502.7498860758739 45
-185.2919184238264 -442.8873241550444 45
-182.8994670711166 -413.6671179060173 45
-146.8511270938423 -427.1093963752281 45
-170.3500182571417 -434.0759412296558 45
730.9840944581487 43.40534155859591 45
-1232.380340247469 133.8333550043982 45
-1212.550703327211 131.3849111178042 45
1042.071337275486 -925.3899983327893 45
1039.405387318128 925.9308453315589 45
-1217.300349067543 -142.1067379264854 45
-1233.352164774868 -122.6241616532752 45
-1211.683073743319 -105.7897098584745 45
-1214.015137386753 -122.8205136608062 45
-945.97203846273 -239.8382196364983 45
-915.5258696917085 -293.4910986187463 45
219.817559518478 -507.3961449950655 45
240.6755212538686 -498.3009978711634 45
568.8547062532384 8.39950842176731 45
569.3134652114531 -8.686427966695168 45
547.4996934895362 -14.22228873956991 45
557.5258763086263 -0.1813717465577018 45
174.4956128112067 -432.1684373460961 45
185.4573326665396 -449.9335196881943 45
177.0627728618747 -460.1609083428389 45
175.576226907182 -449.2610722376521 45
-923.6592209956526 124.3711290907567 45
-953.6947424899175 169.8031759975104 45
1253.36287376832 304.1167361614008 45
1245.789743708091 248.0255544566722 45
47.16064235549565 432.568323154546 45
-5.698465949719604 458.7650948012252 45
38.35413500418019 464.1323476465983 45
922.5381668452376 52.47407186052978 45
968.7581623914675 60.23326730962383 45
973.1863007269178 24.24417181521582 45
946.783511265822 30.79266776281526 45
1215.87477504093 64.21262011127824 45
1200.47228144872 57.93025584915244 45
-188.1460041829662 410.153022121369 45
-176.2640078503545 444.0846097517475 45
-140.5537802373715 402.7084718829827 45
-163.9441191391671 426.1403412969817 45
-12.72282975405519 -852.9125807360394 45
-10.33957415239695 -887.7544218041531 45
-34.52383113069581 -877.5100900512173 45
-32.52248632918675 -860.3675214163361 45
-22.38624184488469 -869.4730096509973 45
-109.4272798497174 -886.0323796929666 45
-154.1881624796543 -916.3655664926919 45
-139.4054310955846 -887.1202726791666 45
-29.88662111502421 -795.1209083000923 45
257.1907955020811 484.2421560278225 45
-257.2174861593538 -484.3594603131885 45
-1183.079746571105 -44.76926723198653 45
-1175.896053981231 -30.75740320870813 45
142.2178394101599 -460.5957446949058 45
1257.067957654709 -144.3967169362839 45
1230.674226302195 -132.2215088177534 45
-1248.224891196616 -152.3138598327135 45
-1251.522484753874 -97.32744456402371 45
-1257.656275351812 -126.3960809278696 45
-212.0188536008976 425.5846750682858 45
-227.8714145624728 431.0028090501186 45
-213.2295452121028 439.4636347804459 45
-715.790381349855 83.06176184806419 45
-726.3724688200152 10.95744790544767 45
-728.3433967226654 47.33708744989371 45
1011.057056866811 29.58208884469951 45
1039.590140893596 41.78470049727709 45
1025.835639324272 34.76667782399528 45
-143.0119800704674 326.8787774738875 45
-192.8562363831039 279.1625508738845 45
-407.7477052176265 1343.367008785911 45
-332.3718077098884 1363.712146345328 45
-407.7477052176278 -1343.36700878591 45
-332.3718077098897 -1363.712146345328 45
83.5212484939852 709.3280989290254 45
85.41679165794754 750.6032991948488 45
105.5465840339096 735.6958868610308 45
715.098003449339 -182.3165311138664 45
682.1425697947004 -176.0601619012613 45
413.4455302271949 137.657168856041 45
-1027.17560169781 22.82851964913072 45
-1018.948486828568 46.91089373632779 45
-1031.072148774549 38.82514539785963 45
1191.072533985042 -42.81063401146526 45
1178.754851614073 -30.76828402181782 45
544.0762094272698 -91.79699547967297 45
543.0603974104472 -52.72412565211331 45
560.491636060673 -54.04374209892259 45
553.6230510714332 -69.35358365383584 45
1008.379328706513 -41.67207989188642 45
994.8614063191703 -64.18282363911749 45
989.8129212326947 -43.97572706264793 45
533.6210381456729 126.1930097151023 45
-544.2735462238056 90.99994848251433 45
-533.6316141011067 126.4984637366272 45
-544.5169632123901 -91.31882663588773 45
-533.6077111857463 -126.5230894736134 45
533.6042319782957 -126.5774867225825 45
-141.0847414407151 -470.542055329848 45
-553.9469584338135 67.0063768404857 45
-544.2579173772705 -50.11986044825237 45
-554.5806285737129 -68.22825919551642 45
50.5503398164586 699.7619359359641 45
187.1759865771162 497.9394215477425 45
175.0802858240057 490.4413177047329 45
179.4955605057055 493.9262757159358 45
372.7948102850442 -114.864159925516 45
418.310565433348 -136.4719309975805 45
-38.33173393249441 -766.536689056005 45
-205.6443042006044 -391.5435601358703 45
-45.58336187181185 -865.9793527824604 45
-42.4997559429593 -856.648574044156 45
-709.6015747734266 -84.48533432324328 45
-682.6100229548053 -119.7936318376885 45
-685.234321522925 -88.59528202119586 45
1262.234318516343 368.0594294422104 45
-702.4154183699368 -157.4235790817707 45
-677.2243064156694 -156.6119236792919 45
200.2211460217312 443.5963723282229 45
900.2860822913862 -219.0638159479493 45
45.66568096254126 -780.9842859294743 45
41.8596994819735 -790.3787777466213 45
46.09593129494123 778.5305758442216 45
42.22352988325917 787.9627633499256 45
-688.3536980333034 -12.22237460104483 45
-731.533785887867 -38.97014361050947 45
-710.3287759328657 -20.01900162497058 45
58.84228303567916 -754.2912402215491 45
46.09092425363978 -765.8047228299697 45
45.07013947539981 -732.8567001092414 45
43.52388628444763 -752.5710696587897 45
-1148.165311640332 40.42822861980926 45
-1194.872384966615 -61.60064627038643 45
-1184.224737751581 -57.340747961063 45
-1195.506145680312 54.97192030386874 45
-1183.550027863739 52.18761204095093 45
177.3284786760667 484.161046682604 45
173.2276584739807 487.2569684253062 45
-70.89551234907158 419.8880520317648 45
-87.44030167452024 468.316683465747 45
-51.75964691193911 460.9747169170588 45
140.1111070235746 -900.5235341298682 45
173.4572298842677 -938.9860182412922 45
-1255.413024961217 125.8946449927193 45
-1224.730762641565 -166.7224957329366 45
-968.2297156653719 -193.9411310522673 45
-481.9655201227078 1319.079921546224 45
-481.965520122709 -1319.079921546224 45
-950.0372989778978 -70.62569032879074 45
-922.3410553801584 -27.63852675991251 45
-911.6131809318072 -72.44714008362959 45
-694.9443017173631 -1221.352710244054 45
-694.9443017173627 1221.352710244054 45
982.7143202280761 -133.759835653411 45
56.75276126062246 -873.4365522521831 45
67.33560631512327 -875.1734736343683 45
199.1968537847393 -499.1316733003906 45
199.883474283852 -509.517244826372 45
678.0671846208493 5.005693052982621 45
677.0078152428547 -9.602285545158125 45
-679.3575039825089 10.02977012654309 45
-673.8767006752367 20.10613615877594 45
-981.4265740202836 -90.67343715176317 45
-985.5659430653118 -109.3591487643622 45
130.936796934366 883.7891296018619 45
-870.6410913472497 1100.69367705839 45
-870.641091347249 -1100.69367705839 45
-172.8301629546851 -474.4676631285251 45
-176.3515797996061 -468.4718807905275 45
-1319.13886743976 -377.8088958453686 45
-102.0203326141028 374.0188990945029 45
-555.0294094465739 -28.29167181489798 45
-566.0616141029672 -27.37635856221808 45
-1215.023858612479 -68.02013614957686 45
-1221.271427541318 -87.13788734859227 45
-1234.026678377592 -76.46283366458053 45
1259.987415038192 -206.8715312230698 45
1227.068696418524 -231.6203269310998 45
1051.369095023772 49.09586665459538 45
-259.7125831046435 474.4015715506036 45
-112.6666901114884 -529.233704937513 45
-112.7689041797832 529.252849067946 45
1023.369386036679 -43.78188384830722 45
-28.33173194335664 860.7650810897062 45
999.0508126278265 45.86579955504436 45
994.4152565273954 25.67201587460279 45
-220.5764803338072 499.4598359310128 45
-918.8393005570194 33.48993543851725 45
-911.8632013680257 74.98731188342961 45
1112.676017050696 20.82132434329811 45
14.14794568040874 902.5360105768168 45
26.50006239771425 952.7512202549667 45
-5.834661780673034 928.4108743984445 45
115.1947712053155 -881.669042944987 45
200.9608447686405 -408.409670419855 45
173.1131968853695 -406.7263653729979 45
245.7384273431489 -390.3457621494704 45
270.0651743604233 -352.197709438989 45
153.7626245227381 469.8850094842948 45
159.4040037878178 471.5755325926936 45
98.2025664666005 -468.1647527789361 45
-1028.30978645956 -46.71946810487889 45
114.9464289209214 388.7674450863517 45
74.73738651614653 406.034764773651 45
227.0983002434618 -417.7322459533833 45
84.21515140400642 -753.0570137322655 45
82.29292824662178 -712.4143919479493 45
104.7962051819034 -737.3020406068819 45
128.4253882719842 -536.8886305026401 45
113.3008872280722 -527.6207111168687 45
-155.3817604068354 523.2069431743608 45
-157.2540141822342 -522.7445018363373 45
-1224.869343039218 237.042964024819 45
-696.9492690382883 114.55664000297 45
555.4335633163453 -36.26830533115147 45
541.7985113766506 -32.99802000545544 45
1289.195166617209 -166.0894148081895 45
181.0274617644074 480.7206349695894 45
-194.1079184371548 493.3363078456852 45
46.590872369199 887.9693464089748 45
67.57825283668203 921.1160398431584 45
65.23528015166154 890.4144540168097 45
49.69137969933156 -704.3425611037485 45
-116.3032535871672 -425.2674215670585 45
201.6101542264829 520.1282435004229 45
198.0194304963251 501.8889283407674 45
62.47806755781436 766.6398614730497 45
72.16865367064922 760.5375156845114 45
61.5537031013941 -769.0574822312411 45
71.06111567576882 -763.0277477544888 45
-120.0867555000375 466.1344526282356 45
-131.8785706433603 466.5859963348101 45
-569.7366086625566 24.13109016369156 45
170.4264972085962 516.8325964892232 45
160.9577303385084 508.6912357902301 45
564.9740013428565 -40.83041750364293 45
559.0914133439155 43.42038088412369 45
-197.1000809799038 -495.5646918850942 45
-190.8987619323671 -492.3665915371232 45
1249.392571441735 59.0479562579948 45
1217.066112905608 87.69763575234435 45
1233.124054469917 78.35659271840282 45
163.2069518238778 -473.2780291022806 45
6.950551087260151 -915.6882720065119 45
179.5798809472023 -467.4281089612592 45
1258.435047923977 27.27109367152757 45
-70.06811257773923 884.9938354123721 45
-91.90130857295017 889.5440202311638 45
139.8723039738653 469.8526887916563 45
146.9844032379408 469.8059337388507 45
-1221.197990902107 53.45229421603334 45
-1246.255880593593 52.42697728890386 45
-1205.222180615818 -81.39786706390819 45
-1208.348823668691 -92.29877408779161 45
997.9142445157561 69.06139437278243 45
989.8716132227744 80.53908115288633 45
-737.5126812323626 -116.6070701457614 45
-739.9844245813118 -72.75707053369547 45
-49.62707243139038 773.3499353906875 45
-674.8596449088041 -9.178281234524098 45
36.03201235072857 865.237971985443 45
37.80892824184713 853.3592440942103 45
44.75628351151179 -855.3262426645457 45
39.2061121868047 -847.471328543073 45
149.7373257032719 -538.0131194389319 45
-192.460246095981 -451.7284256175345 45
-167.036474444779 502.3042982494004 45
674.6506167413469 17.38320487432713 45
-160.9496895137817 470.8505365915541 45
-154.6323527832761 469.927383910107 45
-49.27230930975612 -877.4909057756312 45
-165.7275886318742 474.7894738827013 45
-942.9965156286595 7.446632372768542 45
-57.44055435801212 876.3360440542408 45
-996.1090730739915 90.69632447124756 45
1197.438834809733 -56.51154806963822 45
69.51783931303298 961.7816995336597 45
-541.2317280598945 -29.3650650874612 45
191.7570880864864 -454.5985000861069 45
131.4474722774486 468.000215908206 45
-1011.612264967408 57.52810372931674 45
-39.9421820215299 804.4335461719935 45
-235.9421815723856 408.8604064373269 45
-213.6328621269869 404.4651745859514 45
1204.926368532688 92.10448437630529 45
1204.772881249567 -92.68626519900801 45
49.62837894218239 -864.0445440412306 45
-182.7181199394837 456.3373390826139 45
-9.813744206132212 -834.3497954701027 45
-169.5330205482374 -480.0110180319483 45
-1204.860557283188 64.2418775299749 45
-1201.837730946918 -71.06867269810289 45
-728.5442705374243 -163.8373157736887 45
679.9367730011378 -50.30630046509771 45
-664.0588520316561 310.0473062513744 45
-169.0111364636864 -499.4738300058919 45
-244.371055790001 417.2316547518712 45
-108.5840518016607 474.0725415044632 45
918.475279103049 135.8847378084458 45
949.2329964606448 175.0295915775873 45
-86.97813366981848 -881.1770112251069 45
53.74547489562757 771.6354557385448 45
53.12522255419106 -774.0113038568379 45
157.4009837635139 384.3429680854747 45
609.3719282586899 3.3341486353631 45
197.0554428710359 -491.938629049857 45
1004.316060010339 -73.60894258048256 45
1006.045332648473 62.37418557177025 45
-206.2868161772353 -499.4780624563181 45
911.0040592080544 91.1408102642559 45
579.0251206993486 13.3823748393079 45
579.0176575865943 -13.53778671897394 45
-980.1786233815581 -69.67883074828556 45
184.0317617840034 527.1647905860564 45
28.00767578445067 881.2160503552386 45
-1033.39457752887 5.821075058066876 45
-1133.990480957066 -23.0900970938406 45
-179.854018199291 -951.5440388618165 45
-3.074998205563259 -326.2064716100177 45
728.9450139334169 -141.1515152174503 45
340.3369401198704 -77.50301446188249 45
-108.1789929659115 -735.340635238887 45
183.5830129043656 65.88035019397465 45
3 1 0 0
3 2 0 0
$EndNodes
$Elements
98 10460 2832 13407
2 1 3 886
2832 2662 2696 2699 2698 
2833 2673 2697 2699 2696 
2834 2686 2698 2699 2697 
2835 2597 2700 2703 2702 
2836 257 2701 2703 2700 
2837 2617 2702 2703 2701 
2838 406 2704 2707 2706 
2839 2626 2705 2707 2704 
2840 2693 2706 2707 2705 
2841 2566 2708 2711 2710 
2842 2553 2709 2711 2708 
2843 2662 2710 2711 2709 
2844 2648 2712 2715 2714 
2845 2571 2713 2715 2712 
2846 2657 2714 2715 2713 
2847 2666 2716 2719 2718 
2848 2632 2717 2719 2716 
2849 2673 2718 2719 2717 
2850 2590 2720 2723 2722 
2851 2596 2721 2723 2720 
2852 2672 2722 2723 2721 
2853 2676 2724 2727 2726 
2854 2565 2725 2727 2724 
2855 2693 2726 2727 2725 
2856 2580 2728 2731 2730 
2857 2631 2729 2731 2728 
2858 2659 2730 2731 2729 
2859 450 451 2734 2733 
2860 452 2732 2734 451 
2861 2605 2733 2734 2732 
2862 2678 2735 2738 2737 
2863 2691 2736 2738 2735 
2864 2692 2737 2738 2736 
2865 2580 2739 2742 2741 
2866 2579 2740 2742 2739 
2867 2634 2741 2742 2740 
2868 364 365 2745 2744 
2869 366 2743 2745 365 
2870 2588 2744 2745 2743 
2871 251 252 2748 2747 
2872 253 2746 2748 252 
2873 2622 2747 2748 2746 
2874 286 287 2751 2750 
2875 288 2749 2751 287 
2876 2664 2750 2751 2749 
2877 292 293 2754 2753 
2878 294 2752 2754 293 
2879 2623 2753 2754 2752 
2880 2581 2755 2758 2757 
2881 2638 2756 2758 2755 
2882 2656 2757 2758 2756 
2883 2576 2759 2762 2761 
2884 2584 2760 2762 2759 
2885 2661 2761 2762 2760 
2886 2589 2763 2766 2765 
2887 394 2764 2766 2763 
2888 2610 2765 2766 2764 
2889 2639 2767 2770 2769 
2890 2578 2768 2770 2767 
2891 2666 2769 2770 2768 
2892 2676 2771 2774 2773 
2893 2683 2772 2774 2771 
2894 2695 2773 2774 2772 
2895 2677 2775 2778 2777 
2896 2685 2776 2778 2775 
2897 2689 2777 2778 2776 
2898 247 2779 2782 246 
2899 2616 2780 2782 2779 
2900 2605 2781 2782 2780 
2901 245 246 2782 2781 
2902 2581 2783 2786 2785 
2903 2559 2784 2786 2783 
2904 278 279 2786 2784 
2905 280 2785 2786 279 
2906 274 2787 2789 273 
2907 2601 2788 2789 2787 
2908 228 229 2789 2788 
2909 2 273 2789 229 
2910 2604 2790 2793 2792 
2911 2602 2791 2793 2790 
2912 312 313 2793 2791 
2913 314 2792 2793 313 
2914 317 2794 2795 316 
2915 2604 2792 2795 2794 
2916 314 315 2795 2792 
2917 4 316 2795 315 
2918 249 2796 2798 248 
2919 2624 2797 2798 2796 
2920 2616 2779 2798 2797 
2921 247 248 2798 2779 
2922 245 2781 2801 244 
2923 2605 2799 2801 2781 
2924 2574 2800 2801 2799 
2925 243 244 2801 2800 
2926 200 2802 2805 199 
2927 2582 2803 2805 2802 
2928 2587 2804 2805 2803 
2929 198 199 2805 2804 
2930 2600 2806 2809 2808 
2931 2603 2807 2809 2806 
2932 188 189 2809 2807 
2933 190 2808 2809 189 
2934 353 2810 2813 352 
2935 2555 2811 2813 2810 
2936 2578 2812 2813 2811 
2937 351 352 2813 2812 
2938 2574 2814 2816 2800 
2939 2585 2815 2816 2814 
2940 241 242 2816 2815 
2941 243 2800 2816 242 
2942 2585 2817 2819 2815 
2943 2586 2818 2819 2817 
2944 239 240 2819 2818 
2945 241 2815 2819 240 
2946 2591 2820 2823 2822 
2947 2592 2821 2823 2820 
2948 325 326 2823 2821 
2949 327 2822 2823 326 
2950 1 187 2825 272 
2951 188 2807 2825 187 
2952 2603 2824 2825 2807 
2953 271 272 2825 2824 
2954 231 2826 2828 230 
2955 2599 2827 2828 2826 
2956 357 358 2828 2827 
2957 3 230 2828 358 
2958 2570 2829 2832 2831 
2959 2583 2830 2832 2829 
2960 218 219 2832 2830 
2961 220 2831 2832 219 
2962 2558 2833 2836 2835 
2963 2579 2834 2836 2833 
2964 265 266 2836 2834 
2965 267 2835 2836 266 
2966 304 2837 2839 303 
2967 2584 2759 2839 2837 
2968 2576 2838 2839 2759 
2969 302 303 2839 2838 
2970 2579 2739 2841 2834 
2971 2580 2840 2841 2739 
2972 263 264 2841 2840 
2973 265 2834 2841 264 
2974 2677 2842 2846 2845 
2975 2554 2843 2846 2842 
2976 2636 2844 2846 2843 
2977 2694 2845 2846 2844 
2978 2682 2847 2851 2850 
2979 2600 2848 2851 2847 
2980 2643 2849 2851 2848 
2981 2692 2850 2851 2849 
2982 2680 2852 2856 2855 
2983 2560 2853 2856 2852 
2984 2642 2854 2856 2853 
2985 2690 2855 2856 2854 
2986 300 301 2859 2858 
2987 302 2838 2859 301 
2988 2576 2857 2859 2838 
2989 2647 2858 2859 2857 
2990 355 356 2862 2861 
2991 357 2827 2862 356 
2992 2599 2860 2862 2827 
2993 2641 2861 2862 2860 
2994 269 270 2865 2864 
2995 271 2824 2865 270 
2996 2603 2863 2865 2824 
2997 2653 2864 2865 2863 
2998 329 330 2869 2868 
2999 331 2866 2869 330 
3000 2629 2867 2869 2866 
3001 2671 2868 2869 2867 
3002 310 311 2872 2871 
3003 312 2791 2872 311 
3004 2602 2870 2872 2791 
3005 2642 2871 2872 2870 
3006 276 277 2875 2874 
3007 278 2784 2875 277 
3008 2559 2873 2875 2784 
3009 2645 2874 2875 2873 
3010 233 234 2879 2878 
3011 235 2876 2879 234 
3012 2567 2877 2879 2876 
3013 2644 2878 2879 2877 
3014 192 193 2883 2882 
3015 194 2880 2883 193 
3016 2556 2881 2883 2880 
3017 2643 2882 2883 2881 
3018 319 320 2887 2886 
3019 321 2884 2887 320 
3020 2563 2885 2887 2884 
3021 2646 2886 2887 2885 
3022 226 227 2890 2889 
3023 228 2788 2890 227 
3024 2601 2888 2890 2788 
3025 2640 2889 2890 2888 
3026 196 197 2893 2892 
3027 198 2804 2893 197 
3028 2587 2891 2893 2804 
3029 2648 2892 2893 2891 
3030 323 324 2896 2895 
3031 325 2821 2896 324 
3032 2592 2894 2896 2821 
3033 2651 2895 2896 2894 
3034 237 238 2899 2898 
3035 239 2818 2899 238 
3036 2586 2897 2899 2818 
3037 2650 2898 2899 2897 
3038 222 223 2903 2902 
3039 224 2900 2903 223 
3040 2557 2901 2903 2900 
3041 2652 2902 2903 2901 
3042 306 307 2907 2906 
3043 308 2904 2907 307 
3044 2560 2905 2907 2904 
3045 2649 2906 2907 2905 
3046 349 350 2909 2908 
3047 351 2812 2909 350 
3048 2578 2767 2909 2812 
3049 2639 2908 2909 2767 
3050 2569 2910 2913 2912 
3051 368 369 2913 2910 
3052 370 2911 2913 369 
3053 2670 2912 2913 2911 
3054 454 455 2917 2916 
3055 456 2914 2917 455 
3056 2566 2915 2917 2914 
3057 2663 2916 2917 2915 
3058 2554 2918 2920 2843 
3059 372 373 2920 2918 
3060 374 2919 2920 373 
3061 2636 2843 2920 2919 
3062 2568 2921 2924 2923 
3063 462 463 2924 2921 
3064 464 2922 2924 463 
3065 2637 2923 2924 2922 
3066 2593 2925 2928 2927 
3067 468 469 2928 2925 
3068 470 2926 2928 469 
3069 2658 2927 2928 2926 
3070 2602 2929 2931 2870 
3071 2681 2930 2931 2929 
3072 2690 2854 2931 2930 
3073 2642 2870 2931 2854 
3074 2675 2932 2934 2933 
3075 2634 2740 2934 2932 
3076 2579 2833 2934 2740 
3077 2558 2933 2934 2833 
3078 2591 2822 2936 2935 
3079 327 328 2936 2822 
3080 329 2868 2936 328 
3081 2671 2935 2936 2868 
3082 2570 2831 2938 2937 
3083 220 221 2938 2831 
3084 222 2902 2938 221 
3085 2652 2937 2938 2902 
3086 2627 2939 2941 2940 
3087 347 348 2941 2939 
3088 349 2908 2941 348 
3089 2639 2940 2941 2908 
3090 2600 2808 2942 2848 
3091 190 191 2942 2808 
3092 192 2882 2942 191 
3093 2643 2848 2942 2882 
3094 2601 2787 2944 2943 
3095 274 275 2944 2787 
3096 276 2874 2944 275 
3097 2645 2943 2944 2874 
3098 2599 2826 2946 2945 
3099 231 232 2946 2826 
3100 233 2878 2946 232 
3101 2644 2945 2946 2878 
3102 2567 2876 2948 2947 
3103 235 236 2948 2876 
3104 237 2898 2948 236 
3105 2650 2947 2948 2898 
3106 2557 2900 2950 2949 
3107 224 225 2950 2900 
3108 226 2889 2950 225 
3109 2640 2949 2950 2889 
3110 216 217 2953 2952 
3111 218 2830 2953 217 
3112 2583 2951 2953 2830 
3113 2672 2952 2953 2951 
3114 2584 2837 2955 2954 
3115 304 305 2955 2837 
3116 306 2906 2955 305 
3117 2649 2954 2955 2906 
3118 2604 2794 2957 2956 
3119 317 318 2957 2794 
3120 319 2886 2957 318 
3121 2646 2956 2957 2886 
3122 2563 2884 2959 2958 
3123 321 322 2959 2884 
3124 323 2895 2959 322 
3125 2651 2958 2959 2895 
3126 2556 2880 2961 2960 
3127 194 195 2961 2880 
3128 196 2892 2961 195 
3129 2648 2960 2961 2892 
3130 2555 2810 2963 2962 
3131 353 354 2963 2810 
3132 355 2861 2963 354 
3133 2641 2962 2963 2861 
3134 2558 2835 2965 2964 
3135 267 268 2965 2835 
3136 269 2864 2965 268 
3137 2653 2964 2965 2864 
3138 2606 2966 2968 2967 
3139 298 299 2968 2966 
3140 300 2858 2968 299 
3141 2647 2967 2968 2858 
3142 2560 2904 2969 2853 
3143 308 309 2969 2904 
3144 310 2871 2969 309 
3145 2642 2853 2969 2871 
3146 2604 2956 2971 2790 
3147 2646 2970 2971 2956 
3148 2681 2929 2971 2970 
3149 2602 2790 2971 2929 
3150 2607 2972 2976 2975 
3151 2688 2973 2976 2972 
3152 2691 2974 2976 2973 
3153 2655 2975 2976 2974 
3154 2687 2977 2981 2980 
3155 2608 2978 2981 2977 
3156 2654 2979 2981 2978 
3157 2695 2980 2981 2979 
3158 432 2982 2984 431 
3159 2607 2975 2984 2982 
3160 2655 2983 2984 2975 
3161 430 431 2984 2983 
3162 2653 2863 2986 2985 
3163 2603 2806 2986 2863 
3164 2600 2847 2986 2806 
3165 2682 2985 2986 2847 
3166 2608 2987 2989 2978 
3167 400 401 2989 2987 
3168 402 2988 2989 401 
3169 2654 2978 2989 2988 
3170 2622 2990 2993 2992 
3171 444 445 2993 2990 
3172 446 2991 2993 445 
3173 2674 2992 2993 2991 
3174 263 2840 2995 262 
3175 2580 2730 2995 2840 
3176 2659 2994 2995 2730 
3177 261 262 2995 2994 
3178 2654 2996 2997 2979 
3179 2565 2724 2997 2996 
3180 2676 2773 2997 2724 
3181 2695 2979 2997 2773 
3182 2632 2998 3000 2717 
3183 2679 2999 3000 2998 
3184 2686 2697 3000 2999 
3185 2673 2717 3000 2697 
3186 2666 2768 3002 2716 
3187 2578 2811 3002 2768 
3188 2555 3001 3002 2811 
3189 2632 2716 3002 3001 
3190 2640 2888 3005 3004 
3191 2601 2943 3005 2888 
3192 2645 3003 3005 2943 
3193 2684 3004 3005 3003 
3194 2652 2901 3008 3007 
3195 2557 3006 3008 2901 
3196 2683 2771 3008 3006 
3197 2676 3007 3008 2771 
3198 2645 2873 3011 3003 
3199 2559 3009 3011 2873 
3200 2635 3010 3011 3009 
3201 2684 3003 3011 3010 
3202 374 375 3014 2919 
3203 376 3012 3014 375 
3204 2572 3013 3014 3012 
3205 2636 2919 3014 3013 
3206 464 465 3017 2922 
3207 466 3015 3017 465 
3208 2577 3016 3017 3015 
3209 2637 2922 3017 3016 
3210 470 471 3020 2926 
3211 472 3018 3020 471 
3212 2613 3019 3020 3018 
3213 2658 2926 3020 3019 
3214 2681 2970 3023 3022 
3215 2646 2885 3023 2970 
3216 2563 3021 3023 2885 
3217 2685 3022 3023 3021 
3218 2553 3024 3027 3026 
3219 458 459 3027 3024 
3220 460 3025 3027 459 
3221 2564 3026 3027 3025 
3222 2670 2911 3029 3028 
3223 370 371 3029 2911 
3224 372 2918 3029 371 
3225 2554 3028 3029 2918 
3226 2564 3025 3031 3030 
3227 460 461 3031 3025 
3228 462 2921 3031 461 
3229 2568 3030 3031 2921 
3230 2588 2743 3033 3032 
3231 366 367 3033 2743 
3232 368 2910 3033 367 
3233 2569 3032 3033 2910 
3234 360 361 3037 3036 
3235 362 3034 3037 361 
3236 2594 3035 3037 3034 
3237 2621 3036 3037 3035 
3238 2566 2914 3038 2708 
3239 456 457 3038 2914 
3240 458 3024 3038 457 
3241 2553 2708 3038 3024 
3242 2577 3015 3040 3039 
3243 466 467 3040 3015 
3244 468 2925 3040 467 
3245 2593 3039 3040 2925 
3246 2558 2964 3042 2933 
3247 2653 2985 3042 2964 
3248 2682 3041 3042 2985 
3249 2675 2933 3042 3041 
3250 2668 3043 3045 3044 
3251 2613 3018 3045 3043 
3252 472 473 3045 3018 
3253 5 3044 3045 473 
3254 2632 3001 3047 2998 
3255 2555 2962 3047 3001 
3256 2641 3046 3047 2962 
3257 2679 2998 3047 3046 
3258 2641 2860 3049 3046 
3259 2599 2945 3049 2860 
3260 2644 3048 3049 2945 
3261 2679 3046 3049 3048 
3262 212 3050 3053 211 
3263 2612 3051 3053 3050 
3264 2620 3052 3053 3051 
3265 210 211 3053 3052 
3266 2619 3054 3057 3056 
3267 2611 3055 3057 3054 
3268 204 205 3057 3055 
3269 206 3056 3057 205 
3270 2662 2698 3060 3059 
3271 2686 3058 3060 2698 
3272 2567 2947 3060 3058 
3273 2650 3059 3060 2947 
3274 2573 3061 3063 3062 
3275 259 260 3063 3061 
3276 261 2994 3063 260 
3277 2659 3062 3063 2994 
3278 2572 3012 3066 3065 
3279 376 377 3066 3012 
3280 378 3064 3066 377 
3281 2661 3065 3066 3064 
3282 2679 3048 3067 2999 
3283 2644 2877 3067 3048 
3284 2567 3058 3067 2877 
3285 2686 2999 3067 3058 
3286 2678 3068 3070 2735 
3287 2609 3069 3070 3068 
3288 2655 2974 3070 3069 
3289 2691 2735 3070 2974 
3290 214 3071 3073 213 
3291 2596 3072 3073 3071 
3292 2612 3050 3073 3072 
3293 212 213 3073 3050 
3294 2611 3074 3076 3055 
3295 2595 3075 3076 3074 
3296 202 203 3076 3075 
3297 204 3055 3076 203 
3298 2565 2996 3078 3077 
3299 2654 2988 3078 2996 
3300 402 403 3078 2988 
3301 404 3077 3078 403 
3302 2656 3079 3082 3081 
3303 2562 3080 3082 3079 
3304 2608 2977 3082 3080 
3305 2687 3081 3082 2977 
3306 2609 3083 3084 3069 
3307 428 429 3084 3083 
3308 430 2983 3084 429 
3309 2655 3069 3084 2983 
3310 2557 2949 3086 3006 
3311 2640 3004 3086 2949 
3312 2684 3085 3086 3004 
3313 2683 3006 3086 3085 
3314 2570 2937 3088 3087 
3315 2652 3007 3088 2937 
3316 2676 2726 3088 3007 
3317 2693 3087 3088 2726 
3318 2615 3089 3092 3091 
3319 2623 3090 3092 3089 
3320 388 389 3092 3090 
3321 390 3091 3092 389 
3322 444 2990 3095 443 
3323 2622 3093 3095 2990 
3324 2614 3094 3095 3093 
3325 442 443 3095 3094 
3326 2690 2930 3097 3096 
3327 2681 3022 3097 2930 
3328 2685 2775 3097 3022 
3329 2677 3096 3097 2775 
3330 2691 3098 3099 2736 
3331 2675 3041 3099 3098 
3332 2682 2850 3099 3041 
3333 2692 2736 3099 2850 
3334 2678 2737 3101 3100 
3335 2692 2849 3101 2737 
3336 2643 2881 3101 2849 
3337 2556 3100 3101 2881 
3338 2564 3030 3104 3103 
3339 2568 3102 3104 3030 
3340 2666 2718 3104 3102 
3341 2673 3103 3104 2718 
3342 214 215 3105 3071 
3343 216 2952 3105 215 
3344 2672 2721 3105 2952 
3345 2596 3071 3105 2721 
3346 5 359 3107 3044 
3347 360 3036 3107 359 
3348 2621 3106 3107 3036 
3349 2668 3044 3107 3106 
3350 2582 2802 3109 3108 
3351 200 201 3109 2802 
3352 202 3075 3109 201 
3353 2595 3108 3109 3075 
3354 2635 3009 3111 3110 
3355 2559 2783 3111 3009 
3356 2581 2757 3111 2783 
3357 2656 3110 3111 2757 
3358 2664 3112 3114 2750 
3359 2575 3113 3114 3112 
3360 284 285 3114 3113 
3361 286 2750 3114 285 
3362 400 2987 3116 399 
3363 2608 3080 3116 2987 
3364 2562 3115 3116 3080 
3365 398 399 3116 3115 
3366 2561 3117 3119 3118 
3367 2607 2982 3119 3117 
3368 432 433 3119 2982 
3369 434 3118 3119 433 
3370 2693 2725 3120 2706 
3371 2565 3077 3120 2725 
3372 404 405 3120 3077 
3373 406 2706 3120 405 
3374 345 3121 3124 344 
3375 2669 3122 3124 3121 
3376 2593 3123 3124 3122 
3377 343 344 3124 3123 
3378 2587 3125 3127 2891 
3379 2628 3126 3127 3125 
3380 2571 2712 3127 3126 
3381 2648 2891 3127 2712 
3382 347 2939 3129 346 
3383 2627 3128 3129 2939 
3384 2669 3121 3129 3128 
3385 345 346 3129 3121 
3386 2637 3130 3131 2923 
3387 2639 2769 3131 3130 
3388 2666 3102 3131 2769 
3389 2568 2923 3131 3102 
3390 2629 3132 3134 3133 
3391 2594 3034 3134 3132 
3392 362 363 3134 3034 
3393 364 3133 3134 363 
3394 2621 3135 3137 3106 
3395 335 336 3137 3135 
3396 337 3136 3137 336 
3397 2668 3106 3137 3136 
3398 2583 2829 3139 3138 
3399 2570 3087 3139 2829 
3400 2693 2705 3139 3087 
3401 2626 3138 3139 2705 
3402 2657 2713 3142 3141 
3403 2571 3140 3142 2713 
3404 2609 3068 3142 3140 
3405 2678 3141 3142 3068 
3406 2662 3059 3144 2710 
3407 2650 2897 3144 3059 
3408 2586 3143 3144 2897 
3409 2566 2710 3144 3143 
3410 2683 3085 3146 2772 
3411 2684 3010 3146 3085 
3412 2635 3145 3146 3010 
3413 2695 2772 3146 3145 
3414 418 3147 3150 417 
3415 2619 3148 3150 3147 
3416 2667 3149 3150 3148 
3417 416 417 3150 3149 
3418 414 3151 3153 413 
3419 2620 3051 3153 3151 
3420 2612 3152 3153 3051 
3421 412 413 3153 3152 
3422 2611 3054 3155 3154 
3423 2619 3147 3155 3054 
3424 418 419 3155 3147 
3425 420 3154 3155 419 
3426 2661 3064 3157 2761 
3427 378 379 3157 3064 
3428 380 3156 3157 379 
3429 2576 2761 3157 3156 
3430 2663 3158 3161 3160 
3431 2585 2814 3161 3158 
3432 2574 3159 3161 2814 
3433 2660 3160 3161 3159 
3434 339 3162 3163 338 
3435 2613 3043 3163 3162 
3436 2668 3136 3163 3043 
3437 337 338 3163 3136 
3438 428 3083 3165 427 
3439 2609 3140 3165 3083 
3440 2571 3164 3165 3140 
3441 426 427 3165 3164 
3442 2592 2820 3169 3168 
3443 2591 3166 3169 2820 
3444 2569 3167 3169 3166 
3445 2633 3168 3169 3167 
3446 2554 2842 3171 3028 
3447 2677 2777 3171 2842 
3448 2689 3170 3171 2777 
3449 2670 3028 3171 3170 
3450 442 3094 3174 441 
3451 2614 3172 3174 3094 
3452 2597 3173 3174 3172 
3453 440 441 3174 3173 
3454 2598 3175 3177 3176 
3455 2615 3091 3177 3175 
3456 390 391 3177 3091 
3457 392 3176 3177 391 
3458 2553 3026 3178 2709 
3459 2564 3103 3178 3026 
3460 2673 2696 3178 3103 
3461 2662 2709 3178 2696 
3462 2638 3179 3181 2756 
3463 2630 3180 3181 3179 
3464 2562 3079 3181 3180 
3465 2656 2756 3181 3079 
3466 2672 2951 3183 2722 
3467 2583 3138 3183 2951 
3468 2626 3182 3183 3138 
3469 2590 2722 3183 3182 
3470 2619 3056 3185 3148 
3471 206 207 3185 3056 
3472 208 3184 3185 207 
3473 2667 3148 3185 3184 
3474 298 2966 3188 297 
3475 2606 3186 3188 2966 
3476 2665 3187 3188 3186 
3477 296 297 3188 3187 
3478 398 3115 3190 397 
3479 2562 3180 3190 3115 
3480 2630 3189 3190 3180 
3481 396 397 3190 3189 
3482 2631 3191 3193 3192 
3483 2561 3118 3193 3191 
3484 434 435 3193 3118 
3485 436 3192 3193 435 
3486 2689 2776 3195 3194 
3487 2685 3021 3195 2776 
3488 2563 2958 3195 3021 
3489 2651 3194 3195 2958 
3490 257 258 3197 2701 
3491 259 3061 3197 258 
3492 2573 3196 3197 3061 
3493 2617 2701 3197 3196 
3494 282 3198 3199 281 
3495 2638 2755 3199 3198 
3496 2581 2785 3199 2755 
3497 280 281 3199 2785 
3498 2575 3200 3201 3113 
3499 2638 3198 3201 3200 
3500 282 283 3201 3198 
3501 284 3113 3201 283 
3502 208 209 3203 3184 
3503 210 3052 3203 209 
3504 2620 3202 3203 3052 
3505 2667 3184 3203 3202 
3506 412 3152 3205 411 
3507 2612 3072 3205 3152 
3508 2596 3204 3205 3072 
3509 410 411 3205 3204 
3510 2595 3074 3207 3206 
3511 2611 3154 3207 3074 
3512 420 421 3207 3154 
3513 422 3206 3207 421 
3514 2649 2905 3210 3209 
3515 2560 2852 3210 2905 
3516 2680 3208 3210 2852 
3517 2572 3209 3210 3208 
3518 2633 3211 3212 3168 
3519 2689 3194 3212 3211 
3520 2651 2894 3212 3194 
3521 2592 3168 3212 2894 
3522 2586 2817 3213 3143 
3523 2585 3158 3213 2817 
3524 2663 2915 3213 3158 
3525 2566 3143 3213 2915 
3526 2634 3214 3216 3215 
3527 2688 2972 3216 3214 
3528 2607 3117 3216 2972 
3529 2561 3215 3216 3117 
3530 2589 3217 3220 3219 
3531 2664 2749 3220 3217 
3532 288 3218 3220 2749 
3533 2598 3219 3220 3218 
3534 2667 3202 3221 3149 
3535 2620 3151 3221 3202 
3536 414 415 3221 3151 
3537 416 3149 3221 415 
3538 2575 3222 3224 3200 
3539 2610 3223 3224 3222 
3540 2630 3179 3224 3223 
3541 2638 3200 3224 3179 
3542 426 3164 3226 425 
3543 2571 3126 3226 3164 
3544 2628 3225 3226 3126 
3545 424 425 3226 3225 
3546 2665 3186 3229 3228 
3547 2606 3227 3229 3186 
3548 384 385 3229 3227 
3549 386 3228 3229 385 
3550 2613 3162 3231 3019 
3551 339 340 3231 3162 
3552 341 3230 3231 340 
3553 2658 3019 3231 3230 
3554 2589 3219 3232 2763 
3555 2598 3176 3232 3219 
3556 392 393 3232 3176 
3557 394 2763 3232 393 
3558 440 3173 3234 439 
3559 2597 2702 3234 3173 
3560 2617 3233 3234 2702 
3561 438 439 3234 3233 
3562 333 334 3236 3235 
3563 335 3135 3236 334 
3564 2621 3035 3236 3135 
3565 2594 3235 3236 3035 
3566 2617 3196 3239 3233 
3567 2573 3237 3239 3196 
3568 2618 3238 3239 3237 
3569 438 3233 3239 3238 
3570 2580 2741 3240 2728 
3571 2634 3215 3240 2741 
3572 2561 3191 3240 3215 
3573 2631 2728 3240 3191 
3574 2660 3159 3242 3241 
3575 2574 2799 3242 3159 
3576 2605 2732 3242 2799 
3577 452 3241 3242 2732 
3578 2661 2760 3243 3065 
3579 2584 2954 3243 2760 
3580 2649 3209 3243 2954 
3581 2572 3065 3243 3209 
3582 436 437 3245 3192 
3583 438 3238 3245 437 
3584 2618 3244 3245 3238 
3585 2631 3192 3245 3244 
3586 2610 2764 3246 3223 
3587 394 395 3246 2764 
3588 396 3189 3246 395 
3589 2630 3223 3246 3189 
3590 380 381 3248 3156 
3591 382 3247 3248 381 
3592 2647 2857 3248 3247 
3593 2576 3156 3248 2857 
3594 2582 3108 3250 3249 
3595 2595 3206 3250 3108 
3596 422 423 3250 3206 
3597 424 3249 3250 423 
3598 2594 3132 3251 3235 
3599 2629 2866 3251 3132 
3600 331 332 3251 2866 
3601 333 3235 3251 332 
3602 2590 3252 3253 2720 
3603 408 409 3253 3252 
3604 410 3204 3253 409 
3605 2596 2720 3253 3204 
3606 382 383 3254 3247 
3607 384 3227 3254 383 
3608 2606 2967 3254 3227 
3609 2647 3247 3254 2967 
3610 2616 3255 3256 2780 
3611 448 449 3256 3255 
3612 450 2733 3256 449 
3613 2605 2780 3256 2733 
3614 2664 3217 3257 3112 
3615 2589 2765 3257 3217 
3616 2610 3222 3257 2765 
3617 2575 3112 3257 3222 
3618 2665 3258 3260 3187 
3619 2625 3259 3260 3258 
3620 294 295 3260 3259 
3621 296 3187 3260 295 
3622 2671 2867 3262 3261 
3623 2629 3133 3262 2867 
3624 364 2744 3262 3133 
3625 2588 3261 3262 2744 
3626 2658 3230 3263 2927 
3627 341 342 3263 3230 
3628 343 3123 3263 342 
3629 2593 2927 3263 3123 
3630 408 3252 3264 407 
3631 2590 3182 3264 3252 
3632 2626 2704 3264 3182 
3633 406 407 3264 2704 
3634 2674 3265 3266 2992 
3635 249 250 3266 3265 
3636 251 2747 3266 250 
3637 2622 2992 3266 2747 
3638 448 3255 3268 447 
3639 2616 2797 3268 3255 
3640 2624 3267 3268 2797 
3641 446 447 3268 3267 
3642 290 3269 3270 289 
3643 2615 3175 3270 3269 
3644 2598 3218 3270 3175 
3645 288 289 3270 3218 
3646 2597 3172 3272 2700 
3647 2614 3271 3272 3172 
3648 255 256 3272 3271 
3649 257 2700 3272 256 
3650 2680 3273 3274 3208 
3651 2694 2844 3274 3273 
3652 2636 3013 3274 2844 
3653 2572 3208 3274 3013 
3654 2614 3093 3275 3271 
3655 2622 2746 3275 3093 
3656 253 254 3275 2746 
3657 255 3271 3275 254 
3658 292 2753 3276 291 
3659 2623 3089 3276 2753 
3660 2615 3269 3276 3089 
3661 290 291 3276 3269 
3662 2627 2940 3278 3277 
3663 2639 3130 3278 2940 
3664 2637 3016 3278 3130 
3665 2577 3277 3278 3016 
3666 2659 2729 3279 3062 
3667 2631 3244 3279 2729 
3668 2618 3237 3279 3244 
3669 2573 3062 3279 3237 
3670 2628 3125 3280 3225 
3671 2587 2803 3280 3125 
3672 2582 3249 3280 2803 
3673 424 3225 3280 3249 
3674 2623 2752 3282 3090 
3675 294 3259 3282 2752 
3676 2625 3281 3282 3259 
3677 388 3090 3282 3281 
3678 2624 2796 3283 3267 
3679 249 3265 3283 2796 
3680 2674 2991 3283 3265 
3681 446 3267 3283 2991 
3682 2591 2935 3284 3166 
3683 2671 3261 3284 2935 
3684 2588 3032 3284 3261 
3685 2569 3166 3284 3032 
3686 386 387 3285 3228 
3687 388 3281 3285 387 
3688 2625 3258 3285 3281 
3689 2665 3228 3285 3258 
3690 2556 2960 3286 3100 
3691 2648 2714 3286 2960 
3692 2657 3141 3286 2714 
3693 2678 3100 3286 3141 
3694 454 2916 3287 453 
3695 2663 3160 3287 2916 
3696 2660 3241 3287 3160 
3697 452 453 3287 3241 
3698 2694 3273 3288 2845 
3699 2680 2855 3288 3273 
3700 2690 3096 3288 2855 
3701 2677 2845 3288 3096 
3702 2675 3098 3289 2932 
3703 2691 2973 3289 3098 
3704 2688 3214 3289 2973 
3705 2634 2932 3289 3214 
3706 2669 3128 3290 3122 
3707 2627 3277 3290 3128 
3708 2577 3039 3290 3277 
3709 2593 3122 3290 3039 
3710 2687 2980 3291 3081 
3711 2695 3145 3291 2980 
3712 2635 3110 3291 3145 
3713 2656 3081 3291 3110 
3714 2633 3167 3292 3211 
3715 2569 2912 3292 3167 
3716 2670 3170 3292 2912 
3717 2689 3211 3292 3170 
2 2 3 2214
3718 3413 3518 3521 3520 
3719 3404 3519 3521 3518 
3720 3447 3520 3521 3519 
3721 984 3522 3524 983 
3722 540 3523 3524 3522 
3723 982 983 3524 3523 
3724 18 633 3527 3526 
3725 634 3525 3527 633 
3726 3400 3526 3527 3525 
3727 3349 3528 3531 3530 
3728 3394 3529 3531 3528 
3729 3401 3530 3531 3529 
3730 1027 1026 3534 3533 
3731 1025 3532 3534 1026 
3732 3319 3533 3534 3532 
3733 3431 3535 3538 3537 
3734 3302 3536 3538 3535 
3735 3503 3537 3538 3536 
3736 3381 3539 3542 3541 
3737 3311 3540 3542 3539 
3738 3438 3541 3542 3540 
3739 3363 3543 3546 3545 
3740 3420 3544 3546 3543 
3741 3434 3545 3546 3544 
3742 40 815 3549 3548 
3743 816 3547 3549 815 
3744 3472 3548 3549 3547 
3745 906 907 3552 3551 
3746 908 3550 3552 907 
3747 3375 3551 3552 3550 
3748 1232 1233 3555 3554 
3749 1234 3553 3555 1233 
3750 3380 3554 3555 3553 
3751 611 612 3558 3557 
3752 613 3556 3558 612 
3753 3381 3557 3558 3556 
3754 1166 3559 3562 3561 
3755 3357 3560 3562 3559 
3756 3458 3561 3562 3560 
3757 3377 3563 3566 3565 
3758 418 3564 3566 3563 
3759 3496 3565 3566 3564 
3760 1072 1073 3569 3568 
3761 1074 3567 3569 1073 
3762 3371 3568 3569 3567 
3763 1360 3570 3572 1359 
3764 1160 3571 3572 3570 
3765 1358 1359 3572 3571 
3766 783 782 3575 3574 
3767 781 3573 3575 782 
3768 3453 3574 3575 3573 
3769 3304 3576 3579 3578 
3770 3400 3577 3579 3576 
3771 3407 3578 3579 3577 
3772 595 596 3582 3581 
3773 15 3580 3582 596 
3774 3379 3581 3582 3580 
3775 1356 1357 3585 3584 
3776 1358 3583 3585 1357 
3777 3348 3584 3585 3583 
3778 3342 3586 3589 3588 
3779 3362 3587 3589 3586 
3780 3398 3588 3589 3587 
3781 1146 1145 3592 3591 
3782 1144 3590 3592 1145 
3783 908 3591 3592 3590 
3784 22 641 3595 3594 
3785 642 3593 3595 641 
3786 3457 3594 3595 3593 
3787 45 880 3598 3597 
3788 881 3596 3598 880 
3789 3455 3597 3598 3596 
3790 996 3599 3602 3601 
3791 3341 3600 3602 3599 
3792 3421 3601 3602 3600 
3793 1350 1351 3605 3604 
3794 92 3603 3605 1351 
3795 3428 3604 3605 3603 
3796 3501 3606 3609 3608 
3797 3510 3607 3609 3606 
3798 3515 3608 3609 3607 
3799 3331 3610 3613 3612 
3800 3433 3611 3613 3610 
3801 3435 3612 3613 3611 
3802 1166 1165 3616 3615 
3803 1164 3614 3616 1165 
3804 3356 3615 3616 3614 
3805 775 774 3619 3618 
3806 773 3617 3619 774 
3807 3355 3618 3619 3617 
3808 80 1245 3622 3621 
3809 1246 3620 3622 1245 
3810 3425 3621 3622 3620 
3811 838 3623 3625 3624 
3812 931 930 3625 3623 
3813 929 3624 3625 930 
3814 1101 3626 3628 3627 
3815 953 952 3628 3626 
3816 951 3627 3628 952 
3817 894 895 3631 3630 
3818 896 3629 3631 895 
3819 785 3630 3631 3629 
3820 598 597 3634 3633 
3821 14 3632 3634 597 
3822 3424 3633 3634 3632 
3823 3499 3635 3638 3637 
3824 3514 3636 3638 3635 
3825 3515 3637 3638 3636 
3826 62 1053 3641 3640 
3827 1054 3639 3641 1053 
3828 3458 3640 3641 3639 
3829 552 3642 3644 553 
3830 994 3643 3644 3642 
3831 554 553 3644 3643 
3832 807 808 3647 3646 
3833 37 3645 3647 808 
3834 3492 3646 3647 3645 
3835 3420 3648 3651 3650 
3836 3354 3649 3651 3648 
3837 3488 3650 3651 3649 
3838 1170 1169 3654 3653 
3839 1168 3652 3654 1169 
3840 3364 3653 3654 3652 
3841 1229 1230 3657 3656 
3842 77 3655 3657 1230 
3843 3354 3656 3657 3655 
3844 1310 1309 3660 3659 
3845 1308 3658 3660 1309 
3846 726 3659 3660 3658 
3847 750 3661 3663 3662 
3848 530 529 3663 3661 
3849 528 3662 3663 529 
3850 511 512 3666 3665 
3851 11 3664 3666 512 
3852 434 3665 3666 3664 
3853 75 1216 3669 3668 
3854 1217 3667 3669 1216 
3855 398 3668 3669 3667 
3856 3319 3670 3673 3672 
3857 3366 3671 3673 3670 
3858 3416 3672 3673 3671 
3859 556 555 3676 3675 
3860 554 3674 3676 555 
3861 3421 3675 3676 3674 
3862 853 852 3679 3678 
3863 851 3677 3679 852 
3864 3417 3678 3679 3677 
3865 1300 3680 3683 3682 
3866 3513 3681 3683 3680 
3867 3517 3682 3683 3681 
3868 1306 1305 3686 3685 
3869 1304 3684 3686 1305 
3870 3478 3685 3686 3684 
3871 1129 1130 3689 3688 
3872 69 3687 3689 1130 
3873 3392 3688 3689 3687 
3874 438 437 3692 3691 
3875 436 3690 3692 437 
3876 561 3691 3692 3690 
3877 394 3693 3695 395 
3878 1199 3694 3695 3693 
3879 396 395 3695 3694 
3880 88 1347 3698 3697 
3881 90 3696 3698 1347 
3882 3314 3697 3698 3696 
3883 60 1051 3701 3700 
3884 62 3699 3701 1051 
3885 3316 3700 3701 3699 
3886 56 979 3704 3703 
3887 980 3702 3704 979 
3888 3342 3703 3704 3702 
3889 3398 3705 3708 3707 
3890 3468 3706 3708 3705 
3891 3498 3707 3708 3706 
3892 826 3709 3711 3710 
3893 693 692 3711 3709 
3894 691 3710 3711 692 
3895 669 3712 3714 670 
3896 1113 3713 3714 3712 
3897 671 670 3714 3713 
3898 12 559 3717 3716 
3899 558 3715 3717 559 
3900 3341 3716 3717 3715 
3901 679 678 3720 3719 
3902 677 3718 3720 678 
3903 3372 3719 3720 3718 
3904 1243 1244 3723 3722 
3905 79 3721 3723 1244 
3906 3325 3722 3723 3721 
3907 1353 1354 3726 3725 
3908 91 3724 3726 1354 
3909 3458 3725 3726 3724 
3910 24 647 3729 3728 
3911 648 3727 3729 647 
3912 3358 3728 3729 3727 
3913 1368 1369 3732 3731 
3914 93 3730 3732 1369 
3915 3357 3731 3732 3730 
3916 798 3733 3736 3735 
3917 3337 3734 3736 3733 
3918 3359 3735 3736 3734 
3919 971 970 3739 3738 
3920 53 3737 3739 970 
3921 3321 3738 3739 3737 
3922 52 969 3742 3741 
3923 968 3740 3742 969 
3924 3322 3741 3742 3740 
3925 711 710 3745 3744 
3926 29 3743 3745 710 
3927 3328 3744 3745 3743 
3928 759 758 3748 3747 
3929 34 3746 3748 758 
3930 3370 3747 3748 3746 
3931 73 1181 3751 3750 
3932 1180 3749 3751 1181 
3933 3371 3750 3751 3749 
3934 740 741 3754 3753 
3935 742 3752 3754 741 
3936 3396 3753 3754 3752 
3937 3465 3755 3758 3757 
3938 3397 3756 3758 3755 
3939 3499 3757 3758 3756 
3940 627 626 3761 3760 
3941 625 3759 3761 626 
3942 3347 3760 3761 3759 
3943 1107 3762 3765 3764 
3944 3451 3763 3765 3762 
3945 3495 3764 3765 3763 
3946 3399 3766 3769 3768 
3947 3299 3767 3769 3766 
3948 3510 3768 3769 3767 
3949 5 473 3772 3771 
3950 472 3770 3772 473 
3951 3452 3771 3772 3770 
3952 364 363 3775 3774 
3953 362 3773 3775 363 
3954 3385 3774 3775 3773 
3955 3329 3776 3779 3778 
3956 3454 3777 3779 3776 
3957 3456 3778 3779 3777 
3958 986 3780 3782 3781 
3959 544 543 3782 3780 
3960 542 3781 3782 543 
3961 1296 1295 3785 3784 
3962 1294 3783 3785 1295 
3963 1010 3784 3785 3783 
3964 720 721 3788 3787 
3965 722 3786 3788 721 
3966 3478 3787 3788 3786 
3967 516 515 3791 3790 
3968 514 3789 3791 515 
3969 3395 3790 3791 3789 
3970 1239 1240 3794 3793 
3971 1241 3792 3794 1240 
3972 3488 3793 3794 3792 
3973 55 972 3797 3796 
3974 971 3795 3797 972 
3975 3471 3796 3797 3795 
3976 1208 1209 3800 3799 
3977 1210 3798 3800 1209 
3978 370 3799 3800 3798 
3979 589 3801 3803 588 
3980 462 3802 3803 3801 
3981 587 588 3803 3802 
3982 9 498 3806 3805 
3983 499 3804 3806 498 
3984 3386 3805 3806 3804 
3985 3369 3807 3810 3809 
3986 3294 3808 3810 3807 
3987 3480 3809 3810 3808 
3988 609 610 3813 3812 
3989 611 3811 3813 610 
3990 3335 3812 3813 3811 
3991 64 1059 3816 3815 
3992 1060 3814 3816 1059 
3993 3346 3815 3816 3814 
3994 3328 3817 3820 3819 
3995 3437 3818 3820 3817 
3996 3491 3819 3820 3818 
3997 1263 1262 3823 3822 
3998 83 3821 3823 1262 
3999 3308 3822 3823 3821 
4000 8 487 3826 3825 
4001 486 3824 3826 487 
4002 3293 3825 3826 3824 
4003 81 1272 3829 3828 
4004 1271 3827 3829 1272 
4005 3295 3828 3829 3827 
4006 478 477 3832 3831 
4007 6 3830 3832 477 
4008 3309 3831 3832 3830 
4009 16 607 3835 3834 
4010 606 3833 3835 607 
4011 3310 3834 3835 3833 
4012 3440 3836 3839 3838 
4013 3481 3837 3839 3836 
4014 3512 3838 3839 3837 
4015 658 659 3842 3841 
4016 660 3840 3842 659 
4017 3365 3841 3842 3840 
4018 1117 1118 3845 3844 
4019 1119 3843 3845 1118 
4020 3378 3844 3845 3843 
4021 1035 1034 3848 3847 
4022 1033 3846 3848 1034 
4023 3299 3847 3848 3846 
4024 1029 1028 3851 3850 
4025 1027 3849 3851 1028 
4026 3343 3850 3851 3849 
4027 3382 3852 3855 3854 
4028 3305 3853 3855 3852 
4029 3430 3854 3855 3853 
4030 480 479 3858 3857 
4031 478 3856 3858 479 
4032 3384 3857 3858 3856 
4033 1260 1259 3861 3860 
4034 1258 3859 3861 1259 
4035 3306 3860 3861 3859 
4036 1271 1270 3864 3863 
4037 1269 3862 3864 1270 
4038 3383 3863 3864 3862 
4039 1119 1120 3867 3866 
4040 1121 3865 3867 1120 
4041 3372 3866 3867 3865 
4042 1234 1235 3870 3869 
4043 1236 3868 3870 1235 
4044 3334 3869 3870 3868 
4045 3307 3871 3874 3873 
4046 3419 3872 3874 3871 
4047 3429 3873 3874 3872 
4048 3463 3875 3878 3877 
4049 3483 3876 3878 3875 
4050 3504 3877 3878 3876 
4051 631 630 3881 3880 
4052 629 3879 3881 630 
4053 3303 3880 3881 3879 
4054 3358 3882 3885 3884 
4055 3345 3883 3885 3882 
4056 3457 3884 3885 3883 
4057 87 1340 3888 3887 
4058 1339 3886 3888 1340 
4059 3331 3887 3888 3886 
4060 1366 1367 3891 3890 
4061 1368 3889 3891 1367 
4062 3356 3890 3891 3889 
4063 648 649 3894 3893 
4064 650 3892 3894 649 
4065 3355 3893 3894 3892 
4066 621 620 3897 3896 
4067 619 3895 3897 620 
4068 3304 3896 3897 3895 
4069 1339 1338 3301 3899 
4070 1337 3898 3301 1338 
4071 3300 3900 3903 3902 
4072 3408 3901 3903 3900 
4073 3467 3902 3903 3901 
4074 33 716 3906 3905 
4075 717 3904 3906 716 
4076 3394 3905 3906 3904 
4077 30 713 3909 3908 
4078 714 3907 3909 713 
4079 3305 3908 3909 3907 
4080 68 1125 3912 3911 
4081 1126 3910 3912 1125 
4082 3340 3911 3912 3910 
4083 41 812 3915 3914 
4084 813 3913 3915 812 
4085 3361 3914 3915 3913 
4086 3383 3916 3919 3918 
4087 3376 3917 3919 3916 
4088 3412 3918 3919 3917 
4089 3445 3920 3923 3922 
4090 3320 3921 3923 3920 
4091 3497 3922 3923 3921 
4092 3426 3924 3927 3926 
4093 3388 3925 3927 3924 
4094 3487 3926 3927 3925 
4095 1246 1247 3930 3929 
4096 78 3928 3930 1247 
4097 3312 3929 3930 3928 
4098 17 615 3933 3932 
4099 616 3931 3933 615 
4100 3311 3932 3933 3931 
4101 820 3934 3373 3936 
4102 685 3935 3373 3934 
4103 3376 3937 3940 3939 
4104 3323 3938 3940 3937 
4105 3419 3939 3940 3938 
4106 71 1140 3943 3942 
4107 1141 3941 3943 1140 
4108 3337 3942 3943 3941 
4109 1277 1278 3946 3945 
4110 85 3944 3946 1278 
4111 3338 3945 3946 3944 
4112 702 703 3949 3948 
4113 28 3947 3949 703 
4114 3297 3948 3949 3947 
4115 29 704 3952 3951 
4116 705 3950 3952 704 
4117 3296 3951 3952 3950 
4118 1060 1061 3955 3954 
4119 1062 3953 3955 1061 
4120 3364 3954 3955 3953 
4121 801 802 3958 3957 
4122 35 3956 3958 802 
4123 3374 3957 3958 3956 
4124 72 1137 3961 3960 
4125 1138 3959 3961 1137 
4126 3375 3960 3961 3959 
4127 1274 1275 3964 3963 
4128 82 3962 3964 1275 
4129 3391 3963 3964 3962 
4130 14 579 3967 3966 
4131 580 3965 3967 579 
4132 3389 3966 3967 3965 
4133 3437 3968 3971 3970 
4134 3296 3969 3971 3968 
4135 3450 3970 3971 3969 
4136 3297 3972 3975 3974 
4137 3436 3973 3975 3972 
4138 3451 3974 3975 3973 
4139 1342 1343 3978 3977 
4140 88 3976 3978 1343 
4141 3455 3977 3978 3976 
4142 1057 1058 3981 3980 
4143 63 3979 3981 1058 
4144 3457 3980 3981 3979 
4145 1019 1018 3984 3983 
4146 58 3982 3984 1018 
4147 3326 3983 3984 3982 
4148 889 890 3987 3986 
4149 47 3985 3987 890 
4150 3479 3986 3987 3985 
4151 634 635 3990 3989 
4152 20 3988 3990 635 
4153 3486 3989 3990 3988 
4154 42 877 3993 3992 
4155 878 3991 3993 877 
4156 3360 3992 3993 3991 
4157 1049 1050 3996 3995 
4158 59 3994 3996 1050 
4159 3469 3995 3996 3994 
4160 3404 3997 4000 3999 
4161 3412 3998 4000 3997 
4162 3485 3999 4000 3998 
4163 91 1348 4003 4002 
4164 89 4001 4003 1348 
4165 3316 4002 4003 4001 
4166 663 662 4006 4005 
4167 26 4004 4006 662 
4168 3451 4005 4006 4004 
4169 705 706 4009 4008 
4170 27 4007 4009 706 
4171 3470 4008 4009 4007 
4172 1016 1017 4012 4011 
4173 57 4010 4012 1017 
4174 3517 4011 4012 4010 
4175 1123 1124 4015 4014 
4176 67 4013 4015 1124 
4177 3418 4014 4015 4013 
4178 1109 4016 4018 4017 
4179 665 664 4018 4016 
4180 663 4017 4018 664 
4181 1086 1087 4021 4020 
4182 1088 4019 4021 1087 
4183 771 4020 4021 4019 
4184 1091 1092 4024 4023 
4185 1093 4022 4024 1092 
4186 943 4023 4024 4022 
4187 1012 1013 4027 4026 
4188 1014 4025 4027 1013 
4189 3513 4026 4027 4025 
4190 1324 1323 4030 4029 
4191 1322 4028 4030 1323 
4192 3516 4029 4030 4028 
4193 66 1090 4033 4032 
4194 1091 4031 4033 1090 
4195 3415 4032 4033 4031 
4196 3334 4034 4037 4036 
4197 360 4035 4037 4034 
4198 3410 4036 4037 4035 
4199 3344 4038 4041 4040 
4200 3361 4039 4041 4038 
4201 3415 4040 4041 4039 
4202 23 640 4044 4043 
4203 21 4042 4044 640 
4204 3313 4043 4044 4042 
4205 3313 4045 4046 4043 
4206 645 646 4046 4045 
4207 23 4043 4046 646 
4208 3313 4047 4049 4048 
4209 44 883 4049 4047 
4210 46 4048 4049 883 
4211 46 885 4051 4048 
4212 886 4050 4051 885 
4213 3313 4048 4051 4050 
4214 61 1048 4054 4053 
4215 1049 4052 4054 1048 
4216 3315 4053 4054 4052 
4217 3315 4055 4056 4053 
4218 63 1052 4056 4055 
4219 61 4053 4056 1052 
4220 43 876 4059 4058 
4221 875 4057 4059 876 
4222 3473 4058 4059 4057 
4223 3473 4060 4061 4058 
4224 881 882 4061 4060 
4225 43 4058 4061 882 
4226 3339 4062 4064 4063 
4227 10 495 4064 4062 
4228 496 4063 4064 495 
4229 496 497 4066 4063 
4230 8 4065 4066 497 
4231 3339 4063 4066 4065 
4232 3329 4067 4069 4068 
4233 637 638 4069 4067 
4234 19 4068 4069 638 
4235 19 632 4071 4068 
4236 631 4070 4071 632 
4237 3329 4068 4071 4070 
4238 3336 4072 4074 4073 
4239 1043 1042 4074 4072 
4240 1041 4073 4074 1042 
4241 1041 1040 4076 4073 
4242 1039 4075 4076 1040 
4243 3336 4073 4076 4075 
4244 3352 4077 4079 4078 
4245 48 891 4079 4077 
4246 892 4078 4079 891 
4247 892 893 4081 4078 
4248 894 4080 4081 893 
4249 3352 4078 4081 4080 
4250 1156 4082 4084 4083 
4251 918 919 4084 4082 
4252 920 4083 4084 919 
4253 920 921 4086 4083 
4254 49 4085 4086 921 
4255 1156 4083 4086 4085 
4256 1135 1136 4089 4088 
4257 71 4087 4089 1136 
4258 36 803 4089 4087 
4259 804 4088 4089 803 
4260 68 4090 4092 1133 
4261 39 806 4092 4090 
4262 807 4091 4092 806 
4263 1132 1133 4092 4091 
4264 38 4093 4094 805 
4265 69 1134 4094 4093 
4266 1135 4088 4094 1134 
4267 804 805 4094 4088 
4268 3323 3937 4097 4096 
4269 3376 4095 4097 3937 
4270 1267 1266 4097 4095 
4271 1265 4096 4097 1266 
4272 378 377 4100 4099 
4273 376 4098 4100 377 
4274 74 1182 4100 4098 
4275 1183 4099 4100 1182 
4276 13 4101 4103 578 
4277 456 455 4103 4101 
4278 454 4102 4103 455 
4279 577 578 4103 4102 
4280 1004 1005 4106 4105 
4281 1006 4104 4106 1005 
4282 1290 1289 4106 4104 
4283 1288 4105 4106 1289 
4284 744 745 4109 4108 
4285 746 4107 4109 745 
4286 524 523 4109 4107 
4287 522 4108 4109 523 
4288 1314 4110 4112 1315 
4289 730 731 4112 4110 
4290 732 4111 4112 731 
4291 1316 1315 4112 4111 
4292 548 4113 4115 549 
4293 990 991 4115 4113 
4294 992 4114 4115 991 
4295 550 549 4115 4114 
4296 480 3857 4118 481 
4297 3384 4116 4118 3857 
4298 3307 4117 4118 4116 
4299 482 481 4118 4117 
4300 3376 3916 4119 4095 
4301 3383 3862 4119 3916 
4302 1269 1268 4119 3862 
4303 1267 4095 4119 1268 
4304 820 821 4121 3934 
4305 822 4120 4121 821 
4306 687 686 4121 4120 
4307 685 3934 4121 686 
4308 1095 1096 4124 4123 
4309 1097 4122 4124 1096 
4310 947 946 4124 4122 
4311 945 4123 4124 946 
4312 935 4125 4127 936 
4313 842 843 4127 4125 
4314 844 4126 4127 843 
4315 937 936 4127 4126 
4316 412 4128 4130 413 
4317 3354 3648 4130 4128 
4318 3420 4129 4130 3648 
4319 414 413 4130 4129 
4320 3460 4131 4134 4133 
4321 3332 4132 4134 4131 
4322 3440 3838 4134 4132 
4323 3512 4133 4134 3838 
4324 1183 1184 4136 4099 
4325 1185 4135 4136 1184 
4326 380 379 4136 4135 
4327 378 4099 4136 379 
4328 452 4137 4138 453 
4329 575 576 4138 4137 
4330 577 4102 4138 576 
4331 454 453 4138 4102 
4332 416 415 4140 4139 
4333 414 4129 4140 415 
4334 3420 3543 4140 4129 
4335 3363 4139 4140 3543 
4336 3465 4141 4144 3755 
4337 3427 4142 4144 4141 
4338 3343 4143 4144 4142 
4339 3397 3755 4144 4143 
4340 3412 3917 4146 4145 
4341 3376 3939 4146 3917 
4342 3419 3871 4146 3939 
4343 3307 4145 4146 3871 
4344 914 4147 4149 913 
4345 1152 1151 4149 4147 
4346 1150 4148 4149 1151 
4347 912 913 4149 4148 
4348 1174 1173 4152 4151 
4349 1172 4150 4152 1173 
4350 1066 1067 4152 4150 
4351 1068 4151 4152 1067 
4352 765 4153 4155 766 
4353 1080 1081 4155 4153 
4354 1082 4154 4155 1081 
4355 767 766 4155 4154 
4356 898 899 4158 4157 
4357 900 4156 4158 899 
4358 789 788 4158 4156 
4359 787 4157 4158 788 
4360 3393 4159 4162 4161 
4361 3302 4160 4162 4159 
4362 865 864 4162 4160 
4363 863 4161 4162 864 
4364 3476 4163 4167 4166 
4365 3405 4164 4167 4163 
4366 3425 4165 4167 4164 
4367 3475 4166 4167 4165 
4368 3405 4168 4170 4164 
4369 3480 3808 4170 4168 
4370 3294 4169 4170 3808 
4371 3425 4164 4170 4169 
4372 501 502 4173 4172 
4373 503 4171 4173 502 
4374 426 425 4173 4171 
4375 424 4172 4173 425 
4376 406 4174 4176 407 
4377 1225 1226 4176 4174 
4378 1227 4175 4176 1226 
4379 408 407 4176 4175 
4380 3307 3873 4178 4117 
4381 3429 4177 4178 3873 
4382 484 483 4178 4177 
4383 482 4117 4178 483 
4384 1185 1186 4180 4135 
4385 1187 4179 4180 1186 
4386 382 381 4180 4179 
4387 380 4135 4180 381 
4388 450 4181 4182 451 
4389 573 574 4182 4181 
4390 575 4137 4182 574 
4391 452 451 4182 4137 
4392 3378 3843 4184 4183 
4393 1119 3866 4184 3843 
4394 3372 3718 4184 3866 
4395 677 4183 4184 3718 
4396 499 500 4186 4185 
4397 501 4172 4186 500 
4398 424 423 4186 4172 
4399 422 4185 4186 423 
4400 408 4175 4188 409 
4401 1227 1228 4188 4175 
4402 1229 4187 4188 1228 
4403 410 409 4188 4187 
4404 552 551 4189 3642 
4405 550 4114 4189 551 
4406 992 993 4189 4114 
4407 994 3642 4189 993 
4408 1318 1317 4191 4190 
4409 1316 4111 4191 1317 
4410 732 733 4191 4111 
4411 734 4190 4191 733 
4412 744 4108 4193 743 
4413 522 521 4193 4108 
4414 520 4192 4193 521 
4415 742 743 4193 4192 
4416 1004 4105 4195 1003 
4417 1288 1287 4195 4105 
4418 1286 4194 4195 1287 
4419 1002 1003 4195 4194 
4420 3379 4196 4198 3581 
4421 470 469 4198 4196 
4422 468 4197 4198 469 
4423 595 3581 4198 4197 
4424 3410 4035 4201 4200 
4425 360 359 4201 4035 
4426 5 4199 4201 359 
4427 3353 4200 4201 4199 
4428 699 4202 4204 700 
4429 3500 4203 4204 4202 
4430 3470 4007 4204 4203 
4431 27 700 4204 4007 
4432 1292 1291 4206 4205 
4433 1290 4104 4206 1291 
4434 1006 1007 4206 4104 
4435 1008 4205 4206 1007 
4436 746 747 4208 4107 
4437 748 4207 4208 747 
4438 526 525 4208 4207 
4439 524 4107 4208 525 
4440 990 4113 4210 989 
4441 548 547 4210 4113 
4442 546 4209 4210 547 
4443 988 989 4210 4209 
4444 1312 4211 4212 1313 
4445 728 729 4212 4211 
4446 730 4110 4212 729 
4447 1314 1313 4212 4110 
4448 364 4213 4215 365 
4449 1202 1203 4215 4213 
4450 1204 4214 4215 1203 
4451 366 365 4215 4214 
4452 593 594 4217 4216 
4453 595 4197 4217 594 
4454 468 467 4217 4197 
4455 466 4216 4217 467 
4456 1223 1224 4219 4218 
4457 1225 4174 4219 1224 
4458 406 405 4219 4174 
4459 404 4218 4219 405 
4460 426 4171 4221 427 
4461 503 504 4221 4171 
4462 505 4220 4221 504 
4463 428 427 4221 4220 
4464 3406 4222 4225 4224 
4465 3419 3938 4225 4222 
4466 3323 4223 4225 3938 
4467 3308 4224 4225 4223 
4468 3473 4226 4228 4060 
4469 3408 4227 4228 4226 
4470 3455 3596 4228 4227 
4471 881 4060 4228 3596 
4472 867 4229 4232 868 
4473 3431 4230 4232 4229 
4474 3330 4231 4232 4230 
4475 869 868 4232 4231 
4476 3419 4233 4236 3872 
4477 3482 4234 4236 4233 
4478 3293 4235 4236 4234 
4479 3429 3872 4236 4235 
4480 1256 1255 4240 4239 
4481 1254 4237 4240 1255 
4482 3369 4238 4240 4237 
4483 3446 4239 4240 4238 
4484 3393 4241 4243 4159 
4485 3460 4242 4243 4241 
4486 3503 3536 4243 4242 
4487 3302 4159 4243 3536 
4488 945 944 4244 4123 
4489 943 4022 4244 944 
4490 1093 1094 4244 4022 
4491 1095 4123 4244 1094 
4492 583 4245 4246 582 
4493 458 457 4246 4245 
4494 456 4101 4246 457 
4495 13 582 4246 4101 
4496 376 375 4248 4098 
4497 374 4247 4248 375 
4498 1214 1215 4248 4247 
4499 74 4098 4248 1215 
4500 3320 3920 4251 4250 
4501 3445 4249 4251 3920 
4502 602 601 4251 4249 
4503 600 4250 4251 601 
4504 3295 4252 4254 4253 
4505 3412 3997 4254 4252 
4506 3404 3518 4254 3997 
4507 3413 4253 4254 3518 
4508 3510 4255 4256 3607 
4509 3465 3757 4256 4255 
4510 3499 3637 4256 3757 
4511 3515 3607 4256 3637 
4512 3377 4257 4259 3563 
4513 3386 4258 4259 4257 
4514 420 419 4259 4258 
4515 418 3563 4259 419 
4516 3414 4260 4263 4262 
4517 70 4261 4263 4260 
4518 3492 3645 4263 4261 
4519 37 4262 4263 3645 
4520 3514 3635 4266 4265 
4521 3499 4264 4266 3635 
4522 3504 3876 4266 4264 
4523 3483 4265 4266 3876 
4524 542 541 4267 3781 
4525 540 3522 4267 541 
4526 984 985 4267 3522 
4527 986 3781 4267 985 
4528 1308 1307 4269 3658 
4529 1306 4268 4269 1307 
4530 724 725 4269 4268 
4531 726 3658 4269 725 
4532 752 4270 4271 751 
4533 532 531 4271 4270 
4534 530 3661 4271 531 
4535 750 751 4271 3661 
4536 1012 4272 4273 1011 
4537 1298 1297 4273 4272 
4538 1296 3784 4273 1297 
4539 1010 1011 4273 3784 
4540 834 835 4276 4275 
4541 836 4274 4276 835 
4542 927 926 4276 4274 
4543 925 4275 4276 926 
4544 955 4277 4279 956 
4545 1103 1104 4279 4277 
4546 1105 4278 4279 1104 
4547 957 956 4279 4278 
4548 830 4280 4282 829 
4549 697 696 4282 4280 
4550 695 4281 4282 696 
4551 828 829 4282 4281 
4552 667 666 4284 4283 
4553 665 4016 4284 666 
4554 1109 1110 4284 4016 
4555 1111 4283 4284 1110 
4556 673 4285 4287 674 
4557 1115 1116 4287 4285 
4558 1117 4286 4287 1116 
4559 675 674 4287 4286 
4560 822 823 4289 4120 
4561 824 4288 4289 823 
4562 689 688 4289 4288 
4563 687 4120 4289 688 
4564 1097 1098 4291 4122 
4565 1099 4290 4291 1098 
4566 949 948 4291 4290 
4567 947 4122 4291 948 
4568 933 4292 4293 934 
4569 840 841 4293 4292 
4570 842 4125 4293 841 
4571 935 934 4293 4125 
4572 3321 4294 4296 3738 
4573 3490 4295 4296 4294 
4574 3471 3795 4296 4295 
4575 971 3738 4296 3795 
4576 3299 4297 4298 3767 
4577 3427 4141 4298 4297 
4578 3465 4255 4298 4141 
4579 3510 3767 4298 4255 
4580 3502 4299 4302 4301 
4581 3463 3877 4302 4299 
4582 3504 4300 4302 3877 
4583 3464 4301 4302 4300 
4584 3330 4303 4306 4305 
4585 3483 3875 4306 4303 
4586 3463 4304 4306 3875 
4587 3459 4305 4306 4304 
4588 1187 1188 4308 4179 
4589 1189 4307 4308 1188 
4590 384 383 4308 4307 
4591 382 4179 4308 383 
4592 448 4309 4310 449 
4593 571 572 4310 4309 
4594 573 4181 4310 572 
4595 450 449 4310 4181 
4596 3423 4311 4314 4313 
4597 3327 4312 4314 4311 
4598 708 707 4314 4312 
4599 30 4313 4314 707 
4600 711 3744 4317 712 
4601 3328 4315 4317 3744 
4602 3422 4316 4317 4315 
4603 31 712 4317 4316 
4604 3323 4096 4318 4223 
4605 1265 1264 4318 4096 
4606 1263 3822 4318 1264 
4607 3308 4223 4318 3822 
4608 3429 4235 4319 4177 
4609 3293 3824 4319 4235 
4610 486 485 4319 3824 
4611 484 4177 4319 485 
4612 3369 4237 4321 3807 
4613 1254 1253 4321 4237 
4614 1252 4320 4321 1253 
4615 3294 3807 4321 4320 
4616 606 605 4324 3833 
4617 604 4322 4324 605 
4618 3368 4323 4324 4322 
4619 3310 3833 4324 4323 
4620 3514 4325 4327 3636 
4621 3460 4133 4327 4325 
4622 3512 4326 4327 4133 
4623 3515 3636 4327 4326 
4624 3504 4264 4329 4300 
4625 3499 3756 4329 4264 
4626 3397 4328 4329 3756 
4627 3464 4300 4329 4328 
4628 3431 3537 4331 4230 
4629 3503 4330 4331 3537 
4630 3483 4303 4331 4330 
4631 3330 4230 4331 4303 
4632 3368 4332 4334 4323 
4633 3480 4168 4334 4332 
4634 3405 4333 4334 4168 
4635 3310 4323 4334 4333 
4636 3319 4335 4336 3533 
4637 3397 4143 4336 4335 
4638 3343 3849 4336 4143 
4639 1027 3533 4336 3849 
4640 3476 4337 4340 4339 
4641 3353 4338 4340 4337 
4642 3438 3540 4340 4338 
4643 3311 4339 4340 3540 
4644 3385 3773 4342 4341 
4645 362 361 4342 3773 
4646 360 4034 4342 361 
4647 3334 4341 4342 4034 
4648 3427 4297 4344 4343 
4649 3299 3846 4344 4297 
4650 1033 1032 4344 3846 
4651 1031 4343 4344 1032 
4652 1029 3850 4345 1030 
4653 3343 4142 4345 3850 
4654 3427 4343 4345 4142 
4655 1031 1030 4345 4343 
4656 3345 3882 4348 4347 
4657 3358 4346 4348 3882 
4658 773 772 4348 4346 
4659 771 4347 4348 772 
4660 1035 3847 4350 1036 
4661 3299 3766 4350 3847 
4662 3399 4349 4350 3766 
4663 1037 1036 4350 4349 
4664 1037 4349 4353 1038 
4665 3399 4351 4353 4349 
4666 3466 4352 4353 4351 
4667 1039 1038 4353 4352 
4668 3322 3740 4357 4356 
4669 968 4354 4357 3740 
4670 3468 4355 4357 4354 
4671 3491 4356 4357 4355 
4672 3424 4358 4361 4360 
4673 3487 3925 4361 4358 
4674 3388 4359 4361 3925 
4675 3449 4360 4361 4359 
4676 1256 4239 4363 1257 
4677 3446 4362 4363 4239 
4678 3306 3859 4363 4362 
4679 1258 1257 4363 3859 
4680 3501 4364 4365 3606 
4681 3466 4351 4365 4364 
4682 3399 3768 4365 4351 
4683 3510 3606 4365 3768 
4684 3501 3608 4367 4366 
4685 3515 4326 4367 3608 
4686 3512 3837 4367 4326 
4687 3481 4366 4367 3837 
4688 3354 4128 4368 3656 
4689 412 411 4368 4128 
4690 410 4187 4368 411 
4691 1229 3656 4368 4187 
4692 598 3633 4370 599 
4693 3424 4369 4370 3633 
4694 3320 4250 4370 4369 
4695 600 599 4370 4250 
4696 3368 4322 4372 4371 
4697 604 603 4372 4322 
4698 602 4249 4372 603 
4699 3445 4371 4372 4249 
4700 534 4373 4375 535 
4701 3349 3530 4375 4373 
4702 3401 4374 4375 3530 
4703 536 535 4375 4374 
4704 1206 4376 4377 1205 
4705 368 367 4377 4376 
4706 366 4214 4377 367 
4707 1204 1205 4377 4214 
4708 466 465 4379 4216 
4709 464 4378 4379 465 
4710 591 592 4379 4378 
4711 593 4216 4379 592 
4712 3496 3564 4381 4380 
4713 418 417 4381 3564 
4714 416 4139 4381 417 
4715 3363 4380 4381 4139 
4716 3392 3687 4383 4382 
4717 69 4093 4383 3687 
4718 38 809 4383 4093 
4719 810 4382 4383 809 
4720 1280 4384 4387 1281 
4721 3477 4385 4387 4384 
4722 3411 4386 4387 4385 
4723 1282 1281 4387 4386 
4724 3321 4388 4391 4294 
4725 3402 4389 4391 4388 
4726 3436 4390 4391 4389 
4727 3490 4294 4391 4390 
4728 3501 4392 4395 4364 
4729 3484 4393 4395 4392 
4730 3461 4394 4395 4393 
4731 3466 4364 4395 4394 
4732 1189 1190 4397 4307 
4733 1191 4396 4397 1190 
4734 386 385 4397 4396 
4735 384 4307 4397 385 
4736 446 4398 4399 447 
4737 569 570 4399 4398 
4738 571 4309 4399 570 
4739 448 447 4399 4309 
4740 869 4231 4401 870 
4741 3330 4305 4401 4231 
4742 3459 4400 4401 4305 
4743 871 870 4401 4400 
4744 404 403 4403 4218 
4745 402 4402 4403 403 
4746 1221 1222 4403 4402 
4747 1223 4218 4403 1222 
4748 507 4404 4405 506 
4749 430 429 4405 4404 
4750 428 4220 4405 429 
4751 505 506 4405 4220 
4752 3334 4036 4407 3869 
4753 3410 4406 4407 4036 
4754 3380 3553 4407 4406 
4755 1234 3869 4407 3553 
4756 3309 4408 4410 3831 
4757 3485 4409 4410 4408 
4758 3384 3856 4410 4409 
4759 478 3831 4410 3856 
4760 3471 4411 4415 4414 
4761 3423 4412 4415 4411 
4762 3382 4413 4415 4412 
4763 3508 4414 4415 4413 
4764 3316 4416 4418 3700 
4765 3435 4417 4418 4416 
4766 1046 1047 4418 4417 
4767 60 3700 4418 1047 
4768 3409 4419 4422 4421 
4769 3481 3836 4422 4419 
4770 3440 4420 4422 3836 
4771 3333 4421 4422 4420 
4772 25 4423 4425 661 
4773 3453 4424 4425 4423 
4774 3365 3840 4425 4424 
4775 660 661 4425 3840 
4776 3447 4426 4428 3520 
4777 3496 4380 4428 4426 
4778 3363 4427 4428 4380 
4779 3413 3520 4428 4427 
4780 871 4400 4431 872 
4781 3459 4429 4431 4400 
4782 3507 4430 4431 4429 
4783 873 872 4431 4430 
4784 916 4432 4433 915 
4785 1154 1153 4433 4432 
4786 1152 4147 4433 1153 
4787 914 915 4433 4147 
4788 1172 1171 4435 4150 
4789 1170 4434 4435 1171 
4790 1064 1065 4435 4434 
4791 1066 4150 4435 1065 
4792 1084 4436 4437 1083 
4793 769 768 4437 4436 
4794 767 4154 4437 768 
4795 1082 1083 4437 4154 
4796 896 897 4438 3629 
4797 898 4157 4438 897 
4798 787 786 4438 4157 
4799 785 3629 4438 786 
4800 3495 4439 4443 4442 
4801 3402 4440 4443 4439 
4802 3351 4441 4443 4440 
4803 3511 4442 4443 4441 
4804 1320 1319 4445 4444 
4805 1318 4190 4445 1319 
4806 734 735 4445 4190 
4807 736 4444 4445 735 
4808 1002 4194 4447 1001 
4809 1286 1285 4447 4194 
4810 1284 4446 4447 1285 
4811 1000 1001 4447 4446 
4812 3387 4448 4450 4449 
4813 532 4270 4450 4448 
4814 752 753 4450 4270 
4815 754 4449 4450 753 
4816 912 4148 4452 911 
4817 1150 1149 4452 4148 
4818 1148 4451 4452 1149 
4819 910 911 4452 4451 
4820 1176 1175 4454 4453 
4821 1174 4151 4454 1175 
4822 1068 1069 4454 4151 
4823 1070 4453 4454 1069 
4824 763 4455 4456 764 
4825 1078 1079 4456 4455 
4826 1080 4153 4456 1079 
4827 765 764 4456 4153 
4828 900 901 4458 4156 
4829 902 4457 4458 901 
4830 791 790 4458 4457 
4831 789 4156 4458 790 
4832 3313 4050 4461 4045 
4833 886 4459 4461 4050 
4834 3442 4460 4461 4459 
4835 645 4045 4461 4460 
4836 3456 4462 4464 4463 
4837 44 4047 4464 4462 
4838 3313 4042 4464 4047 
4839 21 4463 4464 4042 
4840 3314 4465 4466 3697 
4841 45 3597 4466 4465 
4842 3455 3976 4466 3597 
4843 88 3697 4466 3976 
4844 3315 4467 4468 4055 
4845 22 3594 4468 4467 
4846 3457 3979 4468 3594 
4847 63 4055 4468 3979 
4848 3458 3724 4469 3640 
4849 91 4002 4469 3724 
4850 3316 3699 4469 4002 
4851 62 3640 4469 3699 
4852 1294 1293 4470 3783 
4853 1292 4205 4470 1293 
4854 1008 1009 4470 4205 
4855 1010 3783 4470 1009 
4856 528 527 4471 3662 
4857 526 4207 4471 527 
4858 748 749 4471 4207 
4859 750 3662 4471 749 
4860 728 4211 4472 727 
4861 1312 1311 4472 4211 
4862 1310 3659 4472 1311 
4863 726 727 4472 3659 
4864 988 4209 4473 987 
4865 546 545 4473 4209 
4866 544 3780 4473 545 
4867 986 987 4473 3780 
4868 493 494 4475 4474 
4869 9 3805 4475 494 
4870 3386 4257 4475 3805 
4871 3377 4474 4475 4257 
4872 39 4090 4477 814 
4873 68 3911 4477 4090 
4874 3340 4476 4477 3911 
4875 813 814 4477 4476 
4876 3398 3587 4480 4479 
4877 3362 4478 4480 3587 
4878 538 537 4480 4478 
4879 536 4479 4480 537 
4880 857 4481 4483 858 
4881 3440 4132 4483 4481 
4882 3332 4482 4483 4132 
4883 859 858 4483 4482 
4884 3338 4484 4488 4487 
4885 3516 4485 4488 4484 
4886 3505 4486 4488 4485 
4887 3474 4487 4488 4486 
4888 623 4489 4492 624 
4889 3407 4490 4492 4489 
4890 3484 4491 4492 4490 
4891 625 624 4492 4491 
4892 36 4087 4493 799 
4893 71 3942 4493 4087 
4894 3337 3733 4493 3942 
4895 798 799 4493 3733 
4896 3409 4494 4497 4419 
4897 3347 4495 4497 4494 
4898 3462 4496 4497 4495 
4899 3481 4419 4497 4496 
4900 3437 4498 4500 3818 
4901 3403 4499 4500 4498 
4902 3322 4356 4500 4499 
4903 3491 3818 4500 4356 
4904 585 4501 4502 584 
4905 460 459 4502 4501 
4906 458 4245 4502 459 
4907 583 584 4502 4245 
4908 374 373 4504 4247 
4909 372 4503 4504 373 
4910 1212 1213 4504 4503 
4911 1214 4247 4504 1213 
4912 3423 4411 4506 4311 
4913 3471 4295 4506 4411 
4914 3490 4505 4506 4295 
4915 3327 4311 4506 4505 
4916 656 4507 4509 655 
4917 779 778 4509 4507 
4918 777 4508 4509 778 
4919 654 655 4509 4508 
4920 1364 4510 4512 1363 
4921 1164 1163 4512 4510 
4922 1162 4511 4512 1163 
4923 1362 1363 4512 4511 
4924 777 776 4514 4508 
4925 775 4513 4514 776 
4926 652 653 4514 4513 
4927 654 4508 4514 653 
4928 1360 1361 4515 3570 
4929 1362 4511 4515 1361 
4930 1162 1161 4515 4511 
4931 1160 3570 4515 1161 
4932 3344 4040 4518 4517 
4933 3415 4516 4518 4040 
4934 941 940 4518 4516 
4935 939 4517 4518 940 
4936 3303 4519 4522 4521 
4937 3347 4494 4522 4519 
4938 3409 4520 4522 4494 
4939 3454 4521 4522 4520 
4940 1191 1192 4524 4396 
4941 1193 4523 4524 1192 
4942 388 387 4524 4523 
4943 386 4396 4524 387 
4944 444 4525 4526 445 
4945 567 568 4526 4525 
4946 569 4398 4526 568 
4947 446 445 4526 4398 
4948 998 4527 4529 997 
4949 3426 4528 4529 4527 
4950 3341 3599 4529 4528 
4951 996 997 4529 3599 
4952 3337 4530 4532 3734 
4953 3371 3567 4532 4530 
4954 1074 4531 4532 3567 
4955 3359 3734 4532 4531 
4956 3393 4161 4535 4534 
4957 863 862 4535 4161 
4958 861 4533 4535 862 
4959 3444 4534 4535 4533 
4960 3497 4536 4539 4538 
4961 3449 4537 4539 4536 
4962 3306 4362 4539 4537 
4963 3446 4538 4539 4362 
4964 470 4196 4541 471 
4965 3379 4540 4541 4196 
4966 3452 3770 4541 4540 
4967 472 471 4541 3770 
4968 836 837 4542 4274 
4969 838 3624 4542 837 
4970 929 928 4542 3624 
4971 927 4274 4542 928 
4972 953 3626 4543 954 
4973 1101 1102 4543 3626 
4974 1103 4277 4543 1102 
4975 955 954 4543 4277 
4976 693 3709 4544 694 
4977 826 827 4544 3709 
4978 828 4281 4544 827 
4979 695 694 4544 4281 
4980 1111 1112 4545 4283 
4981 1113 3712 4545 1112 
4982 669 668 4545 3712 
4983 667 4283 4545 668 
4984 3482 4546 4550 4549 
4985 3474 4547 4550 4546 
4986 3432 4548 4550 4547 
4987 3339 4549 4550 4548 
4988 1168 1167 4553 4552 
4989 1166 3561 4553 1167 
4990 3458 4551 4553 3561 
4991 3346 4552 4553 4551 
4992 671 3713 4554 672 
4993 1113 1114 4554 3713 
4994 1115 4285 4554 1114 
4995 673 672 4554 4285 
4996 824 825 4555 4288 
4997 826 3710 4555 825 
4998 691 690 4555 3710 
4999 689 4288 4555 690 
5000 1099 1100 4556 4290 
5001 1101 3627 4556 1100 
5002 951 950 4556 3627 
5003 949 4290 4556 950 
5004 931 3623 4557 932 
5005 838 839 4557 3623 
5006 840 4292 4557 839 
5007 933 932 4557 4292 
5008 3480 4332 4559 4558 
5009 3368 4371 4559 4332 
5010 3445 3922 4559 4371 
5011 3497 4558 4559 3922 
5012 3513 3680 4560 4026 
5013 1300 1299 4560 3680 
5014 1298 4272 4560 1299 
5015 1012 4026 4560 4272 
5016 3469 4561 4563 4562 
5017 3400 3525 4563 4561 
5018 634 3989 4563 3525 
5019 3486 4562 4563 3989 
5020 3436 3972 4565 4390 
5021 3297 4564 4565 3972 
5022 3327 4505 4565 4564 
5023 3490 4390 4565 4505 
5024 3439 4566 4569 4568 
5025 846 847 4569 4566 
5026 848 4567 4569 847 
5027 3344 4568 4569 4567 
5028 3430 4570 4572 4571 
5029 3478 3684 4572 4570 
5030 1304 1303 4572 3684 
5031 1302 4571 4572 1303 
5032 3348 3583 4574 4573 
5033 1358 3571 4574 3583 
5034 1160 1159 4574 3571 
5035 1158 4573 4574 1159 
5036 3318 4575 4578 4577 
5037 3434 4576 4578 4575 
5038 3325 3721 4578 4576 
5039 79 4577 4578 3721 
5040 368 4376 4579 369 
5041 1206 1207 4579 4376 
5042 1208 3799 4579 1207 
5043 370 369 4579 3799 
5044 589 590 4580 3801 
5045 591 4378 4580 590 
5046 464 463 4580 4378 
5047 462 3801 4580 463 
5048 3497 3921 4581 4536 
5049 3320 4369 4581 3921 
5050 3424 4360 4581 4369 
5051 3449 4536 4581 4360 
5052 724 4268 4582 723 
5053 1306 3685 4582 4268 
5054 3478 3786 4582 3685 
5055 722 723 4582 3786 
5056 3353 4199 4584 4338 
5057 5 3771 4584 4199 
5058 3452 4583 4584 3771 
5059 3438 4338 4584 4583 
5060 3509 4585 4588 4587 
5061 1331 1330 4588 4585 
5062 1329 4586 4588 1330 
5063 3467 4587 4588 4586 
5064 80 3621 4589 1251 
5065 3425 4169 4589 3621 
5066 3294 4320 4589 4169 
5067 1252 1251 4589 4320 
5068 740 3753 4593 4592 
5069 3396 4590 4593 3753 
5070 3395 4591 4593 4590 
5071 3443 4592 4593 4591 
5072 3495 3763 4594 4439 
5073 3451 3973 4594 3763 
5074 3436 4389 4594 3973 
5075 3402 4439 4594 4389 
5076 3437 3970 4597 4498 
5077 3450 4595 4597 3970 
5078 3494 4596 4597 4595 
5079 3403 4498 4597 4596 
5080 3319 3532 4599 3670 
5081 1025 1024 4599 3532 
5082 1023 4598 4599 1024 
5083 3366 3670 4599 4598 
5084 3484 4600 4601 4491 
5085 3462 4495 4601 4600 
5086 3347 3759 4601 4495 
5087 625 4491 4601 3759 
5088 830 831 4604 4603 
5089 832 4602 4604 831 
5090 3470 4203 4604 4602 
5091 3500 4603 4604 4203 
5092 390 389 4606 4605 
5093 388 4523 4606 389 
5094 1193 1194 4606 4523 
5095 1195 4605 4606 1194 
5096 567 4525 4608 566 
5097 444 443 4608 4525 
5098 442 4607 4608 443 
5099 565 566 4608 4607 
5100 1109 4017 4609 1108 
5101 663 4005 4609 4017 
5102 3451 3762 4609 4005 
5103 1107 1108 4609 3762 
5104 3473 4610 4612 4226 
5105 3507 4611 4612 4610 
5106 3467 3901 4612 4611 
5107 3408 4226 4612 3901 
5108 832 4613 4615 4602 
5109 3494 4595 4615 4613 
5110 3450 4614 4615 4595 
5111 3470 4602 4615 4614 
5112 3407 4489 4616 3578 
5113 623 622 4616 4489 
5114 621 3896 4616 622 
5115 3304 3578 4616 3896 
5116 402 401 4618 4402 
5117 400 4617 4618 401 
5118 1219 1220 4618 4617 
5119 1221 4402 4618 1220 
5120 509 4619 4620 508 
5121 432 431 4620 4619 
5122 430 4404 4620 431 
5123 507 508 4620 4404 
5124 3442 4621 4622 4460 
5125 3453 4423 4622 4621 
5126 25 644 4622 4423 
5127 645 4460 4622 644 
5128 3469 4623 4626 4561 
5129 3336 4624 4626 4623 
5130 3461 4625 4626 4624 
5131 3400 4561 4626 4625 
5132 3415 4031 4627 4516 
5133 1091 4023 4627 4031 
5134 943 942 4627 4023 
5135 941 4516 4627 942 
5136 3325 4628 4629 3722 
5137 3488 3792 4629 4628 
5138 1241 1242 4629 3792 
5139 1243 3722 4629 1242 
5140 460 4501 4630 461 
5141 585 586 4630 4501 
5142 587 3802 4630 586 
5143 462 461 4630 3802 
5144 1210 1211 4631 3798 
5145 1212 4503 4631 1211 
5146 372 371 4631 4503 
5147 370 3798 4631 371 
5148 489 490 4635 4634 
5149 491 4632 4635 490 
5150 3324 4633 4635 4632 
5151 3448 4634 4635 4633 
5152 742 4192 4637 3752 
5153 520 519 4637 4192 
5154 518 4636 4637 519 
5155 3396 3752 4637 4636 
5156 783 4638 4639 784 
5157 3352 4080 4639 4638 
5158 894 3630 4639 4080 
5159 785 784 4639 3630 
5160 3375 4640 4643 3551 
5161 3414 4641 4643 4640 
5162 3374 4642 4643 4641 
5163 906 3551 4643 4642 
5164 3454 4644 4647 3777 
5165 3417 4645 4647 4644 
5166 3360 4646 4647 4645 
5167 3456 3777 4647 4646 
5168 736 4648 4649 4444 
5169 3516 4028 4649 4648 
5170 1322 1321 4649 4028 
5171 1320 4444 4649 1321 
5172 76 4650 4651 1237 
5173 3385 4341 4651 4650 
5174 3334 3868 4651 4341 
5175 1236 1237 4651 3868 
5176 3509 4652 4654 4585 
5177 3502 4653 4654 4652 
5178 1333 1332 4654 4653 
5179 1331 4585 4654 1332 
5180 3426 4527 4658 4657 
5181 998 4655 4658 4527 
5182 3477 4656 4658 4655 
5183 3390 4657 4658 4656 
5184 3312 4659 4660 3929 
5185 3475 4165 4660 4659 
5186 3425 3620 4660 4165 
5187 1246 3929 4660 3620 
5188 3416 4661 4664 4663 
5189 3326 4662 4664 4661 
5190 3435 3611 4664 4662 
5191 3433 4663 4664 3611 
5192 3422 4665 4669 4668 
5193 3468 4666 4669 4665 
5194 3401 4667 4669 4666 
5195 3298 4668 4669 4667 
5196 754 755 4672 4449 
5197 756 4670 4672 755 
5198 3349 4671 4672 4670 
5199 3387 4449 4672 4671 
5200 3296 3968 4673 3951 
5201 3437 3817 4673 3968 
5202 3328 3743 4673 3817 
5203 29 3951 4673 3743 
5204 918 4082 4674 917 
5205 1156 1155 4674 4082 
5206 1154 4432 4674 1155 
5207 916 917 4674 4432 
5208 1086 4020 4675 1085 
5209 771 770 4675 4020 
5210 769 4436 4675 770 
5211 1084 1085 4675 4436 
5212 3404 3999 4677 3519 
5213 3485 4408 4677 3999 
5214 3309 4676 4677 4408 
5215 3447 3519 4677 4676 
5216 3303 4521 4678 3880 
5217 3454 3776 4678 4521 
5218 3329 4070 4678 3776 
5219 631 3880 4678 4070 
5220 3381 3541 4680 3557 
5221 3438 4679 4680 3541 
5222 3335 3811 4680 4679 
5223 611 3557 4680 3811 
5224 3448 4633 4683 4682 
5225 3324 4681 4683 4633 
5226 3377 3565 4683 4681 
5227 3496 4682 4683 3565 
5228 1019 3983 4686 1020 
5229 3326 4684 4686 3983 
5230 3489 4685 4686 4684 
5231 1021 1020 4686 4685 
5232 679 4687 4689 680 
5233 1123 4014 4689 4687 
5234 3418 4688 4689 4014 
5235 681 680 4689 4688 
5236 3449 4359 4692 4691 
5237 3388 4690 4692 4359 
5238 3391 3962 4692 4690 
5239 82 4691 4692 3962 
5240 3319 3672 4694 4335 
5241 3416 4693 4694 3672 
5242 3464 4328 4694 4693 
5243 3397 4335 4694 4328 
5244 1195 1196 4696 4605 
5245 1197 4695 4696 1196 
5246 392 391 4696 4695 
5247 390 4605 4696 391 
5248 440 4697 4698 441 
5249 563 564 4698 4697 
5250 565 4607 4698 564 
5251 442 441 4698 4607 
5252 957 4278 4701 958 
5253 1105 4699 4701 4278 
5254 3511 4700 4701 4699 
5255 959 958 4701 4700 
5256 3439 4702 4703 4566 
5257 937 4126 4703 4702 
5258 844 845 4703 4126 
5259 846 4566 4703 845 
5260 3302 3535 4704 4160 
5261 3431 4229 4704 3535 
5262 867 866 4704 4229 
5263 865 4160 4704 866 
5264 3474 4705 4707 4706 
5265 3406 4224 4707 4705 
5266 3308 3821 4707 4224 
5267 83 4706 4707 3821 
5268 3310 4333 4709 3834 
5269 3405 4163 4709 4333 
5270 3476 4708 4709 4163 
5271 16 3834 4709 4708 
5272 795 794 4713 4712 
5273 793 4710 4713 794 
5274 904 4711 4713 4710 
5275 3441 4712 4713 4711 
5276 3487 4714 4716 3926 
5277 3389 4715 4716 4714 
5278 3341 4528 4716 4715 
5279 3426 3926 4716 4528 
5280 910 4451 4717 909 
5281 1148 1147 4717 4451 
5282 1146 3591 4717 1147 
5283 908 909 4717 3591 
5284 1070 1071 4719 4453 
5285 1072 4718 4719 1071 
5286 1178 1177 4719 4718 
5287 1176 4453 4719 1177 
5288 761 4720 4721 762 
5289 1076 1077 4721 4720 
5290 1078 4455 4721 1077 
5291 763 762 4721 4455 
5292 902 903 4722 4457 
5293 904 4710 4722 903 
5294 793 792 4722 4710 
5295 791 4457 4722 792 
5296 3400 3576 4723 3526 
5297 3304 3895 4723 3576 
5298 619 618 4723 3895 
5299 18 3526 4723 618 
5300 1180 1179 4724 3749 
5301 1178 4718 4724 1179 
5302 1072 3568 4724 4718 
5303 3371 3749 4724 3568 
5304 1076 4720 4726 4725 
5305 761 760 4726 4720 
5306 759 3747 4726 760 
5307 3370 4725 4726 3747 
5308 1107 3764 4727 1106 
5309 3495 4442 4727 3764 
5310 3511 4699 4727 4442 
5311 1105 1106 4727 4699 
5312 3428 4728 4730 3604 
5313 889 3986 4730 4728 
5314 3479 4729 4730 3986 
5315 1350 3604 4730 4729 
5316 859 4482 4732 860 
5317 3332 4731 4732 4482 
5318 3444 4533 4732 4731 
5319 861 860 4732 4533 
5320 3470 4614 4733 4008 
5321 3450 3969 4733 4614 
5322 3296 3950 4733 3969 
5323 705 4008 4733 3950 
5324 3466 4394 4734 4352 
5325 3461 4624 4734 4394 
5326 3336 4075 4734 4624 
5327 1039 4352 4734 4075 
5328 3298 4735 4736 4668 
5329 717 718 4736 4735 
5330 31 4316 4736 718 
5331 3422 4668 4736 4316 
5332 3367 4737 4739 4738 
5333 3472 3547 4739 4737 
5334 816 817 4739 3547 
5335 818 4738 4739 817 
5336 3385 4650 4740 3774 
5337 76 1201 4740 4650 
5338 1202 4213 4740 1201 
5339 364 3774 4740 4213 
5340 3373 4741 4742 3936 
5341 3367 4738 4742 4741 
5342 818 819 4742 4738 
5343 820 3936 4742 819 
5344 875 874 4743 4057 
5345 873 4430 4743 874 
5346 3507 4610 4743 4430 
5347 3473 4057 4743 4610 
5348 994 995 4744 3643 
5349 996 3601 4744 995 
5350 3421 3674 4744 3601 
5351 554 3643 4744 3674 
5352 52 3741 4746 963 
5353 3322 4499 4746 3741 
5354 3403 4745 4746 4499 
5355 962 963 4746 4745 
5356 3402 4388 4748 4747 
5357 3321 3737 4748 4388 
5358 53 964 4748 3737 
5359 965 4747 4748 964 
5360 3418 4749 4751 4688 
5361 40 3548 4751 4749 
5362 3472 4750 4751 3548 
5363 681 4688 4751 4750 
5364 3493 4752 4755 4754 
5365 3350 4753 4755 4752 
5366 3403 4596 4755 4753 
5367 3494 4754 4755 4596 
5368 3383 3918 4756 3863 
5369 3412 4252 4756 3918 
5370 3295 3827 4756 4252 
5371 1271 3863 4756 3827 
5372 3447 4676 4758 4757 
5373 3309 3830 4758 4676 
5374 6 474 4758 3830 
5375 475 4757 4758 474 
5376 81 3828 4760 1250 
5377 3295 4253 4760 3828 
5378 3413 4759 4760 4253 
5379 1249 1250 4760 4759 
5380 1350 4729 4762 1349 
5381 3479 4761 4762 4729 
5382 3314 3696 4762 4761 
5383 90 1349 4762 3696 
5384 1335 1334 4765 4764 
5385 1333 4653 4765 1334 
5386 3502 4763 4765 4653 
5387 3433 4764 4765 4763 
5388 3362 4766 4767 4478 
5389 982 3523 4767 4766 
5390 540 539 4767 3523 
5391 538 4478 4767 539 
5392 3420 3650 4768 3544 
5393 3488 4628 4768 3650 
5394 3325 4576 4768 4628 
5395 3434 3544 4768 4576 
5396 493 4474 4769 492 
5397 3377 4681 4769 4474 
5398 3324 4632 4769 4681 
5399 491 492 4769 4632 
5400 516 3790 4770 517 
5401 3395 4590 4770 3790 
5402 3396 4636 4770 4590 
5403 518 517 4770 4636 
5404 1197 1198 4771 4695 
5405 1199 3693 4771 1198 
5406 394 393 4771 3693 
5407 392 4695 4771 393 
5408 438 3691 4772 439 
5409 561 562 4772 3691 
5410 563 4697 4772 562 
5411 440 439 4772 4697 
5412 3443 4773 4775 4592 
5413 3432 4774 4775 4773 
5414 738 739 4775 4774 
5415 740 4592 4775 739 
5416 11 560 4776 3664 
5417 561 3690 4776 560 
5418 436 435 4776 3690 
5419 434 3664 4776 435 
5420 396 3694 4777 397 
5421 1199 1200 4777 3694 
5422 75 3668 4777 1200 
5423 398 397 4777 3668 
5424 3341 3715 4778 3600 
5425 558 557 4778 3715 
5426 556 3675 4778 557 
5427 3421 3600 4778 3675 
5428 56 3703 4780 975 
5429 3342 3588 4780 3703 
5430 3398 4779 4780 3588 
5431 974 975 4780 4779 
5432 3442 4781 4782 4621 
5433 3352 4638 4782 4781 
5434 783 3574 4782 4638 
5435 3453 4621 4782 3574 
5436 3340 4783 4784 4476 
5437 3415 4039 4784 4783 
5438 3361 3913 4784 4039 
5439 813 4476 4784 3913 
5440 1129 3688 4786 1128 
5441 3392 4785 4786 3688 
5442 3418 4013 4786 4785 
5443 67 1128 4786 4013 
5444 514 513 4788 3789 
5445 10 4787 4788 513 
5446 3443 4591 4788 4787 
5447 3395 3789 4788 4591 
5448 1016 4011 4789 1015 
5449 3517 3681 4789 4011 
5450 3513 4025 4789 3681 
5451 1014 1015 4789 4025 
5452 400 399 4790 4617 
5453 398 3667 4790 399 
5454 1217 1218 4790 3667 
5455 1219 4617 4790 1218 
5456 511 3665 4791 510 
5457 434 433 4791 3665 
5458 432 4619 4791 433 
5459 509 510 4791 4619 
5460 3486 4792 4793 4562 
5461 3315 4052 4793 4792 
5462 1049 3995 4793 4052 
5463 3469 4562 4793 3995 
5464 422 421 4794 4185 
5465 420 4258 4794 421 
5466 3386 3804 4794 4258 
5467 499 4185 4794 3804 
5468 3464 4693 4795 4301 
5469 3416 4663 4795 4693 
5470 3433 4763 4795 4663 
5471 3502 4301 4795 4763 
5472 34 797 4797 3746 
5473 798 3735 4797 797 
5474 3359 4796 4797 3735 
5475 3370 3746 4797 4796 
5476 3447 4798 4800 4426 
5477 3317 4799 4800 4798 
5478 3448 4682 4800 4799 
5479 3496 4426 4800 4682 
5480 3379 3580 4802 4801 
5481 15 608 4802 3580 
5482 609 3812 4802 608 
5483 3335 4801 4802 3812 
5484 3449 4691 4803 4537 
5485 82 1261 4803 4691 
5486 1260 3860 4803 1261 
5487 3306 4537 4803 3860 
5488 1062 1063 4804 3953 
5489 1064 4434 4804 1063 
5490 1170 3653 4804 4434 
5491 3364 3953 4804 3653 
5492 650 651 4805 3892 
5493 652 4513 4805 651 
5494 775 3618 4805 4513 
5495 3355 3892 4805 3618 
5496 1164 4510 4806 3614 
5497 1364 1365 4806 4510 
5498 1366 3890 4806 1365 
5499 3356 3614 4806 3890 
5500 3389 4714 4807 3966 
5501 3487 4358 4807 4714 
5502 3424 3632 4807 4358 
5503 14 3966 4807 3632 
5504 3305 3852 4808 3908 
5505 3382 4412 4808 3852 
5506 3423 4313 4808 4412 
5507 30 3908 4808 4313 
5508 3388 3924 4810 4690 
5509 3426 4657 4810 3924 
5510 3390 4809 4810 4657 
5511 3391 4690 4810 4809 
5512 3364 3652 4811 3954 
5513 1168 4552 4811 3652 
5514 3346 3814 4811 4552 
5515 1060 3954 4811 3814 
5516 738 4812 4813 737 
5517 3505 4485 4813 4812 
5518 3516 4648 4813 4485 
5519 736 737 4813 4648 
5520 3446 4238 4814 4538 
5521 3369 3809 4814 4238 
5522 3480 4558 4814 3809 
5523 3497 4538 4814 4558 
5524 3506 4815 4817 4816 
5525 3382 3854 4817 4815 
5526 3430 4571 4817 3854 
5527 1302 4816 4817 4571 
5528 3362 3586 4818 4766 
5529 3342 3702 4818 3586 
5530 980 981 4818 3702 
5531 982 4766 4818 981 
5532 3417 4644 4820 4819 
5533 3454 4520 4820 4644 
5534 3409 4421 4820 4520 
5535 3333 4819 4820 4421 
5536 3333 4420 4822 4821 
5537 3440 4481 4822 4420 
5538 857 856 4822 4481 
5539 855 4821 4822 856 
5540 1342 3977 4824 1341 
5541 3455 4227 4824 3977 
5542 3408 4823 4824 4227 
5543 86 1341 4824 4823 
5544 627 3760 4825 628 
5545 3347 4519 4825 3760 
5546 3303 3879 4825 4519 
5547 629 628 4825 3879 
5548 8 3825 4826 4065 
5549 3293 4234 4826 3825 
5550 3482 4549 4826 4234 
5551 3339 4065 4826 4549 
5552 3463 4299 4828 4827 
5553 3502 4652 4828 4299 
5554 3509 4587 4828 4652 
5555 3467 4827 4828 4587 
5556 3333 4821 4829 4819 
5557 855 854 4829 4821 
5558 853 3678 4829 854 
5559 3417 4819 4829 3678 
5560 923 4830 4832 924 
5561 3493 4831 4832 4830 
5562 834 4275 4832 4831 
5563 925 924 4832 4275 
5564 658 3841 4834 657 
5565 3365 4833 4834 3841 
5566 779 4507 4834 4833 
5567 656 657 4834 4507 
5568 3356 3889 4835 3615 
5569 1368 3731 4835 3889 
5570 3357 3559 4835 3731 
5571 1166 3615 4835 3559 
5572 3358 3727 4836 4346 
5573 648 3893 4836 3727 
5574 3355 3617 4836 3893 
5575 773 4346 4836 3617 
5576 3354 3655 4837 3649 
5577 77 1238 4837 3655 
5578 1239 3793 4837 1238 
5579 3488 3649 4837 3793 
5580 1121 1122 4838 3865 
5581 1123 4687 4838 1122 
5582 679 3719 4838 4687 
5583 3372 3865 4838 3719 
5584 906 4642 4840 905 
5585 3374 4839 4840 4642 
5586 3441 4711 4840 4839 
5587 904 905 4840 4711 
5588 3452 4540 4841 4583 
5589 3379 4801 4841 4540 
5590 3335 4679 4841 4801 
5591 3438 4583 4841 4679 
5592 3314 4761 4842 4465 
5593 3479 3985 4842 4761 
5594 47 884 4842 3985 
5595 45 4465 4842 884 
5596 1054 1055 4843 3639 
5597 64 3815 4843 1055 
5598 3346 4551 4843 3815 
5599 3458 3639 4843 4551 
5600 57 976 4846 4010 
5601 977 4844 4846 976 
5602 3506 4845 4846 4844 
5603 3517 4010 4846 4845 
5604 3494 4613 4847 4754 
5605 832 833 4847 4613 
5606 834 4831 4847 833 
5607 3493 4754 4847 4831 
5608 3407 3577 4848 4490 
5609 3400 4625 4848 3577 
5610 3461 4393 4848 4625 
5611 3484 4490 4848 4393 
5612 3428 4849 4850 4728 
5613 1156 4085 4850 4849 
5614 49 888 4850 4085 
5615 889 4728 4850 888 
5616 3511 4441 4852 4700 
5617 3351 4851 4852 4441 
5618 51 960 4852 4851 
5619 959 4700 4852 960 
5620 50 4853 4854 922 
5621 3350 4752 4854 4853 
5622 3493 4830 4854 4752 
5623 923 922 4854 4830 
5624 3301 4855 4856 3899 
5625 3433 3610 4856 4855 
5626 3331 3886 4856 3610 
5627 1339 3899 4856 3886 
5628 1141 1142 4857 3941 
5629 73 3750 4857 1142 
5630 3371 4530 4857 3750 
5631 3337 3941 4857 4530 
5632 92 1355 4859 3603 
5633 1356 3584 4859 1355 
5634 3348 4858 4859 3584 
5635 3428 3603 4859 4858 
5636 3441 4839 4860 4712 
5637 3374 3956 4860 4839 
5638 35 796 4860 3956 
5639 795 4712 4860 796 
5640 72 3960 4861 1143 
5641 3375 3550 4861 3960 
5642 908 3590 4861 3550 
5643 1144 1143 4861 3590 
5644 3345 4862 4863 3883 
5645 65 1056 4863 4862 
5646 1057 3980 4863 1056 
5647 3457 3883 4863 3980 
5648 3410 4864 4866 4406 
5649 3475 4659 4866 4864 
5650 3312 4865 4866 4659 
5651 3380 4406 4866 4865 
5652 637 4067 4867 636 
5653 3329 3778 4867 4067 
5654 3456 4463 4867 3778 
5655 21 636 4867 4463 
5656 3401 4666 4868 4374 
5657 3468 3705 4868 4666 
5658 3398 4479 4868 3705 
5659 536 4374 4868 4479 
5660 3456 4646 4869 4462 
5661 3360 3991 4869 4646 
5662 878 879 4869 3991 
5663 44 4462 4869 879 
5664 3353 4337 4870 4200 
5665 3476 4166 4870 4337 
5666 3475 4864 4870 4166 
5667 3410 4200 4870 4864 
5668 720 3787 4872 719 
5669 3478 4570 4872 3787 
5670 3430 4871 4872 4570 
5671 32 719 4872 4871 
5672 3300 4873 4874 3900 
5673 1327 1326 4874 4873 
5674 86 4823 4874 1326 
5675 3408 3900 4874 4823 
5676 3413 4427 4876 4875 
5677 3363 3545 4876 4427 
5678 3434 4575 4876 3545 
5679 3318 4875 4876 4575 
5680 3448 4799 4878 4634 
5681 3317 4877 4878 4799 
5682 7 488 4878 4877 
5683 489 4634 4878 488 
5684 3390 4656 4880 4879 
5685 3477 4384 4880 4656 
5686 1280 1279 4880 4384 
5687 84 4879 4880 1279 
5688 3472 4737 4882 4750 
5689 3367 4881 4882 4737 
5690 683 682 4882 4881 
5691 681 4750 4882 682 
5692 3297 3974 4883 3948 
5693 3451 4004 4883 3974 
5694 26 701 4883 4004 
5695 702 3948 4883 701 
5696 810 811 4884 4382 
5697 40 4749 4884 811 
5698 3418 4785 4884 4749 
5699 3392 4382 4884 4785 
5700 3508 4885 4886 4414 
5701 977 978 4886 4885 
5702 55 3796 4886 978 
5703 3471 4414 4886 3796 
5704 54 4887 4888 967 
5705 3498 3706 4888 4887 
5706 3468 4354 4888 3706 
5707 968 967 4888 4354 
5708 3365 4424 4889 4833 
5709 3453 3573 4889 4424 
5710 781 780 4889 3573 
5711 779 4833 4889 780 
5712 3469 3994 4890 4623 
5713 59 1044 4890 3994 
5714 1043 4072 4890 1044 
5715 3336 4623 4890 4072 
5716 3357 3730 4891 3560 
5717 93 1352 4891 3730 
5718 1353 3725 4891 1352 
5719 3458 3560 4891 3725 
5720 3415 4783 4892 4032 
5721 3340 3910 4892 4783 
5722 1126 1127 4892 3910 
5723 66 4032 4892 1127 
5724 1345 1346 4894 4893 
5725 87 3887 4894 1346 
5726 3331 3612 4894 3887 
5727 3435 4893 4894 3612 
5728 3394 3904 4895 3529 
5729 717 4735 4895 3904 
5730 3298 4667 4895 4735 
5731 3401 3529 4895 4667 
5732 3316 4001 4896 4416 
5733 89 1344 4896 4001 
5734 1345 4893 4896 1344 
5735 3435 4416 4896 4893 
5736 3432 4547 4897 4774 
5737 3474 4486 4897 4547 
5738 3505 4812 4897 4486 
5739 738 4774 4897 4812 
5740 714 715 4898 3907 
5741 32 4871 4898 715 
5742 3430 3853 4898 4871 
5743 3305 3907 4898 3853 
5744 3516 4484 4899 4029 
5745 3338 3944 4899 4484 
5746 85 1325 4899 3944 
5747 1324 4029 4899 1325 
5748 16 4708 4900 617 
5749 3476 4339 4900 4708 
5750 3311 3931 4900 4339 
5751 616 617 4900 3931 
5752 1302 1301 4901 4816 
5753 1300 3682 4901 1301 
5754 3517 4845 4901 3682 
5755 3506 4816 4901 4845 
5756 3370 4796 4902 4725 
5757 3359 4531 4902 4796 
5758 1074 1075 4902 4531 
5759 1076 4725 4902 1075 
5760 42 3992 4903 850 
5761 3360 4645 4903 3992 
5762 3417 3677 4903 4645 
5763 851 850 4903 3677 
5764 3300 3902 4904 4873 
5765 3467 4586 4904 3902 
5766 1329 1328 4904 4586 
5767 1327 4873 4904 1328 
5768 83 1276 4905 4706 
5769 1277 3945 4905 1276 
5770 3338 4487 4905 3945 
5771 3474 4706 4905 4487 
5772 28 709 4906 3947 
5773 708 4312 4906 709 
5774 3327 4564 4906 4312 
5775 3297 3947 4906 4564 
5776 3416 3671 4908 4661 
5777 3366 4907 4908 3671 
5778 3489 4684 4908 4907 
5779 3326 4661 4908 4684 
5780 78 1231 4909 3928 
5781 1232 3554 4909 1231 
5782 3380 4865 4909 3554 
5783 3312 3928 4909 4865 
5784 3381 3556 4910 3539 
5785 613 614 4910 3556 
5786 17 3932 4910 614 
5787 3311 3539 4910 3932 
5788 3498 4887 4911 3707 
5789 54 973 4911 4887 
5790 974 4779 4911 973 
5791 3398 3707 4911 4779 
5792 3435 4662 4912 4417 
5793 3326 3982 4912 4662 
5794 58 1045 4912 3982 
5795 1046 4417 4912 1045 
5796 3422 4315 4913 4665 
5797 3328 3819 4913 4315 
5798 3491 4355 4913 3819 
5799 3468 4665 4913 4355 
5800 3315 4792 4914 4467 
5801 3486 3988 4914 4792 
5802 20 639 4914 3988 
5803 22 4467 4914 639 
5804 3318 4577 4915 4875 
5805 79 1248 4915 4577 
5806 1249 4759 4915 1248 
5807 3413 4875 4915 4759 
5808 475 476 4916 4757 
5809 7 4877 4916 476 
5810 3317 4798 4916 4877 
5811 3447 4757 4916 4798 
5812 683 4881 4917 684 
5813 3367 4741 4917 4881 
5814 3373 3935 4917 4741 
5815 685 684 4917 3935 
5816 3344 4567 4918 4038 
5817 848 849 4918 4567 
5818 41 3914 4918 849 
5819 3361 4038 4918 3914 
5820 675 4286 4919 676 
5821 1117 3844 4919 4286 
5822 3378 4183 4919 3844 
5823 677 676 4919 4183 
5824 642 643 4920 3593 
5825 24 3728 4920 643 
5826 3358 3884 4920 3728 
5827 3457 3593 4920 3884 
5828 3489 4907 4921 4685 
5829 3366 4598 4921 4907 
5830 1023 1022 4921 4598 
5831 1021 4685 4921 1022 
5832 1335 4764 4922 1336 
5833 3433 4855 4922 4764 
5834 3301 3898 4922 4855 
5835 1337 1336 4922 3898 
5836 1284 1283 4924 4446 
5837 1282 4386 4924 1283 
5838 3411 4923 4924 4386 
5839 1000 4446 4924 4923 
5840 3349 4670 4925 3528 
5841 756 757 4925 4670 
5842 33 3905 4925 757 
5843 3394 3528 4925 3905 
5844 965 966 4926 4747 
5845 51 4851 4926 966 
5846 3351 4440 4926 4851 
5847 3402 4747 4926 4440 
5848 3350 4853 4927 4753 
5849 50 961 4927 4853 
5850 962 4745 4927 961 
5851 3403 4753 4927 4745 
5852 3507 4429 4928 4611 
5853 3459 4304 4928 4429 
5854 3463 4827 4928 4304 
5855 3467 4611 4928 4827 
5856 1132 4091 4929 1131 
5857 807 3646 4929 4091 
5858 3492 4261 4929 3646 
5859 70 1131 4929 4261 
5860 3442 4459 4930 4781 
5861 886 887 4930 4459 
5862 48 4077 4930 887 
5863 3352 4781 4930 4077 
5864 580 581 4931 3965 
5865 12 3716 4931 581 
5866 3341 4715 4931 3716 
5867 3389 3965 4931 4715 
5868 1274 3963 4932 1273 
5869 3391 4809 4932 3963 
5870 3390 4879 4932 4809 
5871 84 1273 4932 4879 
5872 1088 1089 4933 4019 
5873 65 4862 4933 1089 
5874 3345 4347 4933 4862 
5875 771 4019 4933 4347 
5876 1000 4923 4934 999 
5877 3411 4385 4934 4923 
5878 3477 4655 4934 4385 
5879 998 999 4934 4655 
5880 3414 4640 4935 4260 
5881 3375 3959 4935 4640 
5882 1138 1139 4935 3959 
5883 70 4260 4935 1139 
5884 801 3957 4936 800 
5885 3374 4641 4936 3957 
5886 3414 4262 4936 4641 
5887 37 800 4936 4262 
5888 3339 4548 4937 4062 
5889 3432 4773 4937 4548 
5890 3443 4787 4937 4773 
5891 10 4062 4937 4787 
5892 3428 4858 4938 4849 
5893 3348 4573 4938 4858 
5894 1158 1157 4938 4573 
5895 1156 4849 4938 1157 
5896 3506 4844 4939 4815 
5897 977 4885 4939 4844 
5898 3508 4413 4939 4885 
5899 3382 4815 4939 4413 
5900 3482 4233 4940 4546 
5901 3419 4222 4940 4233 
5902 3406 4705 4940 4222 
5903 3474 4546 4940 4705 
5904 3307 4116 4941 4145 
5905 3384 4409 4941 4116 
5906 3485 3998 4941 4409 
5907 3412 4145 4941 3998 
5908 534 533 4942 4373 
5909 532 4448 4942 533 
5910 3387 4671 4942 4448 
5911 3349 4373 4942 4671 
5912 3501 4366 4943 4392 
5913 3481 4496 4943 4366 
5914 3462 4600 4943 4496 
5915 3484 4392 4943 4600 
5916 3439 4568 4944 4702 
5917 3344 4517 4944 4568 
5918 939 938 4944 4517 
5919 937 4702 4944 938 
5920 3444 4731 4945 4534 
5921 3332 4131 4945 4731 
5922 3460 4241 4945 4131 
5923 3393 4534 4945 4241 
5924 3500 4202 4946 4603 
5925 699 698 4946 4202 
5926 697 4280 4946 698 
5927 830 4603 4946 4280 
5928 3503 4242 4947 4330 
5929 3460 4325 4947 4242 
5930 3514 4265 4947 4325 
5931 3483 4330 4947 4265 
2 3 3 44
5932 1 94 1370 187 
5933 187 1370 1371 188 
5934 188 1371 1372 189 
5935 189 1372 1373 190 
5936 190 1373 1374 191 
5937 191 1374 1375 192 
5938 192 1375 1376 193 
5939 193 1376 1377 194 
5940 194 1377 1378 195 
5941 195 1378 1379 196 
5942 196 1379 1380 197 
5943 197 1380 1381 198 
5944 198 1381 1382 199 
5945 199 1382 1383 200 
5946 200 1383 1384 201 
5947 201 1384 1385 202 
5948 202 1385 1386 203 
5949 203 1386 1387 204 
5950 204 1387 1388 205 
5951 205 1388 1389 206 
5952 206 1389 1390 207 
5953 207 1390 1391 208 
5954 208 1391 1392 209 
5955 209 1392 1393 210 
5956 210 1393 1394 211 
5957 211 1394 1395 212 
5958 212 1395 1396 213 
5959 213 1396 1397 214 
5960 214 1397 1398 215 
5961 215 1398 1399 216 
5962 216 1399 1400 217 
5963 217 1400 1401 218 
5964 218 1401 1402 219 
5965 219 1402 1403 220 
5966 220 1403 1404 221 
5967 221 1404 1405 222 
5968 222 1405 1406 223 
5969 223 1406 1407 224 
5970 224 1407 1408 225 
5971 225 1408 1409 226 
5972 226 1409 1410 227 
5973 227 1410 1411 228 
5974 228 1411 1412 229 
5975 229 1412 95 2 
2 4 3 44
5976 3 96 1413 230 
5977 230 1413 1414 231 
5978 231 1414 1415 232 
5979 232 1415 1416 233 
5980 233 1416 1417 234 
5981 234 1417 1418 235 
5982 235 1418 1419 236 
5983 236 1419 1420 237 
5984 237 1420 1421 238 
5985 238 1421 1422 239 
5986 239 1422 1423 240 
5987 240 1423 1424 241 
5988 241 1424 1425 242 
5989 242 1425 1426 243 
5990 243 1426 1427 244 
5991 244 1427 1428 245 
5992 245 1428 1429 246 
5993 246 1429 1430 247 
5994 247 1430 1431 248 
5995 248 1431 1432 249 
5996 249 1432 1433 250 
5997 250 1433 1434 251 
5998 251 1434 1435 252 
5999 252 1435 1436 253 
6000 253 1436 1437 254 
6001 254 1437 1438 255 
6002 255 1438 1439 256 
6003 256 1439 1440 257 
6004 257 1440 1441 258 
6005 258 1441 1442 259 
6006 259 1442 1443 260 
6007 260 1443 1444 261 
6008 261 1444 1445 262 
6009 262 1445 1446 263 
6010 263 1446 1447 264 
6011 264 1447 1448 265 
6012 265 1448 1449 266 
6013 266 1449 1450 267 
6014 267 1450 1451 268 
6015 268 1451 1452 269 
6016 269 1452 1453 270 
6017 270 1453 1454 271 
6018 271 1454 1455 272 
6019 272 1455 94 1 
2 5 3 44
6020 2 95 1456 273 
6021 273 1456 1457 274 
6022 274 1457 1458 275 
6023 275 1458 1459 276 
6024 276 1459 1460 277 
6025 277 1460 1461 278 
6026 278 1461 1462 279 
6027 279 1462 1463 280 
6028 280 1463 1464 281 
6029 281 1464 1465 282 
6030 282 1465 1466 283 
6031 283 1466 1467 284 
6032 284 1467 1468 285 
6033 285 1468 1469 286 
6034 286 1469 1470 287 
6035 287 1470 1471 288 
6036 288 1471 1472 289 
6037 289 1472 1473 290 
6038 290 1473 1474 291 
6039 291 1474 1475 292 
6040 292 1475 1476 293 
6041 293 1476 1477 294 
6042 294 1477 1478 295 
6043 295 1478 1479 296 
6044 296 1479 1480 297 
6045 297 1480 1481 298 
6046 298 1481 1482 299 
6047 299 1482 1483 300 
6048 300 1483 1484 301 
6049 301 1484 1485 302 
6050 302 1485 1486 303 
6051 303 1486 1487 304 
6052 304 1487 1488 305 
6053 305 1488 1489 306 
6054 306 1489 1490 307 
6055 307 1490 1491 308 
6056 308 1491 1492 309 
6057 309 1492 1493 310 
6058 310 1493 1494 311 
6059 311 1494 1495 312 
6060 312 1495 1496 313 
6061 313 1496 1497 314 
6062 314 1497 1498 315 
6063 315 1498 97 4 
2 6 3 44
6064 4 97 1499 316 
6065 316 1499 1500 317 
6066 317 1500 1501 318 
6067 318 1501 1502 319 
6068 319 1502 1503 320 
6069 320 1503 1504 321 
6070 321 1504 1505 322 
6071 322 1505 1506 323 
6072 323 1506 1507 324 
6073 324 1507 1508 325 
6074 325 1508 1509 326 
6075 326 1509 1510 327 
6076 327 1510 1511 328 
6077 328 1511 1512 329 
6078 329 1512 1513 330 
6079 330 1513 1514 331 
6080 331 1514 1515 332 
6081 332 1515 1516 333 
6082 333 1516 1517 334 
6083 334 1517 1518 335 
6084 335 1518 1519 336 
6085 336 1519 1520 337 
6086 337 1520 1521 338 
6087 338 1521 1522 339 
6088 339 1522 1523 340 
6089 340 1523 1524 341 
6090 341 1524 1525 342 
6091 342 1525 1526 343 
6092 343 1526 1527 344 
6093 344 1527 1528 345 
6094 345 1528 1529 346 
6095 346 1529 1530 347 
6096 347 1530 1531 348 
6097 348 1531 1532 349 
6098 349 1532 1533 350 
6099 350 1533 1534 351 
6100 351 1534 1535 352 
6101 352 1535 1536 353 
6102 353 1536 1537 354 
6103 354 1537 1538 355 
6104 355 1538 1539 356 
6105 356 1539 1540 357 
6106 357 1540 1541 358 
6107 358 1541 96 3 
2 8 3 886
6224 5057 5093 5094 5091 
6225 5068 5091 5094 5092 
6226 5081 5092 5094 5093 
6227 4992 5097 5098 5095 
6228 1440 5095 5098 5096 
6229 5012 5096 5098 5097 
6230 1589 5101 5102 5099 
6231 5021 5099 5102 5100 
6232 5088 5100 5102 5101 
6233 4961 5105 5106 5103 
6234 4948 5103 5106 5104 
6235 5057 5104 5106 5105 
6236 5043 5109 5110 5107 
6237 4966 5107 5110 5108 
6238 5052 5108 5110 5109 
6239 5061 5113 5114 5111 
6240 5027 5111 5114 5112 
6241 5068 5112 5114 5113 
6242 4985 5117 5118 5115 
6243 4991 5115 5118 5116 
6244 5067 5116 5118 5117 
6245 5071 5121 5122 5119 
6246 4960 5119 5122 5120 
6247 5088 5120 5122 5121 
6248 4975 5125 5126 5123 
6249 5026 5123 5126 5124 
6250 5054 5124 5126 5125 
6251 1633 5128 5129 1634 
6252 1635 1634 5129 5127 
6253 5000 5127 5129 5128 
6254 5073 5132 5133 5130 
6255 5086 5130 5133 5131 
6256 5087 5131 5133 5132 
6257 4975 5136 5137 5134 
6258 4974 5134 5137 5135 
6259 5029 5135 5137 5136 
6260 1547 5139 5140 1548 
6261 1549 1548 5140 5138 
6262 4983 5138 5140 5139 
6263 1434 5142 5143 1435 
6264 1436 1435 5143 5141 
6265 5017 5141 5143 5142 
6266 1469 5145 5146 1470 
6267 1471 1470 5146 5144 
6268 5059 5144 5146 5145 
6269 1475 5148 5149 1476 
6270 1477 1476 5149 5147 
6271 5018 5147 5149 5148 
6272 4976 5152 5153 5150 
6273 5033 5150 5153 5151 
6274 5051 5151 5153 5152 
6275 4971 5156 5157 5154 
6276 4979 5154 5157 5155 
6277 5056 5155 5157 5156 
6278 4984 5160 5161 5158 
6279 1577 5158 5161 5159 
6280 5005 5159 5161 5160 
6281 5034 5164 5165 5162 
6282 4973 5162 5165 5163 
6283 5061 5163 5165 5164 
6284 5071 5168 5169 5166 
6285 5078 5166 5169 5167 
6286 5090 5167 5169 5168 
6287 5072 5172 5173 5170 
6288 5080 5170 5173 5171 
6289 5084 5171 5173 5172 
6290 1430 1429 5177 5174 
6291 5011 5174 5177 5175 
6292 5000 5175 5177 5176 
6293 1428 5176 5177 1429 
6294 4976 5180 5181 5178 
6295 4954 5178 5181 5179 
6296 1461 5179 5181 1462 
6297 1463 1462 5181 5180 
6298 1457 1456 5184 5182 
6299 4996 5182 5184 5183 
6300 1411 5183 5184 1412 
6301 95 1412 5184 1456 
6302 4999 5187 5188 5185 
6303 4997 5185 5188 5186 
6304 1495 5186 5188 1496 
6305 1497 1496 5188 5187 
6306 1500 1499 5190 5189 
6307 4999 5189 5190 5187 
6308 1497 5187 5190 1498 
6309 97 1498 5190 1499 
6310 1432 1431 5193 5191 
6311 5019 5191 5193 5192 
6312 5011 5192 5193 5174 
6313 1430 5174 5193 1431 
6314 1428 1427 5196 5176 
6315 5000 5176 5196 5194 
6316 4969 5194 5196 5195 
6317 1426 5195 5196 1427 
6318 1383 1382 5200 5197 
6319 4977 5197 5200 5198 
6320 4982 5198 5200 5199 
6321 1381 5199 5200 1382 
6322 4995 5203 5204 5201 
6323 4998 5201 5204 5202 
6324 1371 5202 5204 1372 
6325 1373 1372 5204 5203 
6326 1536 1535 5208 5205 
6327 4950 5205 5208 5206 
6328 4973 5206 5208 5207 
6329 1534 5207 5208 1535 
6330 4969 5195 5211 5209 
6331 4980 5209 5211 5210 
6332 1424 5210 5211 1425 
6333 1426 1425 5211 5195 
6334 4980 5210 5214 5212 
6335 4981 5212 5214 5213 
6336 1422 5213 5214 1423 
6337 1424 1423 5214 5210 
6338 4986 5217 5218 5215 
6339 4987 5215 5218 5216 
6340 1508 5216 5218 1509 
6341 1510 1509 5218 5217 
6342 94 1455 5220 1370 
6343 1371 1370 5220 5202 
6344 4998 5202 5220 5219 
6345 1454 5219 5220 1455 
6346 1414 1413 5223 5221 
6347 4994 5221 5223 5222 
6348 1540 5222 5223 1541 
6349 96 1541 5223 1413 
6350 4965 5226 5227 5224 
6351 4978 5224 5227 5225 
6352 1401 5225 5227 1402 
6353 1403 1402 5227 5226 
6354 4953 5230 5231 5228 
6355 4974 5228 5231 5229 
6356 1448 5229 5231 1449 
6357 1450 1449 5231 5230 
6358 1487 1486 5234 5232 
6359 4979 5232 5234 5154 
6360 4971 5154 5234 5233 
6361 1485 5233 5234 1486 
6362 4974 5229 5236 5134 
6363 4975 5134 5236 5235 
6364 1446 5235 5236 1447 
6365 1448 1447 5236 5229 
6366 5072 5240 5241 5237 
6367 4949 5237 5241 5238 
6368 5031 5238 5241 5239 
6369 5089 5239 5241 5240 
6370 5077 5245 5246 5242 
6371 4995 5242 5246 5243 
6372 5038 5243 5246 5244 
6373 5087 5244 5246 5245 
6374 5075 5250 5251 5247 
6375 4955 5247 5251 5248 
6376 5037 5248 5251 5249 
6377 5085 5249 5251 5250 
6378 1483 5253 5254 1484 
6379 1485 1484 5254 5233 
6380 4971 5233 5254 5252 
6381 5042 5252 5254 5253 
6382 1538 5256 5257 1539 
6383 1540 1539 5257 5222 
6384 4994 5222 5257 5255 
6385 5036 5255 5257 5256 
6386 1452 5259 5260 1453 
6387 1454 1453 5260 5219 
6388 4998 5219 5260 5258 
6389 5048 5258 5260 5259 
6390 1512 5263 5264 1513 
6391 1514 1513 5264 5261 
6392 5024 5261 5264 5262 
6393 5066 5262 5264 5263 
6394 1493 5266 5267 1494 
6395 1495 1494 5267 5186 
6396 4997 5186 5267 5265 
6397 5037 5265 5267 5266 
6398 1459 5269 5270 1460 
6399 1461 1460 5270 5179 
6400 4954 5179 5270 5268 
6401 5040 5268 5270 5269 
6402 1416 5273 5274 1417 
6403 1418 1417 5274 5271 
6404 4962 5271 5274 5272 
6405 5039 5272 5274 5273 
6406 1375 5277 5278 1376 
6407 1377 1376 5278 5275 
6408 4951 5275 5278 5276 
6409 5038 5276 5278 5277 
6410 1502 5281 5282 1503 
6411 1504 1503 5282 5279 
6412 4958 5279 5282 5280 
6413 5041 5280 5282 5281 
6414 1409 5284 5285 1410 
6415 1411 1410 5285 5183 
6416 4996 5183 5285 5283 
6417 5035 5283 5285 5284 
6418 1379 5287 5288 1380 
6419 1381 1380 5288 5199 
6420 4982 5199 5288 5286 
6421 5043 5286 5288 5287 
6422 1506 5290 5291 1507 
6423 1508 1507 5291 5216 
6424 4987 5216 5291 5289 
6425 5046 5289 5291 5290 
6426 1420 5293 5294 1421 
6427 1422 1421 5294 5213 
6428 4981 5213 5294 5292 
6429 5045 5292 5294 5293 
6430 1405 5297 5298 1406 
6431 1407 1406 5298 5295 
6432 4952 5295 5298 5296 
6433 5047 5296 5298 5297 
6434 1489 5301 5302 1490 
6435 1491 1490 5302 5299 
6436 4955 5299 5302 5300 
6437 5044 5300 5302 5301 
6438 1532 5303 5304 1533 
6439 1534 1533 5304 5207 
6440 4973 5207 5304 5162 
6441 5034 5162 5304 5303 
6442 4964 5307 5308 5305 
6443 1551 5305 5308 1552 
6444 1553 1552 5308 5306 
6445 5065 5306 5308 5307 
6446 1637 5311 5312 1638 
6447 1639 1638 5312 5309 
6448 4961 5309 5312 5310 
6449 5058 5310 5312 5311 
6450 4949 5238 5315 5313 
6451 1555 5313 5315 1556 
6452 1557 1556 5315 5314 
6453 5031 5314 5315 5238 
6454 4963 5318 5319 5316 
6455 1645 5316 5319 1646 
6456 1647 1646 5319 5317 
6457 5032 5317 5319 5318 
6458 4988 5322 5323 5320 
6459 1651 5320 5323 1652 
6460 1653 1652 5323 5321 
6461 5053 5321 5323 5322 
6462 4997 5265 5326 5324 
6463 5076 5324 5326 5325 
6464 5085 5325 5326 5249 
6465 5037 5249 5326 5265 
6466 5070 5328 5329 5327 
6467 5029 5327 5329 5135 
6468 4974 5135 5329 5228 
6469 4953 5228 5329 5328 
6470 4986 5330 5331 5217 
6471 1510 5217 5331 1511 
6472 1512 1511 5331 5263 
6473 5066 5263 5331 5330 
6474 4965 5332 5333 5226 
6475 1403 5226 5333 1404 
6476 1405 1404 5333 5297 
6477 5047 5297 5333 5332 
6478 5022 5335 5336 5334 
6479 1530 5334 5336 1531 
6480 1532 1531 5336 5303 
6481 5034 5303 5336 5335 
6482 4995 5243 5337 5203 
6483 1373 5203 5337 1374 
6484 1375 1374 5337 5277 
6485 5038 5277 5337 5243 
6486 4996 5338 5339 5182 
6487 1457 5182 5339 1458 
6488 1459 1458 5339 5269 
6489 5040 5269 5339 5338 
6490 4994 5340 5341 5221 
6491 1414 5221 5341 1415 
6492 1416 1415 5341 5273 
6493 5039 5273 5341 5340 
6494 4962 5342 5343 5271 
6495 1418 5271 5343 1419 
6496 1420 1419 5343 5293 
6497 5045 5293 5343 5342 
6498 4952 5344 5345 5295 
6499 1407 5295 5345 1408 
6500 1409 1408 5345 5284 
6501 5035 5284 5345 5344 
6502 1399 5347 5348 1400 
6503 1401 1400 5348 5225 
6504 4978 5225 5348 5346 
6505 5067 5346 5348 5347 
6506 4979 5349 5350 5232 
6507 1487 5232 5350 1488 
6508 1489 1488 5350 5301 
6509 5044 5301 5350 5349 
6510 4999 5351 5352 5189 
6511 1500 5189 5352 1501 
6512 1502 1501 5352 5281 
6513 5041 5281 5352 5351 
6514 4958 5353 5354 5279 
6515 1504 5279 5354 1505 
6516 1506 1505 5354 5290 
6517 5046 5290 5354 5353 
6518 4951 5355 5356 5275 
6519 1377 5275 5356 1378 
6520 1379 1378 5356 5287 
6521 5043 5287 5356 5355 
6522 4950 5357 5358 5205 
6523 1536 5205 5358 1537 
6524 1538 1537 5358 5256 
6525 5036 5256 5358 5357 
6526 4953 5359 5360 5230 
6527 1450 5230 5360 1451 
6528 1452 1451 5360 5259 
6529 5048 5259 5360 5359 
6530 5001 5362 5363 5361 
6531 1481 5361 5363 1482 
6532 1483 1482 5363 5253 
6533 5042 5253 5363 5362 
6534 4955 5248 5364 5299 
6535 1491 5299 5364 1492 
6536 1493 1492 5364 5266 
6537 5037 5266 5364 5248 
6538 4999 5185 5366 5351 
6539 5041 5351 5366 5365 
6540 5076 5365 5366 5324 
6541 4997 5324 5366 5185 
6542 5002 5370 5371 5367 
6543 5083 5367 5371 5368 
6544 5086 5368 5371 5369 
6545 5050 5369 5371 5370 
6546 5082 5375 5376 5372 
6547 5003 5372 5376 5373 
6548 5049 5373 5376 5374 
6549 5090 5374 5376 5375 
6550 1615 1614 5379 5377 
6551 5002 5377 5379 5370 
6552 5050 5370 5379 5378 
6553 1613 5378 5379 1614 
6554 5048 5380 5381 5258 
6555 4998 5258 5381 5201 
6556 4995 5201 5381 5242 
6557 5077 5242 5381 5380 
6558 5003 5373 5384 5382 
6559 1583 5382 5384 1584 
6560 1585 1584 5384 5383 
6561 5049 5383 5384 5373 
6562 5017 5387 5388 5385 
6563 1627 5385 5388 1628 
6564 1629 1628 5388 5386 
6565 5069 5386 5388 5387 
6566 1446 1445 5390 5235 
6567 4975 5235 5390 5125 
6568 5054 5125 5390 5389 
6569 1444 5389 5390 1445 
6570 5049 5374 5392 5391 
6571 4960 5391 5392 5119 
6572 5071 5119 5392 5168 
6573 5090 5168 5392 5374 
6574 5027 5112 5395 5393 
6575 5074 5393 5395 5394 
6576 5081 5394 5395 5092 
6577 5068 5092 5395 5112 
6578 5061 5111 5397 5163 
6579 4973 5163 5397 5206 
6580 4950 5206 5397 5396 
6581 5027 5396 5397 5111 
6582 5035 5399 5400 5283 
6583 4996 5283 5400 5338 
6584 5040 5338 5400 5398 
6585 5079 5398 5400 5399 
6586 5047 5402 5403 5296 
6587 4952 5296 5403 5401 
6588 5078 5401 5403 5166 
6589 5071 5166 5403 5402 
6590 5040 5398 5406 5268 
6591 4954 5268 5406 5404 
6592 5030 5404 5406 5405 
6593 5079 5405 5406 5398 
6594 1557 5314 5409 1558 
6595 1559 1558 5409 5407 
6596 4967 5407 5409 5408 
6597 5031 5408 5409 5314 
6598 1647 5317 5412 1648 
6599 1649 1648 5412 5410 
6600 4972 5410 5412 5411 
6601 5032 5411 5412 5317 
6602 1653 5321 5415 1654 
6603 1655 1654 5415 5413 
6604 5008 5413 5415 5414 
6605 5053 5414 5415 5321 
6606 5076 5417 5418 5365 
6607 5041 5365 5418 5280 
6608 4958 5280 5418 5416 
6609 5080 5416 5418 5417 
6610 4948 5421 5422 5419 
6611 1641 5419 5422 1642 
6612 1643 1642 5422 5420 
6613 4959 5420 5422 5421 
6614 5065 5423 5424 5306 
6615 1553 5306 5424 1554 
6616 1555 1554 5424 5313 
6617 4949 5313 5424 5423 
6618 4959 5425 5426 5420 
6619 1643 5420 5426 1644 
6620 1645 1644 5426 5316 
6621 4963 5316 5426 5425 
6622 4983 5427 5428 5138 
6623 1549 5138 5428 1550 
6624 1551 1550 5428 5305 
6625 4964 5305 5428 5427 
6626 1543 5431 5432 1544 
6627 1545 1544 5432 5429 
6628 4989 5429 5432 5430 
6629 5016 5430 5432 5431 
6630 4961 5103 5433 5309 
6631 1639 5309 5433 1640 
6632 1641 1640 5433 5419 
6633 4948 5419 5433 5103 
6634 4972 5434 5435 5410 
6635 1649 5410 5435 1650 
6636 1651 1650 5435 5320 
6637 4988 5320 5435 5434 
6638 4953 5328 5437 5359 
6639 5048 5359 5437 5380 
6640 5077 5380 5437 5436 
6641 5070 5436 5437 5328 
6642 5063 5439 5440 5438 
6643 5008 5438 5440 5413 
6644 1655 5413 5440 1656 
6645 98 1656 5440 5439 
6646 5027 5393 5442 5396 
6647 4950 5396 5442 5357 
6648 5036 5357 5442 5441 
6649 5074 5441 5442 5393 
6650 5036 5441 5444 5255 
6651 4994 5255 5444 5340 
6652 5039 5340 5444 5443 
6653 5074 5443 5444 5441 
6654 1395 1394 5448 5445 
6655 5007 5445 5448 5446 
6656 5015 5446 5448 5447 
6657 1393 5447 5448 1394 
6658 5014 5451 5452 5449 
6659 5006 5449 5452 5450 
6660 1387 5450 5452 1388 
6661 1389 1388 5452 5451 
6662 5057 5454 5455 5093 
6663 5081 5093 5455 5453 
6664 4962 5453 5455 5342 
6665 5045 5342 5455 5454 
6666 4968 5457 5458 5456 
6667 1442 5456 5458 1443 
6668 1444 1443 5458 5389 
6669 5054 5389 5458 5457 
6670 4967 5460 5461 5407 
6671 1559 5407 5461 1560 
6672 1561 1560 5461 5459 
6673 5056 5459 5461 5460 
6674 5074 5394 5462 5443 
6675 5039 5443 5462 5272 
6676 4962 5272 5462 5453 
6677 5081 5453 5462 5394 
6678 5073 5130 5465 5463 
6679 5004 5463 5465 5464 
6680 5050 5464 5465 5369 
6681 5086 5369 5465 5130 
6682 1397 1396 5468 5466 
6683 4991 5466 5468 5467 
6684 5007 5467 5468 5445 
6685 1395 5445 5468 1396 
6686 5006 5450 5471 5469 
6687 4990 5469 5471 5470 
6688 1385 5470 5471 1386 
6689 1387 1386 5471 5450 
6690 4960 5472 5473 5391 
6691 5049 5391 5473 5383 
6692 1585 5383 5473 1586 
6693 1587 1586 5473 5472 
6694 5051 5476 5477 5474 
6695 4957 5474 5477 5475 
6696 5003 5475 5477 5372 
6697 5082 5372 5477 5476 
6698 5004 5464 5479 5478 
6699 1611 5478 5479 1612 
6700 1613 1612 5479 5378 
6701 5050 5378 5479 5464 
6702 4952 5401 5481 5344 
6703 5035 5344 5481 5399 
6704 5079 5399 5481 5480 
6705 5078 5480 5481 5401 
6706 4965 5482 5483 5332 
6707 5047 5332 5483 5402 
6708 5071 5402 5483 5121 
6709 5088 5121 5483 5482 
6710 5010 5486 5487 5484 
6711 5018 5484 5487 5485 
6712 1571 5485 5487 1572 
6713 1573 1572 5487 5486 
6714 1627 1626 5490 5385 
6715 5017 5385 5490 5488 
6716 5009 5488 5490 5489 
6717 1625 5489 5490 1626 
6718 5085 5491 5492 5325 
6719 5076 5325 5492 5417 
6720 5080 5417 5492 5170 
6721 5072 5170 5492 5491 
6722 5086 5131 5494 5493 
6723 5070 5493 5494 5436 
6724 5077 5436 5494 5245 
6725 5087 5245 5494 5131 
6726 5073 5495 5496 5132 
6727 5087 5132 5496 5244 
6728 5038 5244 5496 5276 
6729 4951 5276 5496 5495 
6730 4959 5498 5499 5425 
6731 4963 5425 5499 5497 
6732 5061 5497 5499 5113 
6733 5068 5113 5499 5498 
6734 1397 5466 5500 1398 
6735 1399 1398 5500 5347 
6736 5067 5347 5500 5116 
6737 4991 5116 5500 5466 
6738 98 5439 5502 1542 
6739 1543 1542 5502 5431 
6740 5016 5431 5502 5501 
6741 5063 5501 5502 5439 
6742 4977 5503 5504 5197 
6743 1383 5197 5504 1384 
6744 1385 1384 5504 5470 
6745 4990 5470 5504 5503 
6746 5030 5505 5506 5404 
6747 4954 5404 5506 5178 
6748 4976 5178 5506 5152 
6749 5051 5152 5506 5505 
6750 5059 5145 5509 5507 
6751 4970 5507 5509 5508 
6752 1467 5508 5509 1468 
6753 1469 1468 5509 5145 
6754 1583 1582 5511 5382 
6755 5003 5382 5511 5475 
6756 4957 5475 5511 5510 
6757 1581 5510 5511 1582 
6758 4956 5513 5514 5512 
6759 5002 5512 5514 5377 
6760 1615 5377 5514 1616 
6761 1617 1616 5514 5513 
6762 5088 5101 5515 5120 
6763 4960 5120 5515 5472 
6764 1587 5472 5515 1588 
6765 1589 1588 5515 5101 
6766 1528 1527 5519 5516 
6767 5064 5516 5519 5517 
6768 4988 5517 5519 5518 
6769 1526 5518 5519 1527 
6770 4982 5286 5522 5520 
6771 5023 5520 5522 5521 
6772 4966 5521 5522 5107 
6773 5043 5107 5522 5286 
6774 1530 1529 5524 5334 
6775 5022 5334 5524 5523 
6776 5064 5523 5524 5516 
6777 1528 5516 5524 1529 
6778 5032 5318 5526 5525 
6779 5034 5525 5526 5164 
6780 5061 5164 5526 5497 
6781 4963 5497 5526 5318 
6782 5024 5528 5529 5527 
6783 4989 5527 5529 5429 
6784 1545 5429 5529 1546 
6785 1547 1546 5529 5528 
6786 5016 5501 5532 5530 
6787 1518 5530 5532 1519 
6788 1520 1519 5532 5531 
6789 5063 5531 5532 5501 
6790 4978 5533 5534 5224 
6791 4965 5224 5534 5482 
6792 5088 5482 5534 5100 
6793 5021 5100 5534 5533 
6794 5052 5536 5537 5108 
6795 4966 5108 5537 5535 
6796 5004 5535 5537 5463 
6797 5073 5463 5537 5536 
6798 5057 5105 5539 5454 
6799 5045 5454 5539 5292 
6800 4981 5292 5539 5538 
6801 4961 5538 5539 5105 
6802 5078 5167 5541 5480 
6803 5079 5480 5541 5405 
6804 5030 5405 5541 5540 
6805 5090 5540 5541 5167 
6806 1601 1600 5545 5542 
6807 5014 5542 5545 5543 
6808 5062 5543 5545 5544 
6809 1599 5544 5545 1600 
6810 1597 1596 5548 5546 
6811 5015 5546 5548 5446 
6812 5007 5446 5548 5547 
6813 1595 5547 5548 1596 
6814 5006 5549 5550 5449 
6815 5014 5449 5550 5542 
6816 1601 5542 5550 1602 
6817 1603 1602 5550 5549 
6818 5056 5156 5552 5459 
6819 1561 5459 5552 1562 
6820 1563 1562 5552 5551 
6821 4971 5551 5552 5156 
6822 5058 5555 5556 5553 
6823 4980 5553 5556 5209 
6824 4969 5209 5556 5554 
6825 5055 5554 5556 5555 
6826 1522 1521 5558 5557 
6827 5008 5557 5558 5438 
6828 5063 5438 5558 5531 
6829 1520 5531 5558 1521 
6830 1611 1610 5560 5478 
6831 5004 5478 5560 5535 
6832 4966 5535 5560 5559 
6833 1609 5559 5560 1610 
6834 4987 5563 5564 5215 
6835 4986 5215 5564 5561 
6836 4964 5561 5564 5562 
6837 5028 5562 5564 5563 
6838 4949 5423 5566 5237 
6839 5072 5237 5566 5172 
6840 5084 5172 5566 5565 
6841 5065 5565 5566 5423 
6842 1625 1624 5569 5489 
6843 5009 5489 5569 5567 
6844 4992 5567 5569 5568 
6845 1623 5568 5569 1624 
6846 4993 5571 5572 5570 
6847 5010 5570 5572 5486 
6848 1573 5486 5572 1574 
6849 1575 1574 5572 5571 
6850 4948 5104 5573 5421 
6851 4959 5421 5573 5498 
6852 5068 5498 5573 5091 
6853 5057 5091 5573 5104 
6854 5033 5151 5576 5574 
6855 5025 5574 5576 5575 
6856 4957 5575 5576 5474 
6857 5051 5474 5576 5151 
6858 5067 5117 5578 5346 
6859 4978 5346 5578 5533 
6860 5021 5533 5578 5577 
6861 4985 5577 5578 5117 
6862 5014 5543 5580 5451 
6863 1389 5451 5580 1390 
6864 1391 1390 5580 5579 
6865 5062 5579 5580 5543 
6866 1481 1480 5583 5361 
6867 5001 5361 5583 5581 
6868 5060 5581 5583 5582 
6869 1479 5582 5583 1480 
6870 1581 1580 5585 5510 
6871 4957 5510 5585 5575 
6872 5025 5575 5585 5584 
6873 1579 5584 5585 1580 
6874 5026 5587 5588 5586 
6875 4956 5586 5588 5513 
6876 1617 5513 5588 1618 
6877 1619 1618 5588 5587 
6878 5084 5589 5590 5171 
6879 5080 5171 5590 5416 
6880 4958 5416 5590 5353 
6881 5046 5353 5590 5589 
6882 1440 5096 5592 1441 
6883 1442 1441 5592 5456 
6884 4968 5456 5592 5591 
6885 5012 5591 5592 5096 
6886 1465 1464 5594 5593 
6887 5033 5593 5594 5150 
6888 4976 5150 5594 5180 
6889 1463 5180 5594 1464 
6890 4970 5508 5596 5595 
6891 5033 5595 5596 5593 
6892 1465 5593 5596 1466 
6893 1467 1466 5596 5508 
6894 1391 5579 5598 1392 
6895 1393 1392 5598 5447 
6896 5015 5447 5598 5597 
6897 5062 5597 5598 5579 
6898 1595 1594 5600 5547 
6899 5007 5547 5600 5467 
6900 4991 5467 5600 5599 
6901 1593 5599 5600 1594 
6902 4990 5601 5602 5469 
6903 5006 5469 5602 5549 
6904 1603 5549 5602 1604 
6905 1605 1604 5602 5601 
6906 5044 5604 5605 5300 
6907 4955 5300 5605 5247 
6908 5075 5247 5605 5603 
6909 4967 5603 5605 5604 
6910 5028 5563 5607 5606 
6911 5084 5606 5607 5589 
6912 5046 5589 5607 5289 
6913 4987 5289 5607 5563 
6914 4981 5538 5608 5212 
6915 4980 5212 5608 5553 
6916 5058 5553 5608 5310 
6917 4961 5310 5608 5538 
6918 5029 5610 5611 5609 
6919 5083 5609 5611 5367 
6920 5002 5367 5611 5512 
6921 4956 5512 5611 5610 
6922 4984 5614 5615 5612 
6923 5059 5612 5615 5144 
6924 1471 5144 5615 5613 
6925 4993 5613 5615 5614 
6926 5062 5544 5616 5597 
6927 5015 5597 5616 5546 
6928 1597 5546 5616 1598 
6929 1599 1598 5616 5544 
6930 4970 5595 5619 5617 
6931 5005 5617 5619 5618 
6932 5025 5618 5619 5574 
6933 5033 5574 5619 5595 
6934 1609 1608 5621 5559 
6935 4966 5559 5621 5521 
6936 5023 5521 5621 5620 
6937 1607 5620 5621 1608 
6938 5060 5623 5624 5581 
6939 5001 5581 5624 5622 
6940 1567 5622 5624 1568 
6941 1569 1568 5624 5623 
6942 5008 5414 5626 5557 
6943 1522 5557 5626 1523 
6944 1524 1523 5626 5625 
6945 5053 5625 5626 5414 
6946 4984 5158 5627 5614 
6947 4993 5614 5627 5571 
6948 1575 5571 5627 1576 
6949 1577 1576 5627 5158 
6950 1623 1622 5629 5568 
6951 4992 5568 5629 5097 
6952 5012 5097 5629 5628 
6953 1621 5628 5629 1622 
6954 1516 5630 5631 1517 
6955 1518 1517 5631 5530 
6956 5016 5530 5631 5430 
6957 4989 5430 5631 5630 
6958 5012 5628 5634 5591 
6959 4968 5591 5634 5632 
6960 5013 5632 5634 5633 
6961 1621 5633 5634 5628 
6962 4975 5123 5635 5136 
6963 5029 5136 5635 5610 
6964 4956 5610 5635 5586 
6965 5026 5586 5635 5123 
6966 5055 5636 5637 5554 
6967 4969 5554 5637 5194 
6968 5000 5194 5637 5127 
6969 1635 5127 5637 5636 
6970 5056 5460 5638 5155 
6971 4979 5155 5638 5349 
6972 5044 5349 5638 5604 
6973 4967 5604 5638 5460 
6974 1619 5587 5640 1620 
6975 1621 1620 5640 5633 
6976 5013 5633 5640 5639 
6977 5026 5639 5640 5587 
6978 5005 5618 5641 5159 
6979 1577 5159 5641 1578 
6980 1579 1578 5641 5584 
6981 5025 5584 5641 5618 
6982 1563 5551 5643 1564 
6983 1565 1564 5643 5642 
6984 5042 5642 5643 5252 
6985 4971 5252 5643 5551 
6986 4977 5644 5645 5503 
6987 4990 5503 5645 5601 
6988 1605 5601 5645 1606 
6989 1607 1606 5645 5644 
6990 4989 5630 5646 5527 
6991 5024 5527 5646 5261 
6992 1514 5261 5646 1515 
6993 1516 1515 5646 5630 
6994 4985 5115 5648 5647 
6995 1591 5647 5648 1592 
6996 1593 1592 5648 5599 
6997 4991 5599 5648 5115 
6998 1565 5642 5649 1566 
6999 1567 1566 5649 5622 
7000 5001 5622 5649 5362 
7001 5042 5362 5649 5642 
7002 5011 5175 5651 5650 
7003 1631 5650 5651 1632 
7004 1633 1632 5651 5128 
7005 5000 5128 5651 5175 
7006 5059 5507 5652 5612 
7007 4984 5612 5652 5160 
7008 5005 5160 5652 5617 
7009 4970 5617 5652 5507 
7010 5060 5582 5655 5653 
7011 5020 5653 5655 5654 
7012 1477 5654 5655 1478 
7013 1479 1478 5655 5582 
7014 5066 5656 5657 5262 
7015 5024 5262 5657 5528 
7016 1547 5528 5657 5139 
7017 4983 5139 5657 5656 
7018 5053 5322 5658 5625 
7019 1524 5625 5658 1525 
7020 1526 1525 5658 5518 
7021 4988 5518 5658 5322 
7022 1591 1590 5659 5647 
7023 4985 5647 5659 5577 
7024 5021 5577 5659 5099 
7025 1589 5099 5659 1590 
7026 5069 5387 5661 5660 
7027 1432 5660 5661 1433 
7028 1434 1433 5661 5142 
7029 5017 5142 5661 5387 
7030 1631 1630 5663 5650 
7031 5011 5650 5663 5192 
7032 5019 5192 5663 5662 
7033 1629 5662 5663 1630 
7034 1473 1472 5665 5664 
7035 5010 5664 5665 5570 
7036 4993 5570 5665 5613 
7037 1471 5613 5665 1472 
7038 4992 5095 5667 5567 
7039 5009 5567 5667 5666 
7040 1438 5666 5667 1439 
7041 1440 1439 5667 5095 
7042 5075 5603 5669 5668 
7043 5089 5668 5669 5239 
7044 5031 5239 5669 5408 
7045 4967 5408 5669 5603 
7046 5009 5666 5670 5488 
7047 5017 5488 5670 5141 
7048 1436 5141 5670 1437 
7049 1438 1437 5670 5666 
7050 1475 1474 5671 5148 
7051 5018 5148 5671 5484 
7052 5010 5484 5671 5664 
7053 1473 5664 5671 1474 
7054 5022 5672 5673 5335 
7055 5034 5335 5673 5525 
7056 5032 5525 5673 5411 
7057 4972 5411 5673 5672 
7058 5054 5457 5674 5124 
7059 5026 5124 5674 5639 
7060 5013 5639 5674 5632 
7061 4968 5632 5674 5457 
7062 5023 5620 5675 5520 
7063 4982 5520 5675 5198 
7064 4977 5198 5675 5644 
7065 1607 5644 5675 5620 
7066 5018 5485 5677 5147 
7067 1477 5147 5677 5654 
7068 5020 5654 5677 5676 
7069 1571 5676 5677 5485 
7070 5019 5662 5678 5191 
7071 1432 5191 5678 5660 
7072 5069 5660 5678 5386 
7073 1629 5386 5678 5662 
7074 4986 5561 5679 5330 
7075 5066 5330 5679 5656 
7076 4983 5656 5679 5427 
7077 4964 5427 5679 5561 
7078 1569 5623 5680 1570 
7079 1571 1570 5680 5676 
7080 5020 5676 5680 5653 
7081 5060 5653 5680 5623 
7082 4951 5495 5681 5355 
7083 5043 5355 5681 5109 
7084 5052 5109 5681 5536 
7085 5073 5536 5681 5495 
7086 1637 1636 5682 5311 
7087 5058 5311 5682 5555 
7088 5055 5555 5682 5636 
7089 1635 5636 5682 1636 
7090 5089 5240 5683 5668 
7091 5075 5668 5683 5250 
7092 5085 5250 5683 5491 
7093 5072 5491 5683 5240 
7094 5070 5327 5684 5493 
7095 5086 5493 5684 5368 
7096 5083 5368 5684 5609 
7097 5029 5609 5684 5327 
7098 5064 5517 5685 5523 
7099 5022 5523 5685 5672 
7100 4972 5672 5685 5434 
7101 4988 5434 5685 5517 
7102 5082 5476 5686 5375 
7103 5090 5375 5686 5540 
7104 5030 5540 5686 5505 
7105 5051 5505 5686 5476 
7106 5028 5606 5687 5562 
7107 4964 5562 5687 5307 
7108 5065 5307 5687 5565 
7109 5084 5565 5687 5606 
2 9 3 4
7110 6 99 1657 474 
7111 474 1657 1658 475 
7112 475 1658 1659 476 
7113 476 1659 100 7 
2 10 3 12
7114 6 477 1660 99 
7115 477 478 1661 1660 
7116 478 479 1662 1661 
7117 479 480 1663 1662 
7118 480 481 1664 1663 
7119 481 482 1665 1664 
7120 482 483 1666 1665 
7121 483 484 1667 1666 
7122 484 485 1668 1667 
7123 485 486 1669 1668 
7124 486 487 1670 1669 
7125 487 8 101 1670 
2 11 3 8
7126 7 100 1671 488 
7127 488 1671 1672 489 
7128 489 1672 1673 490 
7129 490 1673 1674 491 
7130 491 1674 1675 492 
7131 492 1675 1676 493 
7132 493 1676 1677 494 
7133 494 1677 102 9 
2 12 3 4
7134 10 103 1678 495 
7135 495 1678 1679 496 
7136 496 1679 1680 497 
7137 497 1680 101 8 
2 13 3 16
7138 9 102 1681 498 
7139 498 1681 1682 499 
7140 499 1682 1683 500 
7141 500 1683 1684 501 
7142 501 1684 1685 502 
7143 502 1685 1686 503 
7144 503 1686 1687 504 
7145 504 1687 1688 505 
7146 505 1688 1689 506 
7147 506 1689 1690 507 
7148 507 1690 1691 508 
7149 508 1691 1692 509 
7150 509 1692 1693 510 
7151 510 1693 1694 511 
7152 511 1694 1695 512 
7153 512 1695 104 11 
2 14 3 48
7154 10 513 1696 103 
7155 513 514 1697 1696 
7156 514 515 1698 1697 
7157 515 516 1699 1698 
7158 516 517 1700 1699 
7159 517 518 1701 1700 
7160 518 519 1702 1701 
7161 519 520 1703 1702 
7162 520 521 1704 1703 
7163 521 522 1705 1704 
7164 522 523 1706 1705 
7165 523 524 1707 1706 
7166 524 525 1708 1707 
7167 525 526 1709 1708 
7168 526 527 1710 1709 
7169 527 528 1711 1710 
7170 528 529 1712 1711 
7171 529 530 1713 1712 
7172 530 531 1714 1713 
7173 531 532 1715 1714 
7174 532 533 1716 1715 
7175 533 534 1717 1716 
7176 534 535 1718 1717 
7177 535 536 1719 1718 
7178 536 537 1720 1719 
7179 537 538 1721 1720 
7180 538 539 1722 1721 
7181 539 540 1723 1722 
7182 540 541 1724 1723 
7183 541 542 1725 1724 
7184 542 543 1726 1725 
7185 543 544 1727 1726 
7186 544 545 1728 1727 
7187 545 546 1729 1728 
7188 546 547 1730 1729 
7189 547 548 1731 1730 
7190 548 549 1732 1731 
7191 549 550 1733 1732 
7192 550 551 1734 1733 
7193 551 552 1735 1734 
7194 552 553 1736 1735 
7195 553 554 1737 1736 
7196 554 555 1738 1737 
7197 555 556 1739 1738 
7198 556 557 1740 1739 
7199 557 558 1741 1740 
7200 558 559 1742 1741 
7201 559 12 105 1742 
2 15 3 20
7202 11 104 1743 560 
7203 560 1743 1744 561 
7204 561 1744 1745 562 
7205 562 1745 1746 563 
7206 563 1746 1747 564 
7207 564 1747 1748 565 
7208 565 1748 1749 566 
7209 566 1749 1750 567 
7210 567 1750 1751 568 
7211 568 1751 1752 569 
7212 569 1752 1753 570 
7213 570 1753 1754 571 
7214 571 1754 1755 572 
7215 572 1755 1756 573 
7216 573 1756 1757 574 
7217 574 1757 1758 575 
7218 575 1758 1759 576 
7219 576 1759 1760 577 
7220 577 1760 1761 578 
7221 578 1761 106 13 
2 16 3 4
7222 14 107 1762 579 
7223 579 1762 1763 580 
7224 580 1763 1764 581 
7225 581 1764 105 12 
2 17 3 16
7226 13 106 1765 582 
7227 582 1765 1766 583 
7228 583 1766 1767 584 
7229 584 1767 1768 585 
7230 585 1768 1769 586 
7231 586 1769 1770 587 
7232 587 1770 1771 588 
7233 588 1771 1772 589 
7234 589 1772 1773 590 
7235 590 1773 1774 591 
7236 591 1774 1775 592 
7237 592 1775 1776 593 
7238 593 1776 1777 594 
7239 594 1777 1778 595 
7240 595 1778 1779 596 
7241 596 1779 108 15 
2 18 3 12
7242 14 597 1780 107 
7243 597 598 1781 1780 
7244 598 599 1782 1781 
7245 599 600 1783 1782 
7246 600 601 1784 1783 
7247 601 602 1785 1784 
7248 602 603 1786 1785 
7249 603 604 1787 1786 
7250 604 605 1788 1787 
7251 605 606 1789 1788 
7252 606 607 1790 1789 
7253 607 16 109 1790 
2 19 3 8
7254 15 108 1791 608 
7255 608 1791 1792 609 
7256 609 1792 1793 610 
7257 610 1793 1794 611 
7258 611 1794 1795 612 
7259 612 1795 1796 613 
7260 613 1796 1797 614 
7261 614 1797 110 17 
2 20 3 4
7262 17 110 1798 615 
7263 615 1798 1799 616 
7264 616 1799 1800 617 
7265 617 1800 109 16 
2 21 3 16
7266 18 618 1801 111 
7267 618 619 1802 1801 
7268 619 620 1803 1802 
7269 620 621 1804 1803 
7270 621 622 1805 1804 
7271 622 623 1806 1805 
7272 623 624 1807 1806 
7273 624 625 1808 1807 
7274 625 626 1809 1808 
7275 626 627 1810 1809 
7276 627 628 1811 1810 
7277 628 629 1812 1811 
7278 629 630 1813 1812 
7279 630 631 1814 1813 
7280 631 632 1815 1814 
7281 632 19 112 1815 
2 22 3 4
7282 18 111 1816 633 
7283 633 1816 1817 634 
7284 634 1817 1818 635 
7285 635 1818 113 20 
2 23 3 4
7286 21 114 1819 636 
7287 636 1819 1820 637 
7288 637 1820 1821 638 
7289 638 1821 112 19 
2 24 3 2
7290 22 639 1822 115 
7291 639 20 113 1822 
2 25 3 2
7292 21 640 1823 114 
7293 640 23 116 1823 
2 26 3 4
7294 22 115 1824 641 
7295 641 1824 1825 642 
7296 642 1825 1826 643 
7297 643 1826 117 24 
2 27 3 4
7298 25 118 1827 644 
7299 644 1827 1828 645 
7300 645 1828 1829 646 
7301 646 1829 116 23 
2 28 3 16
7302 24 117 1830 647 
7303 647 1830 1831 648 
7304 648 1831 1832 649 
7305 649 1832 1833 650 
7306 650 1833 1834 651 
7307 651 1834 1835 652 
7308 652 1835 1836 653 
7309 653 1836 1837 654 
7310 654 1837 1838 655 
7311 655 1838 1839 656 
7312 656 1839 1840 657 
7313 657 1840 1841 658 
7314 658 1841 1842 659 
7315 659 1842 1843 660 
7316 660 1843 1844 661 
7317 661 1844 118 25 
2 29 3 40
7318 26 662 1845 119 
7319 662 663 1846 1845 
7320 663 664 1847 1846 
7321 664 665 1848 1847 
7322 665 666 1849 1848 
7323 666 667 1850 1849 
7324 667 668 1851 1850 
7325 668 669 1852 1851 
7326 669 670 1853 1852 
7327 670 671 1854 1853 
7328 671 672 1855 1854 
7329 672 673 1856 1855 
7330 673 674 1857 1856 
7331 674 675 1858 1857 
7332 675 676 1859 1858 
7333 676 677 1860 1859 
7334 677 678 1861 1860 
7335 678 679 1862 1861 
7336 679 680 1863 1862 
7337 680 681 1864 1863 
7338 681 682 1865 1864 
7339 682 683 1866 1865 
7340 683 684 1867 1866 
7341 684 685 1868 1867 
7342 685 686 1869 1868 
7343 686 687 1870 1869 
7344 687 688 1871 1870 
7345 688 689 1872 1871 
7346 689 690 1873 1872 
7347 690 691 1874 1873 
7348 691 692 1875 1874 
7349 692 693 1876 1875 
7350 693 694 1877 1876 
7351 694 695 1878 1877 
7352 695 696 1879 1878 
7353 696 697 1880 1879 
7354 697 698 1881 1880 
7355 698 699 1882 1881 
7356 699 700 1883 1882 
7357 700 27 120 1883 
2 30 3 4
7358 26 119 1884 701 
7359 701 1884 1885 702 
7360 702 1885 1886 703 
7361 703 1886 121 28 
2 31 3 4
7362 29 122 1887 704 
7363 704 1887 1888 705 
7364 705 1888 1889 706 
7365 706 1889 120 27 
2 32 3 4
7366 30 707 1890 123 
7367 707 708 1891 1890 
7368 708 709 1892 1891 
7369 709 28 121 1892 
2 33 3 4
7370 29 710 1893 122 
7371 710 711 1894 1893 
7372 711 712 1895 1894 
7373 712 31 124 1895 
2 34 3 4
7374 30 123 1896 713 
7375 713 1896 1897 714 
7376 714 1897 1898 715 
7377 715 1898 125 32 
2 35 3 4
7378 33 126 1899 716 
7379 716 1899 1900 717 
7380 717 1900 1901 718 
7381 718 1901 124 31 
2 36 3 40
7382 32 125 1902 719 
7383 719 1902 1903 720 
7384 720 1903 1904 721 
7385 721 1904 1905 722 
7386 722 1905 1906 723 
7387 723 1906 1907 724 
7388 724 1907 1908 725 
7389 725 1908 1909 726 
7390 726 1909 1910 727 
7391 727 1910 1911 728 
7392 728 1911 1912 729 
7393 729 1912 1913 730 
7394 730 1913 1914 731 
7395 731 1914 1915 732 
7396 732 1915 1916 733 
7397 733 1916 1917 734 
7398 734 1917 1918 735 
7399 735 1918 1919 736 
7400 736 1919 1920 737 
7401 737 1920 1921 738 
7402 738 1921 1922 739 
7403 739 1922 1923 740 
7404 740 1923 1924 741 
7405 741 1924 1925 742 
7406 742 1925 1926 743 
7407 743 1926 1927 744 
7408 744 1927 1928 745 
7409 745 1928 1929 746 
7410 746 1929 1930 747 
7411 747 1930 1931 748 
7412 748 1931 1932 749 
7413 749 1932 1933 750 
7414 750 1933 1934 751 
7415 751 1934 1935 752 
7416 752 1935 1936 753 
7417 753 1936 1937 754 
7418 754 1937 1938 755 
7419 755 1938 1939 756 
7420 756 1939 1940 757 
7421 757 1940 126 33 
2 37 3 40
7422 34 758 1941 127 
7423 758 759 1942 1941 
7424 759 760 1943 1942 
7425 760 761 1944 1943 
7426 761 762 1945 1944 
7427 762 763 1946 1945 
7428 763 764 1947 1946 
7429 764 765 1948 1947 
7430 765 766 1949 1948 
7431 766 767 1950 1949 
7432 767 768 1951 1950 
7433 768 769 1952 1951 
7434 769 770 1953 1952 
7435 770 771 1954 1953 
7436 771 772 1955 1954 
7437 772 773 1956 1955 
7438 773 774 1957 1956 
7439 774 775 1958 1957 
7440 775 776 1959 1958 
7441 776 777 1960 1959 
7442 777 778 1961 1960 
7443 778 779 1962 1961 
7444 779 780 1963 1962 
7445 780 781 1964 1963 
7446 781 782 1965 1964 
7447 782 783 1966 1965 
7448 783 784 1967 1966 
7449 784 785 1968 1967 
7450 785 786 1969 1968 
7451 786 787 1970 1969 
7452 787 788 1971 1970 
7453 788 789 1972 1971 
7454 789 790 1973 1972 
7455 790 791 1974 1973 
7456 791 792 1975 1974 
7457 792 793 1976 1975 
7458 793 794 1977 1976 
7459 794 795 1978 1977 
7460 795 796 1979 1978 
7461 796 35 128 1979 
2 38 3 4
7462 34 127 1980 797 
7463 797 1980 1981 798 
7464 798 1981 1982 799 
7465 799 1982 129 36 
2 39 3 4
7466 37 130 1983 800 
7467 800 1983 1984 801 
7468 801 1984 1985 802 
7469 802 1985 128 35 
2 40 3 4
7470 36 129 1986 803 
7471 803 1986 1987 804 
7472 804 1987 1988 805 
7473 805 1988 131 38 
2 41 3 4
7474 39 132 1989 806 
7475 806 1989 1990 807 
7476 807 1990 1991 808 
7477 808 1991 130 37 
2 42 3 4
7478 38 131 1992 809 
7479 809 1992 1993 810 
7480 810 1993 1994 811 
7481 811 1994 133 40 
2 43 3 4
7482 41 134 1995 812 
7483 812 1995 1996 813 
7484 813 1996 1997 814 
7485 814 1997 132 39 
2 44 3 36
7486 40 133 1998 815 
7487 815 1998 1999 816 
7488 816 1999 2000 817 
7489 817 2000 2001 818 
7490 818 2001 2002 819 
7491 819 2002 2003 820 
7492 820 2003 2004 821 
7493 821 2004 2005 822 
7494 822 2005 2006 823 
7495 823 2006 2007 824 
7496 824 2007 2008 825 
7497 825 2008 2009 826 
7498 826 2009 2010 827 
7499 827 2010 2011 828 
7500 828 2011 2012 829 
7501 829 2012 2013 830 
7502 830 2013 2014 831 
7503 831 2014 2015 832 
7504 832 2015 2016 833 
7505 833 2016 2017 834 
7506 834 2017 2018 835 
7507 835 2018 2019 836 
7508 836 2019 2020 837 
7509 837 2020 2021 838 
7510 838 2021 2022 839 
7511 839 2022 2023 840 
7512 840 2023 2024 841 
7513 841 2024 2025 842 
7514 842 2025 2026 843 
7515 843 2026 2027 844 
7516 844 2027 2028 845 
7517 845 2028 2029 846 
7518 846 2029 2030 847 
7519 847 2030 2031 848 
7520 848 2031 2032 849 
7521 849 2032 134 41 
2 45 3 28
7522 42 850 2033 135 
7523 850 851 2034 2033 
7524 851 852 2035 2034 
7525 852 853 2036 2035 
7526 853 854 2037 2036 
7527 854 855 2038 2037 
7528 855 856 2039 2038 
7529 856 857 2040 2039 
7530 857 858 2041 2040 
7531 858 859 2042 2041 
7532 859 860 2043 2042 
7533 860 861 2044 2043 
7534 861 862 2045 2044 
7535 862 863 2046 2045 
7536 863 864 2047 2046 
7537 864 865 2048 2047 
7538 865 866 2049 2048 
7539 866 867 2050 2049 
7540 867 868 2051 2050 
7541 868 869 2052 2051 
7542 869 870 2053 2052 
7543 870 871 2054 2053 
7544 871 872 2055 2054 
7545 872 873 2056 2055 
7546 873 874 2057 2056 
7547 874 875 2058 2057 
7548 875 876 2059 2058 
7549 876 43 136 2059 
2 46 3 4
7550 42 135 2060 877 
7551 877 2060 2061 878 
7552 878 2061 2062 879 
7553 879 2062 137 44 
2 47 3 4
7554 45 138 2063 880 
7555 880 2063 2064 881 
7556 881 2064 2065 882 
7557 882 2065 136 43 
2 48 3 2
7558 46 883 2066 139 
7559 883 44 137 2066 
2 49 3 2
7560 45 884 2067 138 
7561 884 47 140 2067 
2 50 3 4
7562 46 139 2068 885 
7563 885 2068 2069 886 
7564 886 2069 2070 887 
7565 887 2070 141 48 
2 51 3 4
7566 49 142 2071 888 
7567 888 2071 2072 889 
7568 889 2072 2073 890 
7569 890 2073 140 47 
2 52 3 32
7570 48 141 2074 891 
7571 891 2074 2075 892 
7572 892 2075 2076 893 
7573 893 2076 2077 894 
7574 894 2077 2078 895 
7575 895 2078 2079 896 
7576 896 2079 2080 897 
7577 897 2080 2081 898 
7578 898 2081 2082 899 
7579 899 2082 2083 900 
7580 900 2083 2084 901 
7581 901 2084 2085 902 
7582 902 2085 2086 903 
7583 903 2086 2087 904 
7584 904 2087 2088 905 
7585 905 2088 2089 906 
7586 906 2089 2090 907 
7587 907 2090 2091 908 
7588 908 2091 2092 909 
7589 909 2092 2093 910 
7590 910 2093 2094 911 
7591 911 2094 2095 912 
7592 912 2095 2096 913 
7593 913 2096 2097 914 
7594 914 2097 2098 915 
7595 915 2098 2099 916 
7596 916 2099 2100 917 
7597 917 2100 2101 918 
7598 918 2101 2102 919 
7599 919 2102 2103 920 
7600 920 2103 2104 921 
7601 921 2104 142 49 
2 53 3 40
7602 50 922 2105 143 
7603 922 923 2106 2105 
7604 923 924 2107 2106 
7605 924 925 2108 2107 
7606 925 926 2109 2108 
7607 926 927 2110 2109 
7608 927 928 2111 2110 
7609 928 929 2112 2111 
7610 929 930 2113 2112 
7611 930 931 2114 2113 
7612 931 932 2115 2114 
7613 932 933 2116 2115 
7614 933 934 2117 2116 
7615 934 935 2118 2117 
7616 935 936 2119 2118 
7617 936 937 2120 2119 
7618 937 938 2121 2120 
7619 938 939 2122 2121 
7620 939 940 2123 2122 
7621 940 941 2124 2123 
7622 941 942 2125 2124 
7623 942 943 2126 2125 
7624 943 944 2127 2126 
7625 944 945 2128 2127 
7626 945 946 2129 2128 
7627 946 947 2130 2129 
7628 947 948 2131 2130 
7629 948 949 2132 2131 
7630 949 950 2133 2132 
7631 950 951 2134 2133 
7632 951 952 2135 2134 
7633 952 953 2136 2135 
7634 953 954 2137 2136 
7635 954 955 2138 2137 
7636 955 956 2139 2138 
7637 956 957 2140 2139 
7638 957 958 2141 2140 
7639 958 959 2142 2141 
7640 959 960 2143 2142 
7641 960 51 144 2143 
2 54 3 4
7642 50 143 2144 961 
7643 961 2144 2145 962 
7644 962 2145 2146 963 
7645 963 2146 145 52 
2 55 3 4
7646 53 146 2147 964 
7647 964 2147 2148 965 
7648 965 2148 2149 966 
7649 966 2149 144 51 
2 56 3 4
7650 54 967 2150 147 
7651 967 968 2151 2150 
7652 968 969 2152 2151 
7653 969 52 145 2152 
2 57 3 4
7654 53 970 2153 146 
7655 970 971 2154 2153 
7656 971 972 2155 2154 
7657 972 55 148 2155 
2 58 3 4
7658 54 147 2156 973 
7659 973 2156 2157 974 
7660 974 2157 2158 975 
7661 975 2158 149 56 
2 59 3 4
7662 57 150 2159 976 
7663 976 2159 2160 977 
7664 977 2160 2161 978 
7665 978 2161 148 55 
2 60 3 40
7666 56 149 2162 979 
7667 979 2162 2163 980 
7668 980 2163 2164 981 
7669 981 2164 2165 982 
7670 982 2165 2166 983 
7671 983 2166 2167 984 
7672 984 2167 2168 985 
7673 985 2168 2169 986 
7674 986 2169 2170 987 
7675 987 2170 2171 988 
7676 988 2171 2172 989 
7677 989 2172 2173 990 
7678 990 2173 2174 991 
7679 991 2174 2175 992 
7680 992 2175 2176 993 
7681 993 2176 2177 994 
7682 994 2177 2178 995 
7683 995 2178 2179 996 
7684 996 2179 2180 997 
7685 997 2180 2181 998 
7686 998 2181 2182 999 
7687 999 2182 2183 1000 
7688 1000 2183 2184 1001 
7689 1001 2184 2185 1002 
7690 1002 2185 2186 1003 
7691 1003 2186 2187 1004 
7692 1004 2187 2188 1005 
7693 1005 2188 2189 1006 
7694 1006 2189 2190 1007 
7695 1007 2190 2191 1008 
7696 1008 2191 2192 1009 
7697 1009 2192 2193 1010 
7698 1010 2193 2194 1011 
7699 1011 2194 2195 1012 
7700 1012 2195 2196 1013 
7701 1013 2196 2197 1014 
7702 1014 2197 2198 1015 
7703 1015 2198 2199 1016 
7704 1016 2199 2200 1017 
7705 1017 2200 150 57 
2 61 3 28
7706 58 1018 2201 151 
7707 1018 1019 2202 2201 
7708 1019 1020 2203 2202 
7709 1020 1021 2204 2203 
7710 1021 1022 2205 2204 
7711 1022 1023 2206 2205 
7712 1023 1024 2207 2206 
7713 1024 1025 2208 2207 
7714 1025 1026 2209 2208 
7715 1026 1027 2210 2209 
7716 1027 1028 2211 2210 
7717 1028 1029 2212 2211 
7718 1029 1030 2213 2212 
7719 1030 1031 2214 2213 
7720 1031 1032 2215 2214 
7721 1032 1033 2216 2215 
7722 1033 1034 2217 2216 
7723 1034 1035 2218 2217 
7724 1035 1036 2219 2218 
7725 1036 1037 2220 2219 
7726 1037 1038 2221 2220 
7727 1038 1039 2222 2221 
7728 1039 1040 2223 2222 
7729 1040 1041 2224 2223 
7730 1041 1042 2225 2224 
7731 1042 1043 2226 2225 
7732 1043 1044 2227 2226 
7733 1044 59 152 2227 
2 62 3 4
7734 58 151 2228 1045 
7735 1045 2228 2229 1046 
7736 1046 2229 2230 1047 
7737 1047 2230 153 60 
2 63 3 4
7738 61 154 2231 1048 
7739 1048 2231 2232 1049 
7740 1049 2232 2233 1050 
7741 1050 2233 152 59 
2 64 3 2
7742 62 1051 2234 155 
7743 1051 60 153 2234 
2 65 3 2
7744 61 1052 2235 154 
7745 1052 63 156 2235 
2 66 3 4
7746 62 155 2236 1053 
7747 1053 2236 2237 1054 
7748 1054 2237 2238 1055 
7749 1055 2238 157 64 
2 67 3 4
7750 65 158 2239 1056 
7751 1056 2239 2240 1057 
7752 1057 2240 2241 1058 
7753 1058 2241 156 63 
2 68 3 32
7754 64 157 2242 1059 
7755 1059 2242 2243 1060 
7756 1060 2243 2244 1061 
7757 1061 2244 2245 1062 
7758 1062 2245 2246 1063 
7759 1063 2246 2247 1064 
7760 1064 2247 2248 1065 
7761 1065 2248 2249 1066 
7762 1066 2249 2250 1067 
7763 1067 2250 2251 1068 
7764 1068 2251 2252 1069 
7765 1069 2252 2253 1070 
7766 1070 2253 2254 1071 
7767 1071 2254 2255 1072 
7768 1072 2255 2256 1073 
7769 1073 2256 2257 1074 
7770 1074 2257 2258 1075 
7771 1075 2258 2259 1076 
7772 1076 2259 2260 1077 
7773 1077 2260 2261 1078 
7774 1078 2261 2262 1079 
7775 1079 2262 2263 1080 
7776 1080 2263 2264 1081 
7777 1081 2264 2265 1082 
7778 1082 2265 2266 1083 
7779 1083 2266 2267 1084 
7780 1084 2267 2268 1085 
7781 1085 2268 2269 1086 
7782 1086 2269 2270 1087 
7783 1087 2270 2271 1088 
7784 1088 2271 2272 1089 
7785 1089 2272 158 65 
2 69 3 36
7786 66 159 2273 1090 
7787 1090 2273 2274 1091 
7788 1091 2274 2275 1092 
7789 1092 2275 2276 1093 
7790 1093 2276 2277 1094 
7791 1094 2277 2278 1095 
7792 1095 2278 2279 1096 
7793 1096 2279 2280 1097 
7794 1097 2280 2281 1098 
7795 1098 2281 2282 1099 
7796 1099 2282 2283 1100 
7797 1100 2283 2284 1101 
7798 1101 2284 2285 1102 
7799 1102 2285 2286 1103 
7800 1103 2286 2287 1104 
7801 1104 2287 2288 1105 
7802 1105 2288 2289 1106 
7803 1106 2289 2290 1107 
7804 1107 2290 2291 1108 
7805 1108 2291 2292 1109 
7806 1109 2292 2293 1110 
7807 1110 2293 2294 1111 
7808 1111 2294 2295 1112 
7809 1112 2295 2296 1113 
7810 1113 2296 2297 1114 
7811 1114 2297 2298 1115 
7812 1115 2298 2299 1116 
7813 1116 2299 2300 1117 
7814 1117 2300 2301 1118 
7815 1118 2301 2302 1119 
7816 1119 2302 2303 1120 
7817 1120 2303 2304 1121 
7818 1121 2304 2305 1122 
7819 1122 2305 2306 1123 
7820 1123 2306 2307 1124 
7821 1124 2307 160 67 
2 70 3 4
7822 68 161 2308 1125 
7823 1125 2308 2309 1126 
7824 1126 2309 2310 1127 
7825 1127 2310 159 66 
2 71 3 4
7826 67 160 2311 1128 
7827 1128 2311 2312 1129 
7828 1129 2312 2313 1130 
7829 1130 2313 162 69 
2 72 3 4
7830 70 163 2314 1131 
7831 1131 2314 2315 1132 
7832 1132 2315 2316 1133 
7833 1133 2316 161 68 
2 73 3 4
7834 69 162 2317 1134 
7835 1134 2317 2318 1135 
7836 1135 2318 2319 1136 
7837 1136 2319 164 71 
2 74 3 4
7838 72 165 2320 1137 
7839 1137 2320 2321 1138 
7840 1138 2321 2322 1139 
7841 1139 2322 163 70 
2 75 3 4
7842 71 164 2323 1140 
7843 1140 2323 2324 1141 
7844 1141 2324 2325 1142 
7845 1142 2325 166 73 
2 76 3 40
7846 72 1143 2326 165 
7847 1143 1144 2327 2326 
7848 1144 1145 2328 2327 
7849 1145 1146 2329 2328 
7850 1146 1147 2330 2329 
7851 1147 1148 2331 2330 
7852 1148 1149 2332 2331 
7853 1149 1150 2333 2332 
7854 1150 1151 2334 2333 
7855 1151 1152 2335 2334 
7856 1152 1153 2336 2335 
7857 1153 1154 2337 2336 
7858 1154 1155 2338 2337 
7859 1155 1156 2339 2338 
7860 1156 1157 2340 2339 
7861 1157 1158 2341 2340 
7862 1158 1159 2342 2341 
7863 1159 1160 2343 2342 
7864 1160 1161 2344 2343 
7865 1161 1162 2345 2344 
7866 1162 1163 2346 2345 
7867 1163 1164 2347 2346 
7868 1164 1165 2348 2347 
7869 1165 1166 2349 2348 
7870 1166 1167 2350 2349 
7871 1167 1168 2351 2350 
7872 1168 1169 2352 2351 
7873 1169 1170 2353 2352 
7874 1170 1171 2354 2353 
7875 1171 1172 2355 2354 
7876 1172 1173 2356 2355 
7877 1173 1174 2357 2356 
7878 1174 1175 2358 2357 
7879 1175 1176 2359 2358 
7880 1176 1177 2360 2359 
7881 1177 1178 2361 2360 
7882 1178 1179 2362 2361 
7883 1179 1180 2363 2362 
7884 1180 1181 2364 2363 
7885 1181 73 166 2364 
2 77 3 20
7886 74 167 2365 1182 
7887 1182 2365 2366 1183 
7888 1183 2366 2367 1184 
7889 1184 2367 2368 1185 
7890 1185 2368 2369 1186 
7891 1186 2369 2370 1187 
7892 1187 2370 2371 1188 
7893 1188 2371 2372 1189 
7894 1189 2372 2373 1190 
7895 1190 2373 2374 1191 
7896 1191 2374 2375 1192 
7897 1192 2375 2376 1193 
7898 1193 2376 2377 1194 
7899 1194 2377 2378 1195 
7900 1195 2378 2379 1196 
7901 1196 2379 2380 1197 
7902 1197 2380 2381 1198 
7903 1198 2381 2382 1199 
7904 1199 2382 2383 1200 
7905 1200 2383 168 75 
2 78 3 16
7906 76 169 2384 1201 
7907 1201 2384 2385 1202 
7908 1202 2385 2386 1203 
7909 1203 2386 2387 1204 
7910 1204 2387 2388 1205 
7911 1205 2388 2389 1206 
7912 1206 2389 2390 1207 
7913 1207 2390 2391 1208 
7914 1208 2391 2392 1209 
7915 1209 2392 2393 1210 
7916 1210 2393 2394 1211 
7917 1211 2394 2395 1212 
7918 1212 2395 2396 1213 
7919 1213 2396 2397 1214 
7920 1214 2397 2398 1215 
7921 1215 2398 167 74 
2 79 3 16
7922 75 168 2399 1216 
7923 1216 2399 2400 1217 
7924 1217 2400 2401 1218 
7925 1218 2401 2402 1219 
7926 1219 2402 2403 1220 
7927 1220 2403 2404 1221 
7928 1221 2404 2405 1222 
7929 1222 2405 2406 1223 
7930 1223 2406 2407 1224 
7931 1224 2407 2408 1225 
7932 1225 2408 2409 1226 
7933 1226 2409 2410 1227 
7934 1227 2410 2411 1228 
7935 1228 2411 2412 1229 
7936 1229 2412 2413 1230 
7937 1230 2413 170 77 
2 80 3 8
7938 78 171 2414 1231 
7939 1231 2414 2415 1232 
7940 1232 2415 2416 1233 
7941 1233 2416 2417 1234 
7942 1234 2417 2418 1235 
7943 1235 2418 2419 1236 
7944 1236 2419 2420 1237 
7945 1237 2420 169 76 
2 81 3 8
7946 77 170 2421 1238 
7947 1238 2421 2422 1239 
7948 1239 2422 2423 1240 
7949 1240 2423 2424 1241 
7950 1241 2424 2425 1242 
7951 1242 2425 2426 1243 
7952 1243 2426 2427 1244 
7953 1244 2427 172 79 
2 82 3 4
7954 80 173 2428 1245 
7955 1245 2428 2429 1246 
7956 1246 2429 2430 1247 
7957 1247 2430 171 78 
2 83 3 4
7958 79 172 2431 1248 
7959 1248 2431 2432 1249 
7960 1249 2432 2433 1250 
7961 1250 2433 174 81 
2 84 3 12
7962 80 1251 2434 173 
7963 1251 1252 2435 2434 
7964 1252 1253 2436 2435 
7965 1253 1254 2437 2436 
7966 1254 1255 2438 2437 
7967 1255 1256 2439 2438 
7968 1256 1257 2440 2439 
7969 1257 1258 2441 2440 
7970 1258 1259 2442 2441 
7971 1259 1260 2443 2442 
7972 1260 1261 2444 2443 
7973 1261 82 175 2444 
2 85 3 12
7974 83 1262 2445 176 
7975 1262 1263 2446 2445 
7976 1263 1264 2447 2446 
7977 1264 1265 2448 2447 
7978 1265 1266 2449 2448 
7979 1266 1267 2450 2449 
7980 1267 1268 2451 2450 
7981 1268 1269 2452 2451 
7982 1269 1270 2453 2452 
7983 1270 1271 2454 2453 
7984 1271 1272 2455 2454 
7985 1272 81 174 2455 
2 86 3 4
7986 84 177 2456 1273 
7987 1273 2456 2457 1274 
7988 1274 2457 2458 1275 
7989 1275 2458 175 82 
2 87 3 4
7990 83 176 2459 1276 
7991 1276 2459 2460 1277 
7992 1277 2460 2461 1278 
7993 1278 2461 178 85 
2 88 3 48
7994 84 1279 2462 177 
7995 1279 1280 2463 2462 
7996 1280 1281 2464 2463 
7997 1281 1282 2465 2464 
7998 1282 1283 2466 2465 
7999 1283 1284 2467 2466 
8000 1284 1285 2468 2467 
8001 1285 1286 2469 2468 
8002 1286 1287 2470 2469 
8003 1287 1288 2471 2470 
8004 1288 1289 2472 2471 
8005 1289 1290 2473 2472 
8006 1290 1291 2474 2473 
8007 1291 1292 2475 2474 
8008 1292 1293 2476 2475 
8009 1293 1294 2477 2476 
8010 1294 1295 2478 2477 
8011 1295 1296 2479 2478 
8012 1296 1297 2480 2479 
8013 1297 1298 2481 2480 
8014 1298 1299 2482 2481 
8015 1299 1300 2483 2482 
8016 1300 1301 2484 2483 
8017 1301 1302 2485 2484 
8018 1302 1303 2486 2485 
8019 1303 1304 2487 2486 
8020 1304 1305 2488 2487 
8021 1305 1306 2489 2488 
8022 1306 1307 2490 2489 
8023 1307 1308 2491 2490 
8024 1308 1309 2492 2491 
8025 1309 1310 2493 2492 
8026 1310 1311 2494 2493 
8027 1311 1312 2495 2494 
8028 1312 1313 2496 2495 
8029 1313 1314 2497 2496 
8030 1314 1315 2498 2497 
8031 1315 1316 2499 2498 
8032 1316 1317 2500 2499 
8033 1317 1318 2501 2500 
8034 1318 1319 2502 2501 
8035 1319 1320 2503 2502 
8036 1320 1321 2504 2503 
8037 1321 1322 2505 2504 
8038 1322 1323 2506 2505 
8039 1323 1324 2507 2506 
8040 1324 1325 2508 2507 
8041 1325 85 178 2508 
2 89 3 16
8042 86 1326 2509 179 
8043 1326 1327 2510 2509 
8044 1327 1328 2511 2510 
8045 1328 1329 2512 2511 
8046 1329 1330 2513 2512 
8047 1330 1331 2514 2513 
8048 1331 1332 2515 2514 
8049 1332 1333 2516 2515 
8050 1333 1334 2517 2516 
8051 1334 1335 2518 2517 
8052 1335 1336 2519 2518 
8053 1336 1337 2520 2519 
8054 1337 1338 2521 2520 
8055 1338 1339 2522 2521 
8056 1339 1340 2523 2522 
8057 1340 87 180 2523 
2 90 3 4
8058 86 179 2524 1341 
8059 1341 2524 2525 1342 
8060 1342 2525 2526 1343 
8061 1343 2526 181 88 
2 91 3 4
8062 89 182 2527 1344 
8063 1344 2527 2528 1345 
8064 1345 2528 2529 1346 
8065 1346 2529 180 87 
2 92 3 2
8066 90 1347 2530 183 
8067 1347 88 181 2530 
2 93 3 2
8068 89 1348 2531 182 
8069 1348 91 184 2531 
2 94 3 4
8070 90 183 2532 1349 
8071 1349 2532 2533 1350 
8072 1350 2533 2534 1351 
8073 1351 2534 185 92 
2 95 3 4
8074 93 186 2535 1352 
8075 1352 2535 2536 1353 
8076 1353 2536 2537 1354 
8077 1354 2537 184 91 
2 96 3 16
8078 92 185 2538 1355 
8079 1355 2538 2539 1356 
8080 1356 2539 2540 1357 
8081 1357 2540 2541 1358 
8082 1358 2541 2542 1359 
8083 1359 2542 2543 1360 
8084 1360 2543 2544 1361 
8085 1361 2544 2545 1362 
8086 1362 2545 2546 1363 
8087 1363 2546 2547 1364 
8088 1364 2547 2548 1365 
8089 1365 2548 2549 1366 
8090 1366 2549 2550 1367 
8091 1367 2550 2551 1368 
8092 1368 2551 2552 1369 
8093 1369 2552 186 93 
2 97 3 2214
8094 5808 5915 5916 5913 
8095 5799 5913 5916 5914 
8096 5842 5914 5916 5915 
8097 2167 2166 5919 5917 
8098 1723 5917 5919 5918 
8099 2165 5918 5919 2166 
8100 111 5921 5922 1816 
8101 1817 1816 5922 5920 
8102 5795 5920 5922 5921 
8103 5744 5925 5926 5923 
8104 5789 5923 5926 5924 
8105 5796 5924 5926 5925 
8106 2210 5928 5929 2209 
8107 2208 2209 5929 5927 
8108 5714 5927 5929 5928 
8109 5826 5932 5933 5930 
8110 5697 5930 5933 5931 
8111 5898 5931 5933 5932 
8112 5776 5936 5937 5934 
8113 5706 5934 5937 5935 
8114 5833 5935 5937 5936 
8115 5758 5940 5941 5938 
8116 5815 5938 5941 5939 
8117 5829 5939 5941 5940 
8118 133 5943 5944 1998 
8119 1999 1998 5944 5942 
8120 5867 5942 5944 5943 
8121 2089 5946 5947 2090 
8122 2091 2090 5947 5945 
8123 5770 5945 5947 5946 
8124 2415 5949 5950 2416 
8125 2417 2416 5950 5948 
8126 5775 5948 5950 5949 
8127 1794 5952 5953 1795 
8128 1796 1795 5953 5951 
8129 5776 5951 5953 5952 
8130 2349 5956 5957 5954 
8131 5752 5954 5957 5955 
8132 5853 5955 5957 5956 
8133 5772 5960 5961 5958 
8134 1601 5958 5961 5959 
8135 5891 5959 5961 5960 
8136 2255 5963 5964 2256 
8137 2257 2256 5964 5962 
8138 5766 5962 5964 5963 
8139 2543 2542 5967 5965 
8140 2343 5965 5967 5966 
8141 2541 5966 5967 2542 
8142 1966 5969 5970 1965 
8143 1964 1965 5970 5968 
8144 5848 5968 5970 5969 
8145 5699 5973 5974 5971 
8146 5795 5971 5974 5972 
8147 5802 5972 5974 5973 
8148 1778 5976 5977 1779 
8149 108 1779 5977 5975 
8150 5774 5975 5977 5976 
8151 2539 5979 5980 2540 
8152 2541 2540 5980 5978 
8153 5743 5978 5980 5979 
8154 5737 5983 5984 5981 
8155 5757 5981 5984 5982 
8156 5793 5982 5984 5983 
8157 2329 5986 5987 2328 
8158 2327 2328 5987 5985 
8159 2091 5985 5987 5986 
8160 115 5989 5990 1824 
8161 1825 1824 5990 5988 
8162 5852 5988 5990 5989 
8163 138 5992 5993 2063 
8164 2064 2063 5993 5991 
8165 5850 5991 5993 5992 
8166 2179 5996 5997 5994 
8167 5736 5994 5997 5995 
8168 5816 5995 5997 5996 
8169 2533 5999 6000 2534 
8170 185 2534 6000 5998 
8171 5823 5998 6000 5999 
8172 5896 6003 6004 6001 
8173 5905 6001 6004 6002 
8174 5910 6002 6004 6003 
8175 5726 6007 6008 6005 
8176 5828 6005 6008 6006 
8177 5830 6006 6008 6007 
8178 2349 6010 6011 2348 
8179 2347 2348 6011 6009 
8180 5751 6009 6011 6010 
8181 1958 6013 6014 1957 
8182 1956 1957 6014 6012 
8183 5750 6012 6014 6013 
8184 173 6016 6017 2428 
8185 2429 2428 6017 6015 
8186 5820 6015 6017 6016 
8187 2021 6019 6020 6018 
8188 2114 6018 6020 2113 
8189 2112 2113 6020 6019 
8190 2284 6022 6023 6021 
8191 2136 6021 6023 2135 
8192 2134 2135 6023 6022 
8193 2077 6025 6026 2078 
8194 2079 2078 6026 6024 
8195 1968 6024 6026 6025 
8196 1781 6028 6029 1780 
8197 107 1780 6029 6027 
8198 5819 6027 6029 6028 
8199 5894 6032 6033 6030 
8200 5909 6030 6033 6031 
8201 5910 6031 6033 6032 
8202 155 6035 6036 2236 
8203 2237 2236 6036 6034 
8204 5853 6034 6036 6035 
8205 1735 1736 6039 6037 
8206 2177 6037 6039 6038 
8207 1737 6038 6039 1736 
8208 1990 6041 6042 1991 
8209 130 1991 6042 6040 
8210 5887 6040 6042 6041 
8211 5815 6045 6046 6043 
8212 5749 6043 6046 6044 
8213 5883 6044 6046 6045 
8214 2353 6048 6049 2352 
8215 2351 2352 6049 6047 
8216 5759 6047 6049 6048 
8217 2412 6051 6052 2413 
8218 170 2413 6052 6050 
8219 5749 6050 6052 6051 
8220 2493 6054 6055 2492 
8221 2491 2492 6055 6053 
8222 1909 6053 6055 6054 
8223 1933 6057 6058 6056 
8224 1713 6056 6058 1712 
8225 1711 1712 6058 6057 
8226 1694 6060 6061 1695 
8227 104 1695 6061 6059 
8228 1617 6059 6061 6060 
8229 168 6063 6064 2399 
8230 2400 2399 6064 6062 
8231 1581 6062 6064 6063 
8232 5714 6067 6068 6065 
8233 5761 6065 6068 6066 
8234 5811 6066 6068 6067 
8235 1739 6070 6071 1738 
8236 1737 1738 6071 6069 
8237 5816 6069 6071 6070 
8238 2036 6073 6074 2035 
8239 2034 2035 6074 6072 
8240 5812 6072 6074 6073 
8241 2483 6077 6078 6075 
8242 5908 6075 6078 6076 
8243 5912 6076 6078 6077 
8244 2489 6080 6081 2488 
8245 2487 2488 6081 6079 
8246 5873 6079 6081 6080 
8247 2312 6083 6084 2313 
8248 162 2313 6084 6082 
8249 5787 6082 6084 6083 
8250 1621 6086 6087 1620 
8251 1619 1620 6087 6085 
8252 1744 6085 6087 6086 
8253 1577 1578 6090 6088 
8254 2382 6088 6090 6089 
8255 1579 6089 6090 1578 
8256 181 6092 6093 2530 
8257 183 2530 6093 6091 
8258 5709 6091 6093 6092 
8259 153 6095 6096 2234 
8260 155 2234 6096 6094 
8261 5711 6094 6096 6095 
8262 149 6098 6099 2162 
8263 2163 2162 6099 6097 
8264 5737 6097 6099 6098 
8265 5793 6102 6103 6100 
8266 5863 6100 6103 6101 
8267 5893 6101 6103 6102 
8268 2009 6105 6106 6104 
8269 1876 6104 6106 1875 
8270 1874 1875 6106 6105 
8271 1852 1853 6109 6107 
8272 2296 6107 6109 6108 
8273 1854 6108 6109 1853 
8274 105 6111 6112 1742 
8275 1741 1742 6112 6110 
8276 5736 6110 6112 6111 
8277 1862 6114 6115 1861 
8278 1860 1861 6115 6113 
8279 5767 6113 6115 6114 
8280 2426 6117 6118 2427 
8281 172 2427 6118 6116 
8282 5720 6116 6118 6117 
8283 2536 6120 6121 2537 
8284 184 2537 6121 6119 
8285 5853 6119 6121 6120 
8286 117 6123 6124 1830 
8287 1831 1830 6124 6122 
8288 5753 6122 6124 6123 
8289 2551 6126 6127 2552 
8290 186 2552 6127 6125 
8291 5752 6125 6127 6126 
8292 1981 6130 6131 6128 
8293 5732 6128 6131 6129 
8294 5754 6129 6131 6130 
8295 2154 6133 6134 2153 
8296 146 2153 6134 6132 
8297 5716 6132 6134 6133 
8298 145 6136 6137 2152 
8299 2151 2152 6137 6135 
8300 5717 6135 6137 6136 
8301 1894 6139 6140 1893 
8302 122 1893 6140 6138 
8303 5723 6138 6140 6139 
8304 1942 6142 6143 1941 
8305 127 1941 6143 6141 
8306 5765 6141 6143 6142 
8307 166 6145 6146 2364 
8308 2363 2364 6146 6144 
8309 5766 6144 6146 6145 
8310 1923 6148 6149 1924 
8311 1925 1924 6149 6147 
8312 5791 6147 6149 6148 
8313 5860 6152 6153 6150 
8314 5792 6150 6153 6151 
8315 5894 6151 6153 6152 
8316 1810 6155 6156 1809 
8317 1808 1809 6156 6154 
8318 5742 6154 6156 6155 
8319 2290 6159 6160 6157 
8320 5846 6157 6160 6158 
8321 5890 6158 6160 6159 
8322 5794 6163 6164 6161 
8323 5694 6161 6164 6162 
8324 5905 6162 6164 6163 
8325 98 6166 6167 1656 
8326 1655 1656 6167 6165 
8327 5847 6165 6167 6166 
8328 1547 6169 6170 1546 
8329 1545 1546 6170 6168 
8330 5780 6168 6170 6169 
8331 5724 6173 6174 6171 
8332 5849 6171 6174 6172 
8333 5851 6172 6174 6173 
8334 2169 6176 6177 6175 
8335 1727 6175 6177 1726 
8336 1725 1726 6177 6176 
8337 2479 6179 6180 2478 
8338 2477 2478 6180 6178 
8339 2193 6178 6180 6179 
8340 1903 6182 6183 1904 
8341 1905 1904 6183 6181 
8342 5873 6181 6183 6182 
8343 1699 6185 6186 1698 
8344 1697 1698 6186 6184 
8345 5790 6184 6186 6185 
8346 2422 6188 6189 2423 
8347 2424 2423 6189 6187 
8348 5883 6187 6189 6188 
8349 148 6191 6192 2155 
8350 2154 2155 6192 6190 
8351 5866 6190 6192 6191 
8352 2391 6194 6195 2392 
8353 2393 2392 6195 6193 
8354 1553 6193 6195 6194 
8355 1772 1771 6198 6196 
8356 1645 6196 6198 6197 
8357 1770 6197 6198 1771 
8358 102 6200 6201 1681 
8359 1682 1681 6201 6199 
8360 5781 6199 6201 6200 
8361 5764 6204 6205 6202 
8362 5689 6202 6205 6203 
8363 5875 6203 6205 6204 
8364 1792 6207 6208 1793 
8365 1794 1793 6208 6206 
8366 5730 6206 6208 6207 
8367 157 6210 6211 2242 
8368 2243 2242 6211 6209 
8369 5741 6209 6211 6210 
8370 5723 6214 6215 6212 
8371 5832 6212 6215 6213 
8372 5886 6213 6215 6214 
8373 2446 6217 6218 2445 
8374 176 2445 6218 6216 
8375 5703 6216 6218 6217 
8376 101 6220 6221 1670 
8377 1669 1670 6221 6219 
8378 5688 6219 6221 6220 
8379 174 6223 6224 2455 
8380 2454 2455 6224 6222 
8381 5690 6222 6224 6223 
8382 1661 6226 6227 1660 
8383 99 1660 6227 6225 
8384 5704 6225 6227 6226 
8385 109 6229 6230 1790 
8386 1789 1790 6230 6228 
8387 5705 6228 6230 6229 
8388 5835 6233 6234 6231 
8389 5876 6231 6234 6232 
8390 5907 6232 6234 6233 
8391 1841 6236 6237 1842 
8392 1843 1842 6237 6235 
8393 5760 6235 6237 6236 
8394 2300 6239 6240 2301 
8395 2302 2301 6240 6238 
8396 5773 6238 6240 6239 
8397 2218 6242 6243 2217 
8398 2216 2217 6243 6241 
8399 5694 6241 6243 6242 
8400 2212 6245 6246 2211 
8401 2210 2211 6246 6244 
8402 5738 6244 6246 6245 
8403 5777 6249 6250 6247 
8404 5700 6247 6250 6248 
8405 5825 6248 6250 6249 
8406 1663 6252 6253 1662 
8407 1661 1662 6253 6251 
8408 5779 6251 6253 6252 
8409 2443 6255 6256 2442 
8410 2441 2442 6256 6254 
8411 5701 6254 6256 6255 
8412 2454 6258 6259 2453 
8413 2452 2453 6259 6257 
8414 5778 6257 6259 6258 
8415 2302 6261 6262 2303 
8416 2304 2303 6262 6260 
8417 5767 6260 6262 6261 
8418 2417 6264 6265 2418 
8419 2419 2418 6265 6263 
8420 5729 6263 6265 6264 
8421 5702 6268 6269 6266 
8422 5814 6266 6269 6267 
8423 5824 6267 6269 6268 
8424 5858 6272 6273 6270 
8425 5878 6270 6273 6271 
8426 5899 6271 6273 6272 
8427 1814 6275 6276 1813 
8428 1812 1813 6276 6274 
8429 5698 6274 6276 6275 
8430 5753 6279 6280 6277 
8431 5740 6277 6280 6278 
8432 5852 6278 6280 6279 
8433 180 6282 6283 2523 
8434 2522 2523 6283 6281 
8435 5726 6281 6283 6282 
8436 2549 6285 6286 2550 
8437 2551 2550 6286 6284 
8438 5751 6284 6286 6285 
8439 1831 6288 6289 1832 
8440 1833 1832 6289 6287 
8441 5750 6287 6289 6288 
8442 1804 6291 6292 1803 
8443 1802 1803 6292 6290 
8444 5699 6290 6292 6291 
8445 2522 6294 5696 2521 
8446 2520 2521 5696 6293 
8447 5695 6297 6298 6295 
8448 5803 6295 6298 6296 
8449 5862 6296 6298 6297 
8450 126 6300 6301 1899 
8451 1900 1899 6301 6299 
8452 5789 6299 6301 6300 
8453 123 6303 6304 1896 
8454 1897 1896 6304 6302 
8455 5700 6302 6304 6303 
8456 161 6306 6307 2308 
8457 2309 2308 6307 6305 
8458 5735 6305 6307 6306 
8459 134 6309 6310 1995 
8460 1996 1995 6310 6308 
8461 5756 6308 6310 6309 
8462 5778 6313 6314 6311 
8463 5771 6311 6314 6312 
8464 5807 6312 6314 6313 
8465 5840 6317 6318 6315 
8466 5715 6315 6318 6316 
8467 5892 6316 6318 6317 
8468 5821 6321 6322 6319 
8469 5783 6319 6322 6320 
8470 5882 6320 6322 6321 
8471 2429 6324 6325 2430 
8472 171 2430 6325 6323 
8473 5707 6323 6325 6324 
8474 110 6327 6328 1798 
8475 1799 1798 6328 6326 
8476 5706 6326 6328 6327 
8477 2003 6331 5768 6329 
8478 1868 6329 5768 6330 
8479 5771 6334 6335 6332 
8480 5718 6332 6335 6333 
8481 5814 6333 6335 6334 
8482 164 6337 6338 2323 
8483 2324 2323 6338 6336 
8484 5732 6336 6338 6337 
8485 2460 6340 6341 2461 
8486 178 2461 6341 6339 
8487 5733 6339 6341 6340 
8488 1885 6343 6344 1886 
8489 121 1886 6344 6342 
8490 5692 6342 6344 6343 
8491 122 6346 6347 1887 
8492 1888 1887 6347 6345 
8493 5691 6345 6347 6346 
8494 2243 6349 6350 2244 
8495 2245 2244 6350 6348 
8496 5759 6348 6350 6349 
8497 1984 6352 6353 1985 
8498 128 1985 6353 6351 
8499 5769 6351 6353 6352 
8500 165 6355 6356 2320 
8501 2321 2320 6356 6354 
8502 5770 6354 6356 6355 
8503 2457 6358 6359 2458 
8504 175 2458 6359 6357 
8505 5786 6357 6359 6358 
8506 107 6361 6362 1762 
8507 1763 1762 6362 6360 
8508 5784 6360 6362 6361 
8509 5832 6365 6366 6363 
8510 5691 6363 6366 6364 
8511 5845 6364 6366 6365 
8512 5692 6369 6370 6367 
8513 5831 6367 6370 6368 
8514 5846 6368 6370 6369 
8515 2525 6372 6373 2526 
8516 181 2526 6373 6371 
8517 5850 6371 6373 6372 
8518 2240 6375 6376 2241 
8519 156 2241 6376 6374 
8520 5852 6374 6376 6375 
8521 2202 6378 6379 2201 
8522 151 2201 6379 6377 
8523 5721 6377 6379 6378 
8524 2072 6381 6382 2073 
8525 140 2073 6382 6380 
8526 5874 6380 6382 6381 
8527 1817 6384 6385 1818 
8528 113 1818 6385 6383 
8529 5881 6383 6385 6384 
8530 135 6387 6388 2060 
8531 2061 2060 6388 6386 
8532 5755 6386 6388 6387 
8533 2232 6390 6391 2233 
8534 152 2233 6391 6389 
8535 5864 6389 6391 6390 
8536 5799 6394 6395 6392 
8537 5807 6392 6395 6393 
8538 5880 6393 6395 6394 
8539 184 6397 6398 2531 
8540 182 2531 6398 6396 
8541 5711 6396 6398 6397 
8542 1846 6400 6401 1845 
8543 119 1845 6401 6399 
8544 5846 6399 6401 6400 
8545 1888 6403 6404 1889 
8546 120 1889 6404 6402 
8547 5865 6402 6404 6403 
8548 2199 6406 6407 2200 
8549 150 2200 6407 6405 
8550 5912 6405 6407 6406 
8551 2306 6409 6410 2307 
8552 160 2307 6410 6408 
8553 5813 6408 6410 6409 
8554 2292 6412 6413 6411 
8555 1848 6411 6413 1847 
8556 1846 1847 6413 6412 
8557 2269 6415 6416 2270 
8558 2271 2270 6416 6414 
8559 1954 6414 6416 6415 
8560 2274 6418 6419 2275 
8561 2276 2275 6419 6417 
8562 2126 6417 6419 6418 
8563 2195 6421 6422 2196 
8564 2197 2196 6422 6420 
8565 5908 6420 6422 6421 
8566 2507 6424 6425 2506 
8567 2505 2506 6425 6423 
8568 5911 6423 6425 6424 
8569 159 6427 6428 2273 
8570 2274 2273 6428 6426 
8571 5810 6426 6428 6427 
8572 5729 6431 6432 6429 
8573 1543 6429 6432 6430 
8574 5805 6430 6432 6431 
8575 5739 6435 6436 6433 
8576 5756 6433 6436 6434 
8577 5810 6434 6436 6435 
8578 116 6438 6439 1823 
8579 114 1823 6439 6437 
8580 5708 6437 6439 6438 
8581 5708 6438 6441 6440 
8582 1828 6440 6441 1829 
8583 116 1829 6441 6438 
8584 5708 6443 6444 6442 
8585 137 6442 6444 2066 
8586 139 2066 6444 6443 
8587 139 6443 6446 2068 
8588 2069 2068 6446 6445 
8589 5708 6445 6446 6443 
8590 154 6448 6449 2231 
8591 2232 2231 6449 6447 
8592 5710 6447 6449 6448 
8593 5710 6448 6451 6450 
8594 156 6450 6451 2235 
8595 154 2235 6451 6448 
8596 136 6453 6454 2059 
8597 2058 2059 6454 6452 
8598 5868 6452 6454 6453 
8599 5868 6453 6456 6455 
8600 2064 6455 6456 2065 
8601 136 2065 6456 6453 
8602 5734 6458 6459 6457 
8603 103 6457 6459 1678 
8604 1679 1678 6459 6458 
8605 1679 6458 6461 1680 
8606 101 1680 6461 6460 
8607 5734 6460 6461 6458 
8608 5724 6463 6464 6462 
8609 1820 6462 6464 1821 
8610 112 1821 6464 6463 
8611 112 6463 6466 1815 
8612 1814 1815 6466 6465 
8613 5724 6465 6466 6463 
8614 5731 6468 6469 6467 
8615 2226 6467 6469 2225 
8616 2224 2225 6469 6468 
8617 2224 6468 6471 2223 
8618 2222 2223 6471 6470 
8619 5731 6470 6471 6468 
8620 5747 6473 6474 6472 
8621 141 6472 6474 2074 
8622 2075 2074 6474 6473 
8623 2075 6473 6476 2076 
8624 2077 2076 6476 6475 
8625 5747 6475 6476 6473 
8626 2339 6478 6479 6477 
8627 2101 6477 6479 2102 
8628 2103 2102 6479 6478 
8629 2103 6478 6481 2104 
8630 142 2104 6481 6480 
8631 2339 6480 6481 6478 
8632 2318 6483 6484 2319 
8633 164 2319 6484 6482 
8634 129 6482 6484 1986 
8635 1987 1986 6484 6483 
8636 161 2316 6487 6485 
8637 132 6485 6487 1989 
8638 1990 1989 6487 6486 
8639 2315 6486 6487 2316 
8640 131 1988 6489 6488 
8641 162 6488 6489 2317 
8642 2318 2317 6489 6483 
8643 1987 6483 6489 1988 
8644 5718 6491 6492 6332 
8645 5771 6332 6492 6490 
8646 2450 6490 6492 2449 
8647 2448 2449 6492 6491 
8648 1561 6494 6495 1560 
8649 1559 1560 6495 6493 
8650 167 6493 6495 2365 
8651 2366 2365 6495 6494 
8652 106 1761 6498 6496 
8653 1639 6496 6498 1638 
8654 1637 1638 6498 6497 
8655 1760 6497 6498 1761 
8656 2187 6500 6501 2188 
8657 2189 2188 6501 6499 
8658 2473 6499 6501 2472 
8659 2471 2472 6501 6500 
8660 1927 6503 6504 1928 
8661 1929 1928 6504 6502 
8662 1707 6502 6504 1706 
8663 1705 1706 6504 6503 
8664 2497 2498 6507 6505 
8665 1913 6505 6507 1914 
8666 1915 1914 6507 6506 
8667 2499 6506 6507 2498 
8668 1731 1732 6510 6508 
8669 2173 6508 6510 2174 
8670 2175 2174 6510 6509 
8671 1733 6509 6510 1732 
8672 1663 1664 6513 6252 
8673 5779 6252 6513 6511 
8674 5702 6511 6513 6512 
8675 1665 6512 6513 1664 
8676 5771 6490 6514 6311 
8677 5778 6311 6514 6257 
8678 2452 6257 6514 2451 
8679 2450 2451 6514 6490 
8680 2003 6329 6516 2004 
8681 2005 2004 6516 6515 
8682 1870 6515 6516 1869 
8683 1868 1869 6516 6329 
8684 2278 6518 6519 2279 
8685 2280 2279 6519 6517 
8686 2130 6517 6519 2129 
8687 2128 2129 6519 6518 
8688 2118 2119 6522 6520 
8689 2025 6520 6522 2026 
8690 2027 2026 6522 6521 
8691 2120 6521 6522 2119 
8692 1595 1596 6525 6523 
8693 5749 6523 6525 6043 
8694 5815 6043 6525 6524 
8695 1597 6524 6525 1596 
8696 5855 6528 6529 6526 
8697 5727 6526 6529 6527 
8698 5835 6527 6529 6233 
8699 5907 6233 6529 6528 
8700 2366 6494 6531 2367 
8701 2368 2367 6531 6530 
8702 1563 6530 6531 1562 
8703 1561 1562 6531 6494 
8704 1635 1636 6533 6532 
8705 1758 6532 6533 1759 
8706 1760 1759 6533 6497 
8707 1637 6497 6533 1636 
8708 1599 6534 6535 1598 
8709 1597 1598 6535 6524 
8710 5815 6524 6535 5938 
8711 5758 5938 6535 6534 
8712 5860 6150 6539 6536 
8713 5822 6536 6539 6537 
8714 5738 6537 6539 6538 
8715 5792 6538 6539 6150 
8716 5807 6540 6541 6312 
8717 5771 6312 6541 6334 
8718 5814 6334 6541 6266 
8719 5702 6266 6541 6540 
8720 2097 2096 6544 6542 
8721 2335 6542 6544 2334 
8722 2333 2334 6544 6543 
8723 2095 6543 6544 2096 
8724 2357 6546 6547 2356 
8725 2355 2356 6547 6545 
8726 2249 6545 6547 2250 
8727 2251 2250 6547 6546 
8728 1948 1949 6550 6548 
8729 2263 6548 6550 2264 
8730 2265 2264 6550 6549 
8731 1950 6549 6550 1949 
8732 2081 6552 6553 2082 
8733 2083 2082 6553 6551 
8734 1972 6551 6553 1971 
8735 1970 1971 6553 6552 
8736 5788 6556 6557 6554 
8737 5697 6554 6557 6555 
8738 2048 6555 6557 2047 
8739 2046 2047 6557 6556 
8740 5871 6561 6562 6558 
8741 5800 6558 6562 6559 
8742 5820 6559 6562 6560 
8743 5870 6560 6562 6561 
8744 5800 6559 6565 6563 
8745 5875 6563 6565 6203 
8746 5689 6203 6565 6564 
8747 5820 6564 6565 6559 
8748 1684 6567 6568 1685 
8749 1686 1685 6568 6566 
8750 1609 6566 6568 1608 
8751 1607 1608 6568 6567 
8752 1589 1590 6571 6569 
8753 2408 6569 6571 2409 
8754 2410 2409 6571 6570 
8755 1591 6570 6571 1590 
8756 5702 6512 6573 6268 
8757 5824 6268 6573 6572 
8758 1667 6572 6573 1666 
8759 1665 1666 6573 6512 
8760 2368 6530 6575 2369 
8761 2370 2369 6575 6574 
8762 1565 6574 6575 1564 
8763 1563 1564 6575 6530 
8764 1633 1634 6577 6576 
8765 1756 6576 6577 1757 
8766 1758 1757 6577 6532 
8767 1635 6532 6577 1634 
8768 5773 6578 6579 6238 
8769 2302 6238 6579 6261 
8770 5767 6261 6579 6113 
8771 1860 6113 6579 6578 
8772 1682 6580 6581 1683 
8773 1684 1683 6581 6567 
8774 1607 6567 6581 1606 
8775 1605 1606 6581 6580 
8776 1591 1592 6583 6570 
8777 2410 6570 6583 2411 
8778 2412 2411 6583 6582 
8779 1593 6582 6583 1592 
8780 1735 6037 6584 1734 
8781 1733 1734 6584 6509 
8782 2175 6509 6584 2176 
8783 2177 2176 6584 6037 
8784 2501 6585 6586 2500 
8785 2499 2500 6586 6506 
8786 1915 6506 6586 1916 
8787 1917 1916 6586 6585 
8788 1927 1926 6588 6503 
8789 1705 6503 6588 1704 
8790 1703 1704 6588 6587 
8791 1925 6587 6588 1926 
8792 2187 2186 6590 6500 
8793 2471 6500 6590 2470 
8794 2469 2470 6590 6589 
8795 2185 6589 6590 2186 
8796 5774 5976 6593 6591 
8797 1653 6591 6593 1652 
8798 1651 1652 6593 6592 
8799 1778 6592 6593 5976 
8800 5805 6595 6596 6430 
8801 1543 6430 6596 1542 
8802 98 1542 6596 6594 
8803 5748 6594 6596 6595 
8804 1882 1883 6599 6597 
8805 5895 6597 6599 6598 
8806 5865 6598 6599 6402 
8807 120 6402 6599 1883 
8808 2475 6600 6601 2474 
8809 2473 2474 6601 6499 
8810 2189 6499 6601 2190 
8811 2191 2190 6601 6600 
8812 1929 6502 6603 1930 
8813 1931 1930 6603 6602 
8814 1709 6602 6603 1708 
8815 1707 1708 6603 6502 
8816 2173 2172 6605 6508 
8817 1731 6508 6605 1730 
8818 1729 1730 6605 6604 
8819 2171 6604 6605 2172 
8820 2495 2496 6607 6606 
8821 1911 6606 6607 1912 
8822 1913 1912 6607 6505 
8823 2497 6505 6607 2496 
8824 1547 1548 6610 6608 
8825 2385 6608 6610 2386 
8826 2387 2386 6610 6609 
8827 1549 6609 6610 1548 
8828 1776 6611 6612 1777 
8829 1778 1777 6612 6592 
8830 1651 6592 6612 1650 
8831 1649 1650 6612 6611 
8832 2406 6613 6614 2407 
8833 2408 2407 6614 6569 
8834 1589 6569 6614 1588 
8835 1587 1588 6614 6613 
8836 1609 1610 6616 6566 
8837 1686 6566 6616 1687 
8838 1688 1687 6616 6615 
8839 1611 6615 6616 1610 
8840 5801 6619 6620 6617 
8841 5814 6617 6620 6333 
8842 5718 6333 6620 6618 
8843 5703 6618 6620 6619 
8844 5868 6455 6623 6621 
8845 5803 6621 6623 6622 
8846 5850 6622 6623 5991 
8847 2064 5991 6623 6455 
8848 2050 2051 6627 6624 
8849 5826 6624 6627 6625 
8850 5725 6625 6627 6626 
8851 2052 6626 6627 2051 
8852 5814 6267 6631 6628 
8853 5877 6628 6631 6629 
8854 5688 6629 6631 6630 
8855 5824 6630 6631 6267 
8856 2439 6634 6635 2438 
8857 2437 2438 6635 6632 
8858 5764 6632 6635 6633 
8859 5841 6633 6635 6634 
8860 5788 6554 6638 6636 
8861 5855 6636 6638 6637 
8862 5898 6637 6638 5931 
8863 5697 5931 6638 6554 
8864 2128 6518 6639 2127 
8865 2126 2127 6639 6417 
8866 2276 6417 6639 2277 
8867 2278 2277 6639 6518 
8868 1766 1765 6641 6640 
8869 1641 6640 6641 1640 
8870 1639 1640 6641 6496 
8871 106 6496 6641 1765 
8872 1559 6493 6643 1558 
8873 1557 1558 6643 6642 
8874 2397 6642 6643 2398 
8875 167 2398 6643 6493 
8876 5715 6645 6646 6315 
8877 5840 6315 6646 6644 
8878 1785 6644 6646 1784 
8879 1783 1784 6646 6645 
8880 5690 6648 6649 6647 
8881 5807 6647 6649 6392 
8882 5799 6392 6649 5913 
8883 5808 5913 6649 6648 
8884 5905 6002 6651 6650 
8885 5860 6650 6651 6152 
8886 5894 6152 6651 6032 
8887 5910 6032 6651 6002 
8888 5772 5958 6654 6652 
8889 5781 6652 6654 6653 
8890 1603 6653 6654 1602 
8891 1601 1602 6654 5958 
8892 5809 6657 6658 6655 
8893 163 6655 6658 6656 
8894 5887 6656 6658 6040 
8895 130 6040 6658 6657 
8896 5909 6660 6661 6030 
8897 5894 6030 6661 6659 
8898 5899 6659 6661 6271 
8899 5878 6271 6661 6660 
8900 1725 6176 6662 1724 
8901 1723 1724 6662 5917 
8902 2167 5917 6662 2168 
8903 2169 2168 6662 6176 
8904 2491 6053 6664 2490 
8905 2489 2490 6664 6663 
8906 1907 6663 6664 1908 
8907 1909 1908 6664 6053 
8908 1935 1934 6666 6665 
8909 1715 6665 6666 1714 
8910 1713 1714 6666 6056 
8911 1933 6056 6666 1934 
8912 2195 2194 6668 6667 
8913 2481 6667 6668 2480 
8914 2479 2480 6668 6179 
8915 2193 6179 6668 2194 
8916 2017 6670 6671 2018 
8917 2019 2018 6671 6669 
8918 2110 6669 6671 2109 
8919 2108 2109 6671 6670 
8920 2138 2139 6674 6672 
8921 2286 6672 6674 2287 
8922 2288 2287 6674 6673 
8923 2140 6673 6674 2139 
8924 2013 2012 6677 6675 
8925 1880 6675 6677 1879 
8926 1878 1879 6677 6676 
8927 2011 6676 6677 2012 
8928 1850 6678 6679 1849 
8929 1848 1849 6679 6411 
8930 2292 6411 6679 2293 
8931 2294 2293 6679 6678 
8932 1856 1857 6682 6680 
8933 2298 6680 6682 2299 
8934 2300 2299 6682 6681 
8935 1858 6681 6682 1857 
8936 2005 6515 6684 2006 
8937 2007 2006 6684 6683 
8938 1872 6683 6684 1871 
8939 1870 1871 6684 6515 
8940 2280 6517 6686 2281 
8941 2282 2281 6686 6685 
8942 2132 6685 6686 2131 
8943 2130 2131 6686 6517 
8944 2116 2117 6688 6687 
8945 2023 6687 6688 2024 
8946 2025 2024 6688 6520 
8947 2118 6520 6688 2117 
8948 5716 6133 6691 6689 
8949 5885 6689 6691 6690 
8950 5866 6690 6691 6190 
8951 2154 6190 6691 6133 
8952 5694 6162 6693 6692 
8953 5822 6692 6693 6536 
8954 5860 6536 6693 6650 
8955 5905 6650 6693 6162 
8956 5897 6696 6697 6694 
8957 5858 6694 6697 6272 
8958 5899 6272 6697 6695 
8959 5859 6695 6697 6696 
8960 5725 6700 6701 6698 
8961 5878 6698 6701 6270 
8962 5858 6270 6701 6699 
8963 5854 6699 6701 6700 
8964 2370 6574 6703 2371 
8965 2372 2371 6703 6702 
8966 1567 6702 6703 1566 
8967 1565 1566 6703 6574 
8968 1631 1632 6705 6704 
8969 1754 6704 6705 1755 
8970 1756 1755 6705 6576 
8971 1633 6576 6705 1632 
8972 5818 6708 6709 6706 
8973 5722 6706 6709 6707 
8974 1891 6707 6709 1890 
8975 123 1890 6709 6708 
8976 1894 1895 6712 6139 
8977 5723 6139 6712 6710 
8978 5817 6710 6712 6711 
8979 124 6711 6712 1895 
8980 5718 6618 6713 6491 
8981 2448 6491 6713 2447 
8982 2446 2447 6713 6217 
8983 5703 6217 6713 6618 
8984 5824 6572 6714 6630 
8985 5688 6630 6714 6219 
8986 1669 6219 6714 1668 
8987 1667 1668 6714 6572 
8988 5764 6202 6716 6632 
8989 2437 6632 6716 2436 
8990 2435 2436 6716 6715 
8991 5689 6715 6716 6202 
8992 1789 6228 6719 1788 
8993 1787 1788 6719 6717 
8994 5763 6717 6719 6718 
8995 5705 6718 6719 6228 
8996 5909 6031 6722 6720 
8997 5855 6720 6722 6528 
8998 5907 6528 6722 6721 
8999 5910 6721 6722 6031 
9000 5899 6695 6724 6659 
9001 5894 6659 6724 6151 
9002 5792 6151 6724 6723 
9003 5859 6723 6724 6695 
9004 5826 6625 6726 5932 
9005 5898 5932 6726 6725 
9006 5878 6725 6726 6698 
9007 5725 6698 6726 6625 
9008 5763 6718 6729 6727 
9009 5875 6727 6729 6563 
9010 5800 6563 6729 6728 
9011 5705 6728 6729 6718 
9012 5714 5928 6731 6730 
9013 5792 6730 6731 6538 
9014 5738 6538 6731 6244 
9015 2210 6244 6731 5928 
9016 5871 6734 6735 6732 
9017 5748 6732 6735 6733 
9018 5833 6733 6735 5935 
9019 5706 5935 6735 6734 
9020 5780 6736 6737 6168 
9021 1545 6168 6737 1544 
9022 1543 1544 6737 6429 
9023 5729 6429 6737 6736 
9024 5822 6738 6739 6692 
9025 5694 6692 6739 6241 
9026 2216 6241 6739 2215 
9027 2214 2215 6739 6738 
9028 2212 2213 6740 6245 
9029 5738 6245 6740 6537 
9030 5822 6537 6740 6738 
9031 2214 6738 6740 2213 
9032 5740 6742 6743 6277 
9033 5753 6277 6743 6741 
9034 1956 6741 6743 1955 
9035 1954 1955 6743 6742 
9036 2218 2219 6745 6242 
9037 5694 6242 6745 6161 
9038 5794 6161 6745 6744 
9039 2220 6744 6745 2219 
9040 2220 2221 6748 6744 
9041 5794 6744 6748 6746 
9042 5861 6746 6748 6747 
9043 2222 6747 6748 2221 
9044 5717 6751 6752 6135 
9045 2151 6135 6752 6749 
9046 5863 6749 6752 6750 
9047 5886 6750 6752 6751 
9048 5819 6755 6756 6753 
9049 5882 6753 6756 6320 
9050 5783 6320 6756 6754 
9051 5844 6754 6756 6755 
9052 2439 2440 6758 6634 
9053 5841 6634 6758 6757 
9054 5701 6757 6758 6254 
9055 2441 6254 6758 2440 
9056 5896 6001 6760 6759 
9057 5861 6759 6760 6746 
9058 5794 6746 6760 6163 
9059 5905 6163 6760 6001 
9060 5896 6761 6762 6003 
9061 5910 6003 6762 6721 
9062 5907 6721 6762 6232 
9063 5876 6232 6762 6761 
9064 5749 6051 6763 6523 
9065 1595 6523 6763 1594 
9066 1593 1594 6763 6582 
9067 2412 6582 6763 6051 
9068 1781 1782 6765 6028 
9069 5819 6028 6765 6764 
9070 5715 6764 6765 6645 
9071 1783 6645 6765 1782 
9072 5763 6766 6767 6717 
9073 1787 6717 6767 1786 
9074 1785 1786 6767 6644 
9075 5840 6644 6767 6766 
9076 1717 1718 6770 6768 
9077 5744 6768 6770 5925 
9078 5796 5925 6770 6769 
9079 1719 6769 6770 1718 
9080 2389 2388 6772 6771 
9081 1551 6771 6772 1550 
9082 1549 1550 6772 6609 
9083 2387 6609 6772 2388 
9084 1649 6611 6774 1648 
9085 1647 1648 6774 6773 
9086 1774 6773 6774 1775 
9087 1776 1775 6774 6611 
9088 5891 6775 6776 5959 
9089 1601 5959 6776 1600 
9090 1599 1600 6776 6534 
9091 5758 6534 6776 6775 
9092 5787 6777 6778 6082 
9093 162 6082 6778 6488 
9094 131 6488 6778 1992 
9095 1993 1992 6778 6777 
9096 2463 2464 6782 6779 
9097 5872 6779 6782 6780 
9098 5806 6780 6782 6781 
9099 2465 6781 6782 2464 
9100 5716 6689 6786 6783 
9101 5797 6783 6786 6784 
9102 5831 6784 6786 6785 
9103 5885 6785 6786 6689 
9104 5896 6759 6790 6787 
9105 5879 6787 6790 6788 
9106 5856 6788 6790 6789 
9107 5861 6789 6790 6759 
9108 2372 6702 6792 2373 
9109 2374 2373 6792 6791 
9110 1569 6791 6792 1568 
9111 1567 1568 6792 6702 
9112 1629 1630 6794 6793 
9113 1752 6793 6794 1753 
9114 1754 1753 6794 6704 
9115 1631 6704 6794 1630 
9116 2052 2053 6796 6626 
9117 5725 6626 6796 6700 
9118 5854 6700 6796 6795 
9119 2054 6795 6796 2053 
9120 1587 6613 6798 1586 
9121 1585 1586 6798 6797 
9122 2404 6797 6798 2405 
9123 2406 2405 6798 6613 
9124 1690 1689 6800 6799 
9125 1613 6799 6800 1612 
9126 1611 1612 6800 6615 
9127 1688 6615 6800 1689 
9128 5729 6264 6802 6431 
9129 5805 6431 6802 6801 
9130 5775 6801 6802 5948 
9131 2417 5948 6802 6264 
9132 5704 6226 6805 6803 
9133 5880 6803 6805 6804 
9134 5779 6804 6805 6251 
9135 1661 6251 6805 6226 
9136 5866 6809 6810 6806 
9137 5818 6806 6810 6807 
9138 5777 6807 6810 6808 
9139 5903 6808 6810 6809 
9140 5711 6095 6813 6811 
9141 5830 6811 6813 6812 
9142 2229 6812 6813 2230 
9143 153 2230 6813 6095 
9144 5804 6816 6817 6814 
9145 5876 6814 6817 6231 
9146 5835 6231 6817 6815 
9147 5728 6815 6817 6816 
9148 118 1844 6820 6818 
9149 5848 6818 6820 6819 
9150 5760 6819 6820 6235 
9151 1843 6235 6820 1844 
9152 5842 5915 6823 6821 
9153 5891 6821 6823 6775 
9154 5758 6775 6823 6822 
9155 5808 6822 6823 5915 
9156 2054 2055 6826 6795 
9157 5854 6795 6826 6824 
9158 5902 6824 6826 6825 
9159 2056 6825 6826 2055 
9160 2099 2098 6828 6827 
9161 2337 6827 6828 2336 
9162 2335 2336 6828 6542 
9163 2097 6542 6828 2098 
9164 2355 6545 6830 2354 
9165 2353 2354 6830 6829 
9166 2247 6829 6830 2248 
9167 2249 2248 6830 6545 
9168 2267 2266 6832 6831 
9169 1952 6831 6832 1951 
9170 1950 1951 6832 6549 
9171 2265 6549 6832 2266 
9172 2079 6024 6833 2080 
9173 2081 2080 6833 6552 
9174 1970 6552 6833 1969 
9175 1968 1969 6833 6024 
9176 5890 6837 6838 6834 
9177 5797 6834 6838 6835 
9178 5746 6835 6838 6836 
9179 5906 6836 6838 6837 
9180 2503 6839 6840 2502 
9181 2501 2502 6840 6585 
9182 1917 6585 6840 1918 
9183 1919 1918 6840 6839 
9184 2185 2184 6842 6589 
9185 2469 6589 6842 2468 
9186 2467 2468 6842 6841 
9187 2183 6841 6842 2184 
9188 5782 6844 6845 6843 
9189 1715 6843 6845 6665 
9190 1935 6665 6845 1936 
9191 1937 1936 6845 6844 
9192 2095 2094 6847 6543 
9193 2333 6543 6847 2332 
9194 2331 2332 6847 6846 
9195 2093 6846 6847 2094 
9196 2359 6848 6849 2358 
9197 2357 2358 6849 6546 
9198 2251 6546 6849 2252 
9199 2253 2252 6849 6848 
9200 1946 1947 6851 6850 
9201 2261 6850 6851 2262 
9202 2263 2262 6851 6548 
9203 1948 6548 6851 1947 
9204 2083 6551 6853 2084 
9205 2085 2084 6853 6852 
9206 1974 6852 6853 1973 
9207 1972 1973 6853 6551 
9208 5708 6440 6856 6445 
9209 2069 6445 6856 6854 
9210 5837 6854 6856 6855 
9211 1828 6855 6856 6440 
9212 5851 6858 6859 6857 
9213 137 6857 6859 6442 
9214 5708 6442 6859 6437 
9215 114 6437 6859 6858 
9216 5709 6092 6861 6860 
9217 138 6860 6861 5992 
9218 5850 5992 6861 6371 
9219 181 6371 6861 6092 
9220 5710 6450 6863 6862 
9221 115 6862 6863 5989 
9222 5852 5989 6863 6374 
9223 156 6374 6863 6450 
9224 5853 6035 6864 6119 
9225 184 6119 6864 6397 
9226 5711 6397 6864 6094 
9227 155 6094 6864 6035 
9228 2477 6178 6865 2476 
9229 2475 2476 6865 6600 
9230 2191 6600 6865 2192 
9231 2193 2192 6865 6178 
9232 1711 6057 6866 1710 
9233 1709 1710 6866 6602 
9234 1931 6602 6866 1932 
9235 1933 1932 6866 6057 
9236 1911 1910 6867 6606 
9237 2495 6606 6867 2494 
9238 2493 2494 6867 6054 
9239 1909 6054 6867 1910 
9240 2171 2170 6868 6604 
9241 1729 6604 6868 1728 
9242 1727 1728 6868 6175 
9243 2169 6175 6868 2170 
9244 1676 6869 6870 1677 
9245 102 1677 6870 6200 
9246 5781 6200 6870 6652 
9247 5772 6652 6870 6869 
9248 132 1997 6872 6485 
9249 161 6485 6872 6306 
9250 5735 6306 6872 6871 
9251 1996 6871 6872 1997 
9252 5793 6874 6875 5982 
9253 5757 5982 6875 6873 
9254 1721 6873 6875 1720 
9255 1719 1720 6875 6874 
9256 2040 2041 6878 6876 
9257 5835 6876 6878 6527 
9258 5727 6527 6878 6877 
9259 2042 6877 6878 2041 
9260 5733 6882 6883 6879 
9261 5911 6879 6883 6880 
9262 5900 6880 6883 6881 
9263 5869 6881 6883 6882 
9264 1806 1807 6887 6884 
9265 5802 6884 6887 6885 
9266 5879 6885 6887 6886 
9267 1808 6886 6887 1807 
9268 129 1982 6888 6482 
9269 164 6482 6888 6337 
9270 5732 6337 6888 6128 
9271 1981 6128 6888 1982 
9272 5804 6814 6892 6889 
9273 5742 6889 6892 6890 
9274 5857 6890 6892 6891 
9275 5876 6891 6892 6814 
9276 5832 6213 6895 6893 
9277 5798 6893 6895 6894 
9278 5717 6894 6895 6751 
9279 5886 6751 6895 6213 
9280 1768 1767 6897 6896 
9281 1643 6896 6897 1642 
9282 1641 1642 6897 6640 
9283 1766 6640 6897 1767 
9284 1557 6642 6899 1556 
9285 1555 1556 6899 6898 
9286 2395 6898 6899 2396 
9287 2397 2396 6899 6642 
9288 5818 6706 6901 6806 
9289 5866 6806 6901 6690 
9290 5885 6690 6901 6900 
9291 5722 6900 6901 6706 
9292 1839 1838 6904 6902 
9293 1962 6902 6904 1961 
9294 1960 1961 6904 6903 
9295 1837 6903 6904 1838 
9296 2547 2546 6907 6905 
9297 2347 6905 6907 2346 
9298 2345 2346 6907 6906 
9299 2545 6906 6907 2546 
9300 1960 6903 6909 1959 
9301 1958 1959 6909 6908 
9302 1835 6908 6909 1836 
9303 1837 1836 6909 6903 
9304 2543 5965 6910 2544 
9305 2545 2544 6910 6906 
9306 2345 6906 6910 2344 
9307 2343 2344 6910 5965 
9308 5739 6912 6913 6435 
9309 5810 6435 6913 6911 
9310 2124 6911 6913 2123 
9311 2122 2123 6913 6912 
9312 5698 6916 6917 6914 
9313 5742 6914 6917 6889 
9314 5804 6889 6917 6915 
9315 5849 6915 6917 6916 
9316 2374 6791 6919 2375 
9317 2376 2375 6919 6918 
9318 1571 6918 6919 1570 
9319 1569 1570 6919 6791 
9320 1627 1628 6921 6920 
9321 1750 6920 6921 1751 
9322 1752 1751 6921 6793 
9323 1629 6793 6921 1628 
9324 2181 2180 6924 6922 
9325 5821 6922 6924 6923 
9326 5736 6923 6924 5994 
9327 2179 5994 6924 2180 
9328 5732 6129 6927 6925 
9329 5766 6925 6927 5962 
9330 2257 5962 6927 6926 
9331 5754 6926 6927 6129 
9332 5788 6929 6930 6556 
9333 2046 6556 6930 2045 
9334 2044 2045 6930 6928 
9335 5839 6928 6930 6929 
9336 5892 6933 6934 6931 
9337 5844 6931 6934 6932 
9338 5701 6932 6934 6757 
9339 5841 6757 6934 6933 
9340 1653 1654 6936 6591 
9341 5774 6591 6936 6935 
9342 5847 6935 6936 6165 
9343 1655 6165 6936 1654 
9344 2019 6669 6937 2020 
9345 2021 2020 6937 6019 
9346 2112 6019 6937 2111 
9347 2110 2111 6937 6669 
9348 2136 2137 6938 6021 
9349 2284 6021 6938 2285 
9350 2286 2285 6938 6672 
9351 2138 6672 6938 2137 
9352 1876 1877 6939 6104 
9353 2009 6104 6939 2010 
9354 2011 2010 6939 6676 
9355 1878 6676 6939 1877 
9356 2294 6678 6940 2295 
9357 2296 2295 6940 6107 
9358 1852 6107 6940 1851 
9359 1850 1851 6940 6678 
9360 5877 6944 6945 6941 
9361 5869 6941 6945 6942 
9362 5827 6942 6945 6943 
9363 5734 6943 6945 6944 
9364 2351 6947 6948 2350 
9365 2349 2350 6948 5956 
9366 5853 5956 6948 6946 
9367 5741 6946 6948 6947 
9368 1854 1855 6949 6108 
9369 2296 6108 6949 2297 
9370 2298 2297 6949 6680 
9371 1856 6680 6949 1855 
9372 2007 6683 6950 2008 
9373 2009 2008 6950 6105 
9374 1874 6105 6950 1873 
9375 1872 1873 6950 6683 
9376 2282 6685 6951 2283 
9377 2284 2283 6951 6022 
9378 2134 6022 6951 2133 
9379 2132 2133 6951 6685 
9380 2114 2115 6952 6018 
9381 2021 6018 6952 2022 
9382 2023 2022 6952 6687 
9383 2116 6687 6952 2115 
9384 5875 6953 6954 6727 
9385 5763 6727 6954 6766 
9386 5840 6766 6954 6317 
9387 5892 6317 6954 6953 
9388 5908 6421 6955 6075 
9389 2483 6075 6955 2482 
9390 2481 2482 6955 6667 
9391 2195 6667 6955 6421 
9392 5864 6957 6958 6956 
9393 5795 6956 6958 5920 
9394 1817 5920 6958 6384 
9395 5881 6384 6958 6957 
9396 5831 6785 6960 6367 
9397 5692 6367 6960 6959 
9398 5722 6959 6960 6900 
9399 5885 6900 6960 6785 
9400 5834 6963 6964 6961 
9401 2029 6961 6964 2030 
9402 2031 2030 6964 6962 
9403 5739 6962 6964 6963 
9404 5825 6966 6967 6965 
9405 5873 6965 6967 6079 
9406 2487 6079 6967 2486 
9407 2485 2486 6967 6966 
9408 5743 6968 6969 5978 
9409 2541 5978 6969 5966 
9410 2343 5966 6969 2342 
9411 2341 2342 6969 6968 
9412 5713 6972 6973 6970 
9413 5829 6970 6973 6971 
9414 5720 6971 6973 6116 
9415 172 6116 6973 6972 
9416 1551 1552 6974 6771 
9417 2389 6771 6974 2390 
9418 2391 2390 6974 6194 
9419 1553 6194 6974 1552 
9420 1772 6196 6975 1773 
9421 1774 1773 6975 6773 
9422 1647 6773 6975 1646 
9423 1645 1646 6975 6196 
9424 5892 6931 6976 6316 
9425 5715 6316 6976 6764 
9426 5819 6764 6976 6755 
9427 5844 6755 6976 6931 
9428 1907 1906 6977 6663 
9429 2489 6663 6977 6080 
9430 5873 6080 6977 6181 
9431 1905 6181 6977 1906 
9432 5748 6733 6979 6594 
9433 98 6594 6979 6166 
9434 5847 6166 6979 6978 
9435 5833 6978 6979 6733 
9436 5904 6982 6983 6980 
9437 2514 6980 6983 2513 
9438 2512 2513 6983 6981 
9439 5862 6981 6983 6982 
9440 173 2434 6984 6016 
9441 5820 6016 6984 6564 
9442 5689 6564 6984 6715 
9443 2435 6715 6984 2434 
9444 1923 6987 6988 6148 
9445 5791 6148 6988 6985 
9446 5790 6985 6988 6986 
9447 5838 6986 6988 6987 
9448 5890 6834 6989 6158 
9449 5846 6158 6989 6368 
9450 5831 6368 6989 6784 
9451 5797 6784 6989 6834 
9452 5832 6893 6992 6365 
9453 5845 6365 6992 6990 
9454 5889 6990 6992 6991 
9455 5798 6991 6992 6893 
9456 5714 6065 6994 5927 
9457 2208 5927 6994 2207 
9458 2206 2207 6994 6993 
9459 5761 6993 6994 6065 
9460 5879 6886 6996 6995 
9461 5857 6995 6996 6890 
9462 5742 6890 6996 6154 
9463 1808 6154 6996 6886 
9464 2013 6998 6999 2014 
9465 2015 2014 6999 6997 
9466 5865 6997 6999 6598 
9467 5895 6598 6999 6998 
9468 1573 7000 7001 1572 
9469 1571 1572 7001 6918 
9470 2376 6918 7001 2377 
9471 2378 2377 7001 7000 
9472 1750 1749 7003 6920 
9473 1627 6920 7003 1626 
9474 1625 1626 7003 7002 
9475 1748 7002 7003 1749 
9476 2292 2291 7004 6412 
9477 1846 6412 7004 6400 
9478 5846 6400 7004 6157 
9479 2290 6157 7004 2291 
9480 5868 6621 7007 7005 
9481 5902 7005 7007 7006 
9482 5862 7006 7007 6296 
9483 5803 6296 7007 6621 
9484 2015 6997 7010 7008 
9485 5889 7008 7010 6990 
9486 5845 6990 7010 7009 
9487 5865 7009 7010 6997 
9488 5802 5973 7011 6884 
9489 1806 6884 7011 1805 
9490 1804 1805 7011 6291 
9491 5699 6291 7011 5973 
9492 1585 6797 7013 1584 
9493 1583 1584 7013 7012 
9494 2402 7012 7013 2403 
9495 2404 2403 7013 6797 
9496 1692 1691 7015 7014 
9497 1615 7014 7015 1614 
9498 1613 1614 7015 6799 
9499 1690 6799 7015 1691 
9500 5837 6855 7017 7016 
9501 5848 7016 7017 6818 
9502 118 6818 7017 1827 
9503 1828 1827 7017 6855 
9504 5864 6956 7021 7018 
9505 5731 7018 7021 7019 
9506 5856 7019 7021 7020 
9507 5795 7020 7021 6956 
9508 5810 6911 7022 6426 
9509 2274 6426 7022 6418 
9510 2126 6418 7022 2125 
9511 2124 2125 7022 6911 
9512 5720 6117 7024 7023 
9513 5883 7023 7024 6187 
9514 2424 6187 7024 2425 
9515 2426 2425 7024 6117 
9516 1643 1644 7025 6896 
9517 1768 6896 7025 1769 
9518 1770 1769 7025 6197 
9519 1645 6197 7025 1644 
9520 2393 6193 7026 2394 
9521 2395 2394 7026 6898 
9522 1555 6898 7026 1554 
9523 1553 1554 7026 6193 
9524 1672 7029 7030 1673 
9525 1674 1673 7030 7027 
9526 5719 7027 7030 7028 
9527 5843 7028 7030 7029 
9528 1925 6147 7032 6587 
9529 1703 6587 7032 1702 
9530 1701 1702 7032 7031 
9531 5791 7031 7032 6147 
9532 1966 1967 7034 7033 
9533 5747 7033 7034 6475 
9534 2077 6475 7034 6025 
9535 1968 6025 7034 1967 
9536 5770 5946 7038 7035 
9537 5809 7035 7038 7036 
9538 5769 7036 7038 7037 
9539 2089 7037 7038 5946 
9540 5849 6172 7042 7039 
9541 5812 7039 7042 7040 
9542 5755 7040 7042 7041 
9543 5851 7041 7042 6172 
9544 1919 6839 7044 7043 
9545 5911 7043 7044 6423 
9546 2505 6423 7044 2504 
9547 2503 2504 7044 6839 
9548 169 2420 7046 7045 
9549 5780 7045 7046 6736 
9550 5729 6736 7046 6263 
9551 2419 6263 7046 2420 
9552 5904 6980 7049 7047 
9553 5897 7047 7049 7048 
9554 2516 7048 7049 2515 
9555 2514 2515 7049 6980 
9556 5821 7052 7053 6922 
9557 2181 6922 7053 7050 
9558 5872 7050 7053 7051 
9559 5785 7051 7053 7052 
9560 5707 6324 7055 7054 
9561 5870 7054 7055 6560 
9562 5820 6560 7055 6015 
9563 2429 6015 7055 6324 
9564 5811 7058 7059 7056 
9565 5721 7056 7059 7057 
9566 5830 7057 7059 6006 
9567 5828 6006 7059 7058 
9568 5817 7063 7064 7060 
9569 5863 7060 7064 7061 
9570 5796 7061 7064 7062 
9571 5693 7062 7064 7063 
9572 1937 6844 7067 1938 
9573 1939 1938 7067 7065 
9574 5744 7065 7067 7066 
9575 5782 7066 7067 6844 
9576 5691 6346 7068 6363 
9577 5832 6363 7068 6212 
9578 5723 6212 7068 6138 
9579 122 6138 7068 6346 
9580 2101 2100 7069 6477 
9581 2339 6477 7069 2338 
9582 2337 2338 7069 6827 
9583 2099 6827 7069 2100 
9584 2269 2268 7070 6415 
9585 1954 6415 7070 1953 
9586 1952 1953 7070 6831 
9587 2267 6831 7070 2268 
9588 5799 5914 7072 6394 
9589 5880 6394 7072 6803 
9590 5704 6803 7072 7071 
9591 5842 7071 7072 5914 
9592 5698 6275 7073 6916 
9593 5849 6916 7073 6171 
9594 5724 6171 7073 6465 
9595 1814 6465 7073 6275 
9596 5776 5952 7075 5936 
9597 5833 5936 7075 7074 
9598 5730 7074 7075 6206 
9599 1794 6206 7075 5952 
9600 5843 7077 7078 7028 
9601 5719 7028 7078 7076 
9602 5772 7076 7078 5960 
9603 5891 5960 7078 7077 
9604 2202 2203 7081 6378 
9605 5721 6378 7081 7079 
9606 5884 7079 7081 7080 
9607 2204 7080 7081 2203 
9608 1862 1863 7084 7082 
9609 2306 7082 7084 6409 
9610 5813 6409 7084 7083 
9611 1864 7083 7084 1863 
9612 5844 7086 7087 6754 
9613 5783 6754 7087 7085 
9614 5786 7085 7087 6357 
9615 175 6357 7087 7086 
9616 5714 6730 7089 6067 
9617 5811 6067 7089 7088 
9618 5859 7088 7089 6723 
9619 5792 6723 7089 6730 
9620 2378 7000 7091 2379 
9621 2380 2379 7091 7090 
9622 1575 7090 7091 1574 
9623 1573 1574 7091 7000 
9624 1623 1624 7093 7092 
9625 1746 7092 7093 1747 
9626 1748 1747 7093 7002 
9627 1625 7002 7093 1624 
9628 2140 2141 7096 6673 
9629 2288 6673 7096 7094 
9630 5906 7094 7096 7095 
9631 2142 7095 7096 2141 
9632 5834 6961 7098 7097 
9633 2120 7097 7098 6521 
9634 2027 6521 7098 2028 
9635 2029 2028 7098 6961 
9636 5697 6555 7099 5930 
9637 5826 5930 7099 6624 
9638 2050 6624 7099 2049 
9639 2048 2049 7099 6555 
9640 5869 7101 7102 7100 
9641 5801 7100 7102 6619 
9642 5703 6619 7102 6216 
9643 176 6216 7102 7101 
9644 5705 6229 7104 6728 
9645 5800 6728 7104 6558 
9646 5871 6558 7104 7103 
9647 109 7103 7104 6229 
9648 1978 7107 7108 1977 
9649 1976 1977 7108 7105 
9650 2087 7105 7108 7106 
9651 5836 7106 7108 7107 
9652 5882 6321 7111 7109 
9653 5784 7109 7111 7110 
9654 5736 7110 7111 6923 
9655 5821 6923 7111 6321 
9656 2093 2092 7112 6846 
9657 2331 6846 7112 2330 
9658 2329 2330 7112 5986 
9659 2091 5986 7112 2092 
9660 2253 6848 7114 2254 
9661 2255 2254 7114 7113 
9662 2361 7113 7114 2360 
9663 2359 2360 7114 6848 
9664 1944 1945 7116 7115 
9665 2259 7115 7116 2260 
9666 2261 2260 7116 6850 
9667 1946 6850 7116 1945 
9668 2085 6852 7117 2086 
9669 2087 2086 7117 7105 
9670 1976 7105 7117 1975 
9671 1974 1975 7117 6852 
9672 5795 5921 7118 5971 
9673 5699 5971 7118 6290 
9674 1802 6290 7118 1801 
9675 111 1801 7118 5921 
9676 2363 6144 7119 2362 
9677 2361 2362 7119 7113 
9678 2255 7113 7119 5963 
9679 5766 5963 7119 6144 
9680 2259 7120 7121 7115 
9681 1944 7115 7121 1943 
9682 1942 1943 7121 6142 
9683 5765 6142 7121 7120 
9684 2290 2289 7122 6159 
9685 5890 6159 7122 6837 
9686 5906 6837 7122 7094 
9687 2288 7094 7122 2289 
9688 5823 5999 7125 7123 
9689 2072 7123 7125 6381 
9690 5874 6381 7125 7124 
9691 2533 7124 7125 5999 
9692 2042 2043 7127 6877 
9693 5727 6877 7127 7126 
9694 5839 7126 7127 6928 
9695 2044 6928 7127 2043 
9696 5865 6403 7128 7009 
9697 5845 7009 7128 6364 
9698 5691 6364 7128 6345 
9699 1888 6345 7128 6403 
9700 5861 6747 7129 6789 
9701 5856 6789 7129 7019 
9702 5731 7019 7129 6470 
9703 2222 6470 7129 6747 
9704 5693 7063 7131 7130 
9705 1900 7130 7131 1901 
9706 124 1901 7131 6711 
9707 5817 6711 7131 7063 
9708 5762 7133 7134 7132 
9709 5867 7132 7134 5942 
9710 1999 5942 7134 2000 
9711 2001 2000 7134 7133 
9712 5780 6169 7135 7045 
9713 169 7045 7135 2384 
9714 2385 2384 7135 6608 
9715 1547 6608 7135 6169 
9716 5768 6331 7137 7136 
9717 5762 7136 7137 7133 
9718 2001 7133 7137 2002 
9719 2003 2002 7137 6331 
9720 2058 6452 7138 2057 
9721 2056 2057 7138 6825 
9722 5902 6825 7138 7005 
9723 5868 7005 7138 6452 
9724 2177 6038 7139 2178 
9725 2179 2178 7139 5996 
9726 5816 5996 7139 6069 
9727 1737 6069 7139 6038 
9728 145 2146 7141 6136 
9729 5717 6136 7141 6894 
9730 5798 6894 7141 7140 
9731 2145 7140 7141 2146 
9732 5797 7142 7143 6783 
9733 5716 6783 7143 6132 
9734 146 6132 7143 2147 
9735 2148 2147 7143 7142 
9736 5813 7083 7146 7144 
9737 133 7144 7146 5943 
9738 5867 5943 7146 7145 
9739 1864 7145 7146 7083 
9740 5888 7149 7150 7147 
9741 5745 7147 7150 7148 
9742 5798 7148 7150 6991 
9743 5889 6991 7150 7149 
9744 5778 6258 7151 6313 
9745 5807 6313 7151 6647 
9746 5690 6647 7151 6222 
9747 2454 6222 7151 6258 
9748 5842 7152 7153 7071 
9749 5704 7071 7153 6225 
9750 99 6225 7153 1657 
9751 1658 1657 7153 7152 
9752 174 2433 7155 6223 
9753 5690 6223 7155 6648 
9754 5808 6648 7155 7154 
9755 2432 7154 7155 2433 
9756 2533 2532 7157 7124 
9757 5874 7124 7157 7156 
9758 5709 7156 7157 6091 
9759 183 6091 7157 2532 
9760 2518 7159 7160 2517 
9761 2516 2517 7160 7048 
9762 5897 7048 7160 7158 
9763 5828 7158 7160 7159 
9764 5757 6873 7162 7161 
9765 2165 7161 7162 5918 
9766 1723 5918 7162 1722 
9767 1721 1722 7162 6873 
9768 5815 5939 7163 6045 
9769 5883 6045 7163 7023 
9770 5720 7023 7163 6971 
9771 5829 6971 7163 5939 
9772 1676 1675 7164 6869 
9773 5772 6869 7164 7076 
9774 5719 7076 7164 7027 
9775 1674 7027 7164 1675 
9776 1699 1700 7165 6185 
9777 5790 6185 7165 6985 
9778 5791 6985 7165 7031 
9779 1701 7031 7165 1700 
9780 2380 7090 7166 2381 
9781 2382 2381 7166 6088 
9782 1577 6088 7166 1576 
9783 1575 1576 7166 7090 
9784 1621 1622 7167 6086 
9785 1744 6086 7167 1745 
9786 1746 1745 7167 7092 
9787 1623 7092 7167 1622 
9788 5838 6987 7170 7168 
9789 5827 7168 7170 7169 
9790 1921 7169 7170 1922 
9791 1923 1922 7170 6987 
9792 104 6059 7171 1743 
9793 1744 1743 7171 6085 
9794 1619 6085 7171 1618 
9795 1617 1618 7171 6059 
9796 1579 1580 7172 6089 
9797 2382 6089 7172 2383 
9798 168 2383 7172 6063 
9799 1581 6063 7172 1580 
9800 5736 5995 7173 6110 
9801 1741 6110 7173 1740 
9802 1739 1740 7173 6070 
9803 5816 6070 7173 5995 
9804 149 2158 7175 6098 
9805 5737 6098 7175 5983 
9806 5793 5983 7175 7174 
9807 2157 7174 7175 2158 
9808 5837 7016 7177 7176 
9809 5747 7176 7177 7033 
9810 1966 7033 7177 5969 
9811 5848 5969 7177 7016 
9812 5735 6871 7179 7178 
9813 5810 7178 7179 6434 
9814 5756 6434 7179 6308 
9815 1996 6308 7179 6871 
9816 2312 2311 7181 6083 
9817 5787 6083 7181 7180 
9818 5813 7180 7181 6408 
9819 160 6408 7181 2311 
9820 1697 6184 7183 1696 
9821 103 1696 7183 7182 
9822 5838 7182 7183 6986 
9823 5790 6986 7183 6184 
9824 2199 2198 7184 6406 
9825 5912 6406 7184 6076 
9826 5908 6076 7184 6420 
9827 2197 6420 7184 2198 
9828 1583 7012 7185 1582 
9829 1581 1582 7185 6062 
9830 2400 6062 7185 2401 
9831 2402 2401 7185 7012 
9832 1694 1693 7186 6060 
9833 1617 6060 7186 1616 
9834 1615 1616 7186 7014 
9835 1692 7014 7186 1693 
9836 5881 6957 7188 7187 
9837 5710 7187 7188 6447 
9838 2232 6447 7188 6390 
9839 5864 6390 7188 6957 
9840 1605 6580 7189 1604 
9841 1603 1604 7189 6653 
9842 5781 6653 7189 6199 
9843 1682 6199 7189 6580 
9844 5859 6696 7190 7088 
9845 5811 7088 7190 7058 
9846 5828 7058 7190 7158 
9847 5897 7158 7190 6696 
9848 127 6141 7192 1980 
9849 1981 1980 7192 6130 
9850 5754 6130 7192 7191 
9851 5765 7191 7192 6141 
9852 5842 6821 7195 7193 
9853 5712 7193 7195 7194 
9854 5843 7194 7195 7077 
9855 5891 7077 7195 6821 
9856 5774 7196 7197 5975 
9857 108 5975 7197 1791 
9858 1792 1791 7197 6207 
9859 5730 6207 7197 7196 
9860 5844 6932 7198 7086 
9861 175 7086 7198 2444 
9862 2443 2444 7198 6255 
9863 5701 6255 7198 6932 
9864 2245 6348 7199 2246 
9865 2247 2246 7199 6829 
9866 2353 6829 7199 6048 
9867 5759 6048 7199 6348 
9868 1833 6287 7200 1834 
9869 1835 1834 7200 6908 
9870 1958 6908 7200 6013 
9871 5750 6013 7200 6287 
9872 2347 6009 7201 6905 
9873 2547 6905 7201 2548 
9874 2549 2548 7201 6285 
9875 5751 6285 7201 6009 
9876 5784 6361 7202 7109 
9877 5882 7109 7202 6753 
9878 5819 6753 7202 6027 
9879 107 6027 7202 6361 
9880 5700 6303 7203 6247 
9881 5777 6247 7203 6807 
9882 5818 6807 7203 6708 
9883 123 6708 7203 6303 
9884 5783 7085 7205 6319 
9885 5821 6319 7205 7052 
9886 5785 7052 7205 7204 
9887 5786 7204 7205 7085 
9888 5759 6349 7206 6047 
9889 2351 6047 7206 6947 
9890 5741 6947 7206 6209 
9891 2243 6209 7206 6349 
9892 1921 1920 7208 7207 
9893 5900 7207 7208 6880 
9894 5911 6880 7208 7043 
9895 1919 7043 7208 1920 
9896 5841 6933 7209 6633 
9897 5764 6633 7209 6204 
9898 5875 6204 7209 6953 
9899 5892 6953 7209 6933 
9900 5901 7211 7212 7210 
9901 5777 7210 7212 6249 
9902 5825 6249 7212 6966 
9903 2485 6966 7212 7211 
9904 5757 7161 7213 5981 
9905 5737 5981 7213 6097 
9906 2163 6097 7213 2164 
9907 2165 2164 7213 7161 
9908 5812 7214 7215 7039 
9909 5849 7039 7215 6915 
9910 5804 6915 7215 6816 
9911 5728 6816 7215 7214 
9912 5728 7216 7217 6815 
9913 5835 6815 7217 6876 
9914 2040 6876 7217 2039 
9915 2038 2039 7217 7216 
9916 2525 2524 7219 6372 
9917 5850 6372 7219 6622 
9918 5803 6622 7219 7218 
9919 179 7218 7219 2524 
9920 1810 1811 7220 6155 
9921 5742 6155 7220 6914 
9922 5698 6914 7220 6274 
9923 1812 6274 7220 1811 
9924 101 6460 7221 6220 
9925 5688 6220 7221 6629 
9926 5877 6629 7221 6944 
9927 5734 6944 7221 6460 
9928 5858 7222 7223 6694 
9929 5897 6694 7223 7047 
9930 5904 7047 7223 6982 
9931 5862 6982 7223 7222 
9932 5728 7214 7224 7216 
9933 2038 7216 7224 2037 
9934 2036 2037 7224 6073 
9935 5812 6073 7224 7214 
9936 2106 2107 7227 7225 
9937 5888 7225 7227 7226 
9938 2017 7226 7227 6670 
9939 2108 6670 7227 2107 
9940 1841 1840 7229 6236 
9941 5760 6236 7229 7228 
9942 1962 7228 7229 6902 
9943 1839 6902 7229 1840 
9944 5751 6010 7230 6284 
9945 2551 6284 7230 6126 
9946 5752 6126 7230 5954 
9947 2349 5954 7230 6010 
9948 5753 6741 7231 6122 
9949 1831 6122 7231 6288 
9950 5750 6288 7231 6012 
9951 1956 6012 7231 6741 
9952 5749 6044 7232 6050 
9953 170 6050 7232 2421 
9954 2422 2421 7232 6188 
9955 5883 6188 7232 6044 
9956 2304 6260 7233 2305 
9957 2306 2305 7233 7082 
9958 1862 7082 7233 6114 
9959 5767 6114 7233 6260 
9960 2089 2088 7235 7037 
9961 5769 7037 7235 7234 
9962 5836 7234 7235 7106 
9963 2087 7106 7235 2088 
9964 5847 6978 7236 6935 
9965 5774 6935 7236 7196 
9966 5730 7196 7236 7074 
9967 5833 7074 7236 6978 
9968 5709 6860 7237 7156 
9969 5874 7156 7237 6380 
9970 140 6380 7237 2067 
9971 138 2067 7237 6860 
9972 2237 6034 7238 2238 
9973 157 2238 7238 6210 
9974 5741 6210 7238 6946 
9975 5853 6946 7238 6034 
9976 150 6405 7241 2159 
9977 2160 2159 7241 7239 
9978 5901 7239 7241 7240 
9979 5912 7240 7241 6405 
9980 5889 7149 7242 7008 
9981 2015 7008 7242 2016 
9982 2017 2016 7242 7226 
9983 5888 7226 7242 7149 
9984 5802 6885 7243 5972 
9985 5795 5972 7243 7020 
9986 5856 7020 7243 6788 
9987 5879 6788 7243 6885 
9988 5823 7123 7245 7244 
9989 2339 7244 7245 6480 
9990 142 6480 7245 2071 
9991 2072 2071 7245 7123 
9992 5906 7095 7247 6836 
9993 5746 6836 7247 7246 
9994 144 7246 7247 2143 
9995 2142 2143 7247 7095 
9996 143 2105 7249 7248 
9997 5745 7248 7249 7147 
9998 5888 7147 7249 7225 
9999 2106 7225 7249 2105 
10000 5696 6294 7251 7250 
10001 5828 7250 7251 6005 
10002 5726 6005 7251 6281 
10003 2522 6281 7251 6294 
10004 2324 6336 7252 2325 
10005 166 2325 7252 6145 
10006 5766 6145 7252 6925 
10007 5732 6925 7252 6336 
10008 185 5998 7254 2538 
10009 2539 2538 7254 5979 
10010 5743 5979 7254 7253 
10011 5823 7253 7254 5998 
10012 5836 7107 7255 7234 
10013 5769 7234 7255 6351 
10014 128 6351 7255 1979 
10015 1978 1979 7255 7107 
10016 165 2326 7256 6355 
10017 5770 6355 7256 5945 
10018 2091 5945 7256 5985 
10019 2327 5985 7256 2326 
10020 5740 6278 7258 7257 
10021 158 7257 7258 2239 
10022 2240 2239 7258 6375 
10023 5852 6375 7258 6278 
10024 5805 6801 7261 7259 
10025 5870 7259 7261 7054 
10026 5707 7054 7261 7260 
10027 5775 7260 7261 6801 
10028 1820 1819 7262 6462 
10029 5724 6462 7262 6173 
10030 5851 6173 7262 6858 
10031 114 6858 7262 1819 
10032 5796 6769 7263 7061 
10033 5863 7061 7263 6100 
10034 5793 6100 7263 6874 
10035 1719 6874 7263 6769 
10036 5851 6857 7264 7041 
10037 5755 7041 7264 6386 
10038 2061 6386 7264 2062 
10039 137 2062 7264 6857 
10040 5748 6595 7265 6732 
10041 5871 6732 7265 6561 
10042 5870 6561 7265 7259 
10043 5805 7259 7265 6595 
10044 1903 1902 7267 6182 
10045 5873 6182 7267 6965 
10046 5825 6965 7267 7266 
10047 125 7266 7267 1902 
10048 5695 6295 7269 7268 
10049 2510 7268 7269 2509 
10050 179 2509 7269 7218 
10051 5803 7218 7269 6295 
10052 5808 7270 7271 6822 
10053 5758 6822 7271 5940 
10054 5829 5940 7271 6970 
10055 5713 6970 7271 7270 
10056 5843 7029 7273 7194 
10057 5712 7194 7273 7272 
10058 100 7272 7273 1671 
10059 1672 1671 7273 7029 
10060 5785 7274 7275 7051 
10061 5872 7051 7275 6779 
10062 2463 6779 7275 2462 
10063 177 2462 7275 7274 
10064 5867 7145 7277 7132 
10065 5762 7132 7277 7276 
10066 1866 7276 7277 1865 
10067 1864 1865 7277 7145 
10068 5692 6343 7278 6369 
10069 5846 6369 7278 6399 
10070 119 6399 7278 1884 
10071 1885 1884 7278 6343 
10072 1993 6777 7279 1994 
10073 133 1994 7279 7144 
10074 5813 7144 7279 7180 
10075 5787 7180 7279 6777 
10076 5903 6809 7281 7280 
10077 2160 7280 7281 2161 
10078 148 2161 7281 6191 
10079 5866 6191 7281 6809 
10080 147 2150 7283 7282 
10081 5893 7282 7283 6101 
10082 5863 6101 7283 6749 
10083 2151 6749 7283 2150 
10084 5760 7228 7284 6819 
10085 5848 6819 7284 5968 
10086 1964 5968 7284 1963 
10087 1962 1963 7284 7228 
10088 5864 7018 7285 6389 
10089 152 6389 7285 2227 
10090 2226 2227 7285 6467 
10091 5731 6467 7285 7018 
10092 5752 5955 7286 6125 
10093 186 6125 7286 2535 
10094 2536 2535 7286 6120 
10095 5853 6120 7286 5955 
10096 5810 6427 7287 7178 
10097 5735 7178 7287 6305 
10098 2309 6305 7287 2310 
10099 159 2310 7287 6427 
10100 2528 7288 7289 2529 
10101 180 2529 7289 6282 
10102 5726 6282 7289 6007 
10103 5830 6007 7289 7288 
10104 5789 5924 7290 6299 
10105 1900 6299 7290 7130 
10106 5693 7130 7290 7062 
10107 5796 7062 7290 5924 
10108 5711 6811 7291 6396 
10109 182 6396 7291 2527 
10110 2528 2527 7291 7288 
10111 5830 7288 7291 6811 
10112 5827 7169 7292 6942 
10113 5869 6942 7292 6881 
10114 5900 6881 7292 7207 
10115 1921 7207 7292 7169 
10116 1897 6302 7293 1898 
10117 125 1898 7293 7266 
10118 5825 7266 7293 6248 
10119 5700 6248 7293 6302 
10120 5911 6424 7294 6879 
10121 5733 6879 7294 6339 
10122 178 6339 7294 2508 
10123 2507 2508 7294 6424 
10124 109 1800 7295 7103 
10125 5871 7103 7295 6734 
10126 5706 6734 7295 6326 
10127 1799 6326 7295 1800 
10128 2485 7211 7296 2484 
10129 2483 2484 7296 6077 
10130 5912 6077 7296 7240 
10131 5901 7240 7296 7211 
10132 5765 7120 7297 7191 
10133 5754 7191 7297 6926 
10134 2257 6926 7297 2258 
10135 2259 2258 7297 7120 
10136 135 2033 7298 6387 
10137 5755 6387 7298 7040 
10138 5812 7040 7298 6072 
10139 2034 6072 7298 2033 
10140 5695 7268 7299 6297 
10141 5862 6297 7299 6981 
10142 2512 6981 7299 2511 
10143 2510 2511 7299 7268 
10144 176 7101 7300 2459 
10145 2460 2459 7300 6340 
10146 5733 6340 7300 6882 
10147 5869 6882 7300 7101 
10148 121 6342 7301 1892 
10149 1891 1892 7301 6707 
10150 5722 6707 7301 6959 
10151 5692 6959 7301 6342 
10152 5811 7056 7303 6066 
10153 5761 6066 7303 7302 
10154 5884 7302 7303 7079 
10155 5721 7079 7303 7056 
10156 171 6323 7304 2414 
10157 2415 2414 7304 5949 
10158 5775 5949 7304 7260 
10159 5707 7260 7304 6323 
10160 5776 5934 7305 5951 
10161 1796 5951 7305 1797 
10162 110 1797 7305 6327 
10163 5706 6327 7305 5934 
10164 5893 6102 7306 7282 
10165 147 7282 7306 2156 
10166 2157 2156 7306 7174 
10167 5793 7174 7306 6102 
10168 5830 6812 7307 7057 
10169 5721 7057 7307 6377 
10170 151 6377 7307 2228 
10171 2229 2228 7307 6812 
10172 5817 7060 7308 6710 
10173 5723 6710 7308 6214 
10174 5886 6214 7308 6750 
10175 5863 6750 7308 7060 
10176 5710 6862 7309 7187 
10177 5881 7187 7309 6383 
10178 113 6383 7309 1822 
10179 115 1822 7309 6862 
10180 5713 7270 7310 6972 
10181 172 6972 7310 2431 
10182 2432 2431 7310 7154 
10183 5808 7154 7310 7270 
10184 1658 7152 7311 1659 
10185 100 1659 7311 7272 
10186 5712 7272 7311 7193 
10187 5842 7193 7311 7152 
10188 1866 1867 7312 7276 
10189 5762 7276 7312 7136 
10190 5768 7136 7312 6330 
10191 1868 6330 7312 1867 
10192 5739 6433 7313 6962 
10193 2031 6962 7313 2032 
10194 134 2032 7313 6309 
10195 5756 6309 7313 6433 
10196 1858 1859 7314 6681 
10197 2300 6681 7314 6239 
10198 5773 6239 7314 6578 
10199 1860 6578 7314 1859 
10200 1825 5988 7315 1826 
10201 117 1826 7315 6123 
10202 5753 6123 7315 6279 
10203 5852 6279 7315 5988 
10204 5884 7080 7316 7302 
10205 5761 7302 7316 6993 
10206 2206 6993 7316 2205 
10207 2204 2205 7316 7080 
10208 2518 2519 7317 7159 
10209 5828 7159 7317 7250 
10210 5696 7250 7317 6293 
10211 2520 6293 7317 2519 
10212 2467 6841 7319 2466 
10213 2465 2466 7319 6781 
10214 5806 6781 7319 7318 
10215 2183 7318 7319 6841 
10216 5744 5923 7320 7065 
10217 1939 7065 7320 1940 
10218 126 1940 7320 6300 
10219 5789 6300 7320 5923 
10220 2148 7142 7321 2149 
10221 144 2149 7321 7246 
10222 5746 7246 7321 6835 
10223 5797 6835 7321 7142 
10224 5745 7148 7322 7248 
10225 143 7248 7322 2144 
10226 2145 2144 7322 7140 
10227 5798 7140 7322 7148 
10228 5902 7006 7323 6824 
10229 5854 6824 7323 6699 
10230 5858 6699 7323 7222 
10231 5862 7222 7323 7006 
10232 2315 2314 7324 6486 
10233 1990 6486 7324 6041 
10234 5887 6041 7324 6656 
10235 163 6656 7324 2314 
10236 5837 7176 7325 6854 
10237 2069 6854 7325 2070 
10238 141 2070 7325 6472 
10239 5747 6472 7325 7176 
10240 1763 6360 7326 1764 
10241 105 1764 7326 6111 
10242 5736 6111 7326 7110 
10243 5784 7110 7326 6360 
10244 2457 2456 7327 6358 
10245 5786 6358 7327 7204 
10246 5785 7204 7327 7274 
10247 177 7274 7327 2456 
10248 2271 6414 7328 2272 
10249 158 2272 7328 7257 
10250 5740 7257 7328 6742 
10251 1954 6742 7328 6414 
10252 2183 2182 7329 7318 
10253 5806 7318 7329 6780 
10254 5872 6780 7329 7050 
10255 2181 7050 7329 2182 
10256 5809 6655 7330 7035 
10257 5770 7035 7330 6354 
10258 2321 6354 7330 2322 
10259 163 2322 7330 6655 
10260 1984 1983 7331 6352 
10261 5769 6352 7331 7036 
10262 5809 7036 7331 6657 
10263 130 6657 7331 1983 
10264 5734 6457 7332 6943 
10265 5827 6943 7332 7168 
10266 5838 7168 7332 7182 
10267 103 7182 7332 6457 
10268 5823 7244 7333 7253 
10269 5743 7253 7333 6968 
10270 2341 6968 7333 2340 
10271 2339 2340 7333 7244 
10272 5901 7210 7334 7239 
10273 2160 7239 7334 7280 
10274 5903 7280 7334 6808 
10275 5777 6808 7334 7210 
10276 5877 6941 7335 6628 
10277 5814 6628 7335 6617 
10278 5801 6617 7335 7100 
10279 5869 7100 7335 6941 
10280 5702 6540 7336 6511 
10281 5779 6511 7336 6804 
10282 5880 6804 7336 6393 
10283 5807 6393 7336 6540 
10284 1717 6768 7337 1716 
10285 1715 1716 7337 6843 
10286 5782 6843 7337 7066 
10287 5744 7066 7337 6768 
10288 5896 6787 7338 6761 
10289 5876 6761 7338 6891 
10290 5857 6891 7338 6995 
10291 5879 6995 7338 6787 
10292 5834 7097 7339 6963 
10293 5739 6963 7339 6912 
10294 2122 6912 7339 2121 
10295 2120 2121 7339 7097 
10296 5839 6929 7340 7126 
10297 5727 7126 7340 6526 
10298 5855 6526 7340 6636 
10299 5788 6636 7340 6929 
10300 5895 6998 7341 6597 
10301 1882 6597 7341 1881 
10302 1880 1881 7341 6675 
10303 2013 6675 7341 6998 
10304 5898 6725 7342 6637 
10305 5855 6637 7342 6720 
10306 5909 6720 7342 6660 
10307 5878 6660 7342 6725 
3 1 5 886
10308 2699 2696 2662 2698 5094 5091 5057 5093 
10309 2699 2697 2673 2696 5094 5092 5068 5091 
10310 2699 2698 2686 2697 5094 5093 5081 5092 
10311 2703 2700 2597 2702 5098 5095 4992 5097 
10312 2703 2701 257 2700 5098 5096 1440 5095 
10313 2703 2702 2617 2701 5098 5097 5012 5096 
10314 2707 2704 406 2706 5102 5099 1589 5101 
10315 2707 2705 2626 2704 5102 5100 5021 5099 
10316 2707 2706 2693 2705 5102 5101 5088 5100 
10317 2711 2708 2566 2710 5106 5103 4961 5105 
10318 2711 2709 2553 2708 5106 5104 4948 5103 
10319 2711 2710 2662 2709 5106 5105 5057 5104 
10320 2715 2712 2648 2714 5110 5107 5043 5109 
10321 2715 2713 2571 2712 5110 5108 4966 5107 
10322 2715 2714 2657 2713 5110 5109 5052 5108 
10323 2719 2716 2666 2718 5114 5111 5061 5113 
10324 2719 2717 2632 2716 5114 5112 5027 5111 
10325 2719 2718 2673 2717 5114 5113 5068 5112 
10326 2723 2720 2590 2722 5118 5115 4985 5117 
10327 2723 2721 2596 2720 5118 5116 4991 5115 
10328 2723 2722 2672 2721 5118 5117 5067 5116 
10329 2727 2724 2676 2726 5122 5119 5071 5121 
10330 2727 2725 2565 2724 5122 5120 4960 5119 
10331 2727 2726 2693 2725 5122 5121 5088 5120 
10332 2731 2728 2580 2730 5126 5123 4975 5125 
10333 2731 2729 2631 2728 5126 5124 5026 5123 
10334 2731 2730 2659 2729 5126 5125 5054 5124 
10335 2734 451 450 2733 5129 1634 1633 5128 
10336 2734 2732 452 451 5129 5127 1635 1634 
10337 2734 2733 2605 2732 5129 5128 5000 5127 
10338 2738 2735 2678 2737 5133 5130 5073 5132 
10339 2738 2736 2691 2735 5133 5131 5086 5130 
10340 2738 2737 2692 2736 5133 5132 5087 5131 
10341 2742 2739 2580 2741 5137 5134 4975 5136 
10342 2742 2740 2579 2739 5137 5135 4974 5134 
10343 2742 2741 2634 2740 5137 5136 5029 5135 
10344 2745 365 364 2744 5140 1548 1547 5139 
10345 2745 2743 366 365 5140 5138 1549 1548 
10346 2745 2744 2588 2743 5140 5139 4983 5138 
10347 2748 252 251 2747 5143 1435 1434 5142 
10348 2748 2746 253 252 5143 5141 1436 1435 
10349 2748 2747 2622 2746 5143 5142 5017 5141 
10350 2751 287 286 2750 5146 1470 1469 5145 
10351 2751 2749 288 287 5146 5144 1471 1470 
10352 2751 2750 2664 2749 5146 5145 5059 5144 
10353 2754 293 292 2753 5149 1476 1475 5148 
10354 2754 2752 294 293 5149 5147 1477 1476 
10355 2754 2753 2623 2752 5149 5148 5018 5147 
10356 2758 2755 2581 2757 5153 5150 4976 5152 
10357 2758 2756 2638 2755 5153 5151 5033 5150 
10358 2758 2757 2656 2756 5153 5152 5051 5151 
10359 2762 2759 2576 2761 5157 5154 4971 5156 
10360 2762 2760 2584 2759 5157 5155 4979 5154 
10361 2762 2761 2661 2760 5157 5156 5056 5155 
10362 2766 2763 2589 2765 5161 5158 4984 5160 
10363 2766 2764 394 2763 5161 5159 1577 5158 
10364 2766 2765 2610 2764 5161 5160 5005 5159 
10365 2770 2767 2639 2769 5165 5162 5034 5164 
10366 2770 2768 2578 2767 5165 5163 4973 5162 
10367 2770 2769 2666 2768 5165 5164 5061 5163 
10368 2774 2771 2676 2773 5169 5166 5071 5168 
10369 2774 2772 2683 2771 5169 5167 5078 5166 
10370 2774 2773 2695 2772 5169 5168 5090 5167 
10371 2778 2775 2677 2777 5173 5170 5072 5172 
10372 2778 2776 2685 2775 5173 5171 5080 5170 
10373 2778 2777 2689 2776 5173 5172 5084 5171 
10374 2782 2779 247 246 5177 5174 1430 1429 
10375 2782 2780 2616 2779 5177 5175 5011 5174 
10376 2782 2781 2605 2780 5177 5176 5000 5175 
10377 2782 246 245 2781 5177 1429 1428 5176 
10378 2786 2783 2581 2785 5181 5178 4976 5180 
10379 2786 2784 2559 2783 5181 5179 4954 5178 
10380 2786 279 278 2784 5181 1462 1461 5179 
10381 2786 2785 280 279 5181 5180 1463 1462 
10382 2789 2787 274 273 5184 5182 1457 1456 
10383 2789 2788 2601 2787 5184 5183 4996 5182 
10384 2789 229 228 2788 5184 1412 1411 5183 
10385 2789 273 2 229 5184 1456 95 1412 
10386 2793 2790 2604 2792 5188 5185 4999 5187 
10387 2793 2791 2602 2790 5188 5186 4997 5185 
10388 2793 313 312 2791 5188 1496 1495 5186 
10389 2793 2792 314 313 5188 5187 1497 1496 
10390 2795 2794 317 316 5190 5189 1500 1499 
10391 2795 2792 2604 2794 5190 5187 4999 5189 
10392 2795 315 314 2792 5190 1498 1497 5187 
10393 2795 316 4 315 5190 1499 97 1498 
10394 2798 2796 249 248 5193 5191 1432 1431 
10395 2798 2797 2624 2796 5193 5192 5019 5191 
10396 2798 2779 2616 2797 5193 5174 5011 5192 
10397 2798 248 247 2779 5193 1431 1430 5174 
10398 2801 2781 245 244 5196 5176 1428 1427 
10399 2801 2799 2605 2781 5196 5194 5000 5176 
10400 2801 2800 2574 2799 5196 5195 4969 5194 
10401 2801 244 243 2800 5196 1427 1426 5195 
10402 2805 2802 200 199 5200 5197 1383 1382 
10403 2805 2803 2582 2802 5200 5198 4977 5197 
10404 2805 2804 2587 2803 5200 5199 4982 5198 
10405 2805 199 198 2804 5200 1382 1381 5199 
10406 2809 2806 2600 2808 5204 5201 4995 5203 
10407 2809 2807 2603 2806 5204 5202 4998 5201 
10408 2809 189 188 2807 5204 1372 1371 5202 
10409 2809 2808 190 189 5204 5203 1373 1372 
10410 2813 2810 353 352 5208 5205 1536 1535 
10411 2813 2811 2555 2810 5208 5206 4950 5205 
10412 2813 2812 2578 2811 5208 5207 4973 5206 
10413 2813 352 351 2812 5208 1535 1534 5207 
10414 2816 2814 2574 2800 5211 5209 4969 5195 
10415 2816 2815 2585 2814 5211 5210 4980 5209 
10416 2816 242 241 2815 5211 1425 1424 5210 
10417 2816 2800 243 242 5211 5195 1426 1425 
10418 2819 2817 2585 2815 5214 5212 4980 5210 
10419 2819 2818 2586 2817 5214 5213 4981 5212 
10420 2819 240 239 2818 5214 1423 1422 5213 
10421 2819 2815 241 240 5214 5210 1424 1423 
10422 2823 2820 2591 2822 5218 5215 4986 5217 
10423 2823 2821 2592 2820 5218 5216 4987 5215 
10424 2823 326 325 2821 5218 1509 1508 5216 
10425 2823 2822 327 326 5218 5217 1510 1509 
10426 2825 187 1 272 5220 1370 94 1455 
10427 2825 2807 188 187 5220 5202 1371 1370 
10428 2825 2824 2603 2807 5220 5219 4998 5202 
10429 2825 272 271 2824 5220 1455 1454 5219 
10430 2828 2826 231 230 5223 5221 1414 1413 
10431 2828 2827 2599 2826 5223 5222 4994 5221 
10432 2828 358 357 2827 5223 1541 1540 5222 
10433 2828 230 3 358 5223 1413 96 1541 
10434 2832 2829 2570 2831 5227 5224 4965 5226 
10435 2832 2830 2583 2829 5227 5225 4978 5224 
10436 2832 219 218 2830 5227 1402 1401 5225 
10437 2832 2831 220 219 5227 5226 1403 1402 
10438 2836 2833 2558 2835 5231 5228 4953 5230 
10439 2836 2834 2579 2833 5231 5229 4974 5228 
10440 2836 266 265 2834 5231 1449 1448 5229 
10441 2836 2835 267 266 5231 5230 1450 1449 
10442 2839 2837 304 303 5234 5232 1487 1486 
10443 2839 2759 2584 2837 5234 5154 4979 5232 
10444 2839 2838 2576 2759 5234 5233 4971 5154 
10445 2839 303 302 2838 5234 1486 1485 5233 
10446 2841 2739 2579 2834 5236 5134 4974 5229 
10447 2841 2840 2580 2739 5236 5235 4975 5134 
10448 2841 264 263 2840 5236 1447 1446 5235 
10449 2841 2834 265 264 5236 5229 1448 1447 
10450 2846 2842 2677 2845 5241 5237 5072 5240 
10451 2846 2843 2554 2842 5241 5238 4949 5237 
10452 2846 2844 2636 2843 5241 5239 5031 5238 
10453 2846 2845 2694 2844 5241 5240 5089 5239 
10454 2851 2847 2682 2850 5246 5242 5077 5245 
10455 2851 2848 2600 2847 5246 5243 4995 5242 
10456 2851 2849 2643 2848 5246 5244 5038 5243 
10457 2851 2850 2692 2849 5246 5245 5087 5244 
10458 2856 2852 2680 2855 5251 5247 5075 5250 
10459 2856 2853 2560 2852 5251 5248 4955 5247 
10460 2856 2854 2642 2853 5251 5249 5037 5248 
10461 2856 2855 2690 2854 5251 5250 5085 5249 
10462 2859 301 300 2858 5254 1484 1483 5253 
10463 2859 2838 302 301 5254 5233 1485 1484 
10464 2859 2857 2576 2838 5254 5252 4971 5233 
10465 2859 2858 2647 2857 5254 5253 5042 5252 
10466 2862 356 355 2861 5257 1539 1538 5256 
10467 2862 2827 357 356 5257 5222 1540 1539 
10468 2862 2860 2599 2827 5257 5255 4994 5222 
10469 2862 2861 2641 2860 5257 5256 5036 5255 
10470 2865 270 269 2864 5260 1453 1452 5259 
10471 2865 2824 271 270 5260 5219 1454 1453 
10472 2865 2863 2603 2824 5260 5258 4998 5219 
10473 2865 2864 2653 2863 5260 5259 5048 5258 
10474 2869 330 329 2868 5264 1513 1512 5263 
10475 2869 2866 331 330 5264 5261 1514 1513 
10476 2869 2867 2629 2866 5264 5262 5024 5261 
10477 2869 2868 2671 2867 5264 5263 5066 5262 
10478 2872 311 310 2871 5267 1494 1493 5266 
10479 2872 2791 312 311 5267 5186 1495 1494 
10480 2872 2870 2602 2791 5267 5265 4997 5186 
10481 2872 2871 2642 2870 5267 5266 5037 5265 
10482 2875 277 276 2874 5270 1460 1459 5269 
10483 2875 2784 278 277 5270 5179 1461 1460 
10484 2875 2873 2559 2784 5270 5268 4954 5179 
10485 2875 2874 2645 2873 5270 5269 5040 5268 
10486 2879 234 233 2878 5274 1417 1416 5273 
10487 2879 2876 235 234 5274 5271 1418 1417 
10488 2879 2877 2567 2876 5274 5272 4962 5271 
10489 2879 2878 2644 2877 5274 5273 5039 5272 
10490 2883 193 192 2882 5278 1376 1375 5277 
10491 2883 2880 194 193 5278 5275 1377 1376 
10492 2883 2881 2556 2880 5278 5276 4951 5275 
10493 2883 2882 2643 2881 5278 5277 5038 5276 
10494 2887 320 319 2886 5282 1503 1502 5281 
10495 2887 2884 321 320 5282 5279 1504 1503 
10496 2887 2885 2563 2884 5282 5280 4958 5279 
10497 2887 2886 2646 2885 5282 5281 5041 5280 
10498 2890 227 226 2889 5285 1410 1409 5284 
10499 2890 2788 228 227 5285 5183 1411 1410 
10500 2890 2888 2601 2788 5285 5283 4996 5183 
10501 2890 2889 2640 2888 5285 5284 5035 5283 
10502 2893 197 196 2892 5288 1380 1379 5287 
10503 2893 2804 198 197 5288 5199 1381 1380 
10504 2893 2891 2587 2804 5288 5286 4982 5199 
10505 2893 2892 2648 2891 5288 5287 5043 5286 
10506 2896 324 323 2895 5291 1507 1506 5290 
10507 2896 2821 325 324 5291 5216 1508 1507 
10508 2896 2894 2592 2821 5291 5289 4987 5216 
10509 2896 2895 2651 2894 5291 5290 5046 5289 
10510 2899 238 237 2898 5294 1421 1420 5293 
10511 2899 2818 239 238 5294 5213 1422 1421 
10512 2899 2897 2586 2818 5294 5292 4981 5213 
10513 2899 2898 2650 2897 5294 5293 5045 5292 
10514 2903 223 222 2902 5298 1406 1405 5297 
10515 2903 2900 224 223 5298 5295 1407 1406 
10516 2903 2901 2557 2900 5298 5296 4952 5295 
10517 2903 2902 2652 2901 5298 5297 5047 5296 
10518 2907 307 306 2906 5302 1490 1489 5301 
10519 2907 2904 308 307 5302 5299 1491 1490 
10520 2907 2905 2560 2904 5302 5300 4955 5299 
10521 2907 2906 2649 2905 5302 5301 5044 5300 
10522 2909 350 349 2908 5304 1533 1532 5303 
10523 2909 2812 351 350 5304 5207 1534 1533 
10524 2909 2767 2578 2812 5304 5162 4973 5207 
10525 2909 2908 2639 2767 5304 5303 5034 5162 
10526 2913 2910 2569 2912 5308 5305 4964 5307 
10527 2913 369 368 2910 5308 1552 1551 5305 
10528 2913 2911 370 369 5308 5306 1553 1552 
10529 2913 2912 2670 2911 5308 5307 5065 5306 
10530 2917 455 454 2916 5312 1638 1637 5311 
10531 2917 2914 456 455 5312 5309 1639 1638 
10532 2917 2915 2566 2914 5312 5310 4961 5309 
10533 2917 2916 2663 2915 5312 5311 5058 5310 
10534 2920 2918 2554 2843 5315 5313 4949 5238 
10535 2920 373 372 2918 5315 1556 1555 5313 
10536 2920 2919 374 373 5315 5314 1557 1556 
10537 2920 2843 2636 2919 5315 5238 5031 5314 
10538 2924 2921 2568 2923 5319 5316 4963 5318 
10539 2924 463 462 2921 5319 1646 1645 5316 
10540 2924 2922 464 463 5319 5317 1647 1646 
10541 2924 2923 2637 2922 5319 5318 5032 5317 
10542 2928 2925 2593 2927 5323 5320 4988 5322 
10543 2928 469 468 2925 5323 1652 1651 5320 
10544 2928 2926 470 469 5323 5321 1653 1652 
10545 2928 2927 2658 2926 5323 5322 5053 5321 
10546 2931 2929 2602 2870 5326 5324 4997 5265 
10547 2931 2930 2681 2929 5326 5325 5076 5324 
10548 2931 2854 2690 2930 5326 5249 5085 5325 
10549 2931 2870 2642 2854 5326 5265 5037 5249 
10550 2934 2932 2675 2933 5329 5327 5070 5328 
10551 2934 2740 2634 2932 5329 5135 5029 5327 
10552 2934 2833 2579 2740 5329 5228 4974 5135 
10553 2934 2933 2558 2833 5329 5328 4953 5228 
10554 2936 2822 2591 2935 5331 5217 4986 5330 
10555 2936 328 327 2822 5331 1511 1510 5217 
10556 2936 2868 329 328 5331 5263 1512 1511 
10557 2936 2935 2671 2868 5331 5330 5066 5263 
10558 2938 2831 2570 2937 5333 5226 4965 5332 
10559 2938 221 220 2831 5333 1404 1403 5226 
10560 2938 2902 222 221 5333 5297 1405 1404 
10561 2938 2937 2652 2902 5333 5332 5047 5297 
10562 2941 2939 2627 2940 5336 5334 5022 5335 
10563 2941 348 347 2939 5336 1531 1530 5334 
10564 2941 2908 349 348 5336 5303 1532 1531 
10565 2941 2940 2639 2908 5336 5335 5034 5303 
10566 2942 2808 2600 2848 5337 5203 4995 5243 
10567 2942 191 190 2808 5337 1374 1373 5203 
10568 2942 2882 192 191 5337 5277 1375 1374 
10569 2942 2848 2643 2882 5337 5243 5038 5277 
10570 2944 2787 2601 2943 5339 5182 4996 5338 
10571 2944 275 274 2787 5339 1458 1457 5182 
10572 2944 2874 276 275 5339 5269 1459 1458 
10573 2944 2943 2645 2874 5339 5338 5040 5269 
10574 2946 2826 2599 2945 5341 5221 4994 5340 
10575 2946 232 231 2826 5341 1415 1414 5221 
10576 2946 2878 233 232 5341 5273 1416 1415 
10577 2946 2945 2644 2878 5341 5340 5039 5273 
10578 2948 2876 2567 2947 5343 5271 4962 5342 
10579 2948 236 235 2876 5343 1419 1418 5271 
10580 2948 2898 237 236 5343 5293 1420 1419 
10581 2948 2947 2650 2898 5343 5342 5045 5293 
10582 2950 2900 2557 2949 5345 5295 4952 5344 
10583 2950 225 224 2900 5345 1408 1407 5295 
10584 2950 2889 226 225 5345 5284 1409 1408 
10585 2950 2949 2640 2889 5345 5344 5035 5284 
10586 2953 217 216 2952 5348 1400 1399 5347 
10587 2953 2830 218 217 5348 5225 1401 1400 
10588 2953 2951 2583 2830 5348 5346 4978 5225 
10589 2953 2952 2672 2951 5348 5347 5067 5346 
10590 2955 2837 2584 2954 5350 5232 4979 5349 
10591 2955 305 304 2837 5350 1488 1487 5232 
10592 2955 2906 306 305 5350 5301 1489 1488 
10593 2955 2954 2649 2906 5350 5349 5044 5301 
10594 2957 2794 2604 2956 5352 5189 4999 5351 
10595 2957 318 317 2794 5352 1501 1500 5189 
10596 2957 2886 319 318 5352 5281 1502 1501 
10597 2957 2956 2646 2886 5352 5351 5041 5281 
10598 2959 2884 2563 2958 5354 5279 4958 5353 
10599 2959 322 321 2884 5354 1505 1504 5279 
10600 2959 2895 323 322 5354 5290 1506 1505 
10601 2959 2958 2651 2895 5354 5353 5046 5290 
10602 2961 2880 2556 2960 5356 5275 4951 5355 
10603 2961 195 194 2880 5356 1378 1377 5275 
10604 2961 2892 196 195 5356 5287 1379 1378 
10605 2961 2960 2648 2892 5356 5355 5043 5287 
10606 2963 2810 2555 2962 5358 5205 4950 5357 
10607 2963 354 353 2810 5358 1537 1536 5205 
10608 2963 2861 355 354 5358 5256 1538 1537 
10609 2963 2962 2641 2861 5358 5357 5036 5256 
10610 2965 2835 2558 2964 5360 5230 4953 5359 
10611 2965 268 267 2835 5360 1451 1450 5230 
10612 2965 2864 269 268 5360 5259 1452 1451 
10613 2965 2964 2653 2864 5360 5359 5048 5259 
10614 2968 2966 2606 2967 5363 5361 5001 5362 
10615 2968 299 298 2966 5363 1482 1481 5361 
10616 2968 2858 300 299 5363 5253 1483 1482 
10617 2968 2967 2647 2858 5363 5362 5042 5253 
10618 2969 2904 2560 2853 5364 5299 4955 5248 
10619 2969 309 308 2904 5364 1492 1491 5299 
10620 2969 2871 310 309 5364 5266 1493 1492 
10621 2969 2853 2642 2871 5364 5248 5037 5266 
10622 2971 2956 2604 2790 5366 5351 4999 5185 
10623 2971 2970 2646 2956 5366 5365 5041 5351 
10624 2971 2929 2681 2970 5366 5324 5076 5365 
10625 2971 2790 2602 2929 5366 5185 4997 5324 
10626 2976 2972 2607 2975 5371 5367 5002 5370 
10627 2976 2973 2688 2972 5371 5368 5083 5367 
10628 2976 2974 2691 2973 5371 5369 5086 5368 
10629 2976 2975 2655 2974 5371 5370 5050 5369 
10630 2981 2977 2687 2980 5376 5372 5082 5375 
10631 2981 2978 2608 2977 5376 5373 5003 5372 
10632 2981 2979 2654 2978 5376 5374 5049 5373 
10633 2981 2980 2695 2979 5376 5375 5090 5374 
10634 2984 2982 432 431 5379 5377 1615 1614 
10635 2984 2975 2607 2982 5379 5370 5002 5377 
10636 2984 2983 2655 2975 5379 5378 5050 5370 
10637 2984 431 430 2983 5379 1614 1613 5378 
10638 2986 2863 2653 2985 5381 5258 5048 5380 
10639 2986 2806 2603 2863 5381 5201 4998 5258 
10640 2986 2847 2600 2806 5381 5242 4995 5201 
10641 2986 2985 2682 2847 5381 5380 5077 5242 
10642 2989 2987 2608 2978 5384 5382 5003 5373 
10643 2989 401 400 2987 5384 1584 1583 5382 
10644 2989 2988 402 401 5384 5383 1585 1584 
10645 2989 2978 2654 2988 5384 5373 5049 5383 
10646 2993 2990 2622 2992 5388 5385 5017 5387 
10647 2993 445 444 2990 5388 1628 1627 5385 
10648 2993 2991 446 445 5388 5386 1629 1628 
10649 2993 2992 2674 2991 5388 5387 5069 5386 
10650 2995 2840 263 262 5390 5235 1446 1445 
10651 2995 2730 2580 2840 5390 5125 4975 5235 
10652 2995 2994 2659 2730 5390 5389 5054 5125 
10653 2995 262 261 2994 5390 1445 1444 5389 
10654 2997 2996 2654 2979 5392 5391 5049 5374 
10655 2997 2724 2565 2996 5392 5119 4960 5391 
10656 2997 2773 2676 2724 5392 5168 5071 5119 
10657 2997 2979 2695 2773 5392 5374 5090 5168 
10658 3000 2998 2632 2717 5395 5393 5027 5112 
10659 3000 2999 2679 2998 5395 5394 5074 5393 
10660 3000 2697 2686 2999 5395 5092 5081 5394 
10661 3000 2717 2673 2697 5395 5112 5068 5092 
10662 3002 2768 2666 2716 5397 5163 5061 5111 
10663 3002 2811 2578 2768 5397 5206 4973 5163 
10664 3002 3001 2555 2811 5397 5396 4950 5206 
10665 3002 2716 2632 3001 5397 5111 5027 5396 
10666 3005 2888 2640 3004 5400 5283 5035 5399 
10667 3005 2943 2601 2888 5400 5338 4996 5283 
10668 3005 3003 2645 2943 5400 5398 5040 5338 
10669 3005 3004 2684 3003 5400 5399 5079 5398 
10670 3008 2901 2652 3007 5403 5296 5047 5402 
10671 3008 3006 2557 2901 5403 5401 4952 5296 
10672 3008 2771 2683 3006 5403 5166 5078 5401 
10673 3008 3007 2676 2771 5403 5402 5071 5166 
10674 3011 2873 2645 3003 5406 5268 5040 5398 
10675 3011 3009 2559 2873 5406 5404 4954 5268 
10676 3011 3010 2635 3009 5406 5405 5030 5404 
10677 3011 3003 2684 3010 5406 5398 5079 5405 
10678 3014 375 374 2919 5409 1558 1557 5314 
10679 3014 3012 376 375 5409 5407 1559 1558 
10680 3014 3013 2572 3012 5409 5408 4967 5407 
10681 3014 2919 2636 3013 5409 5314 5031 5408 
10682 3017 465 464 2922 5412 1648 1647 5317 
10683 3017 3015 466 465 5412 5410 1649 1648 
10684 3017 3016 2577 3015 5412 5411 4972 5410 
10685 3017 2922 2637 3016 5412 5317 5032 5411 
10686 3020 471 470 2926 5415 1654 1653 5321 
10687 3020 3018 472 471 5415 5413 1655 1654 
10688 3020 3019 2613 3018 5415 5414 5008 5413 
10689 3020 2926 2658 3019 5415 5321 5053 5414 
10690 3023 2970 2681 3022 5418 5365 5076 5417 
10691 3023 2885 2646 2970 5418 5280 5041 5365 
10692 3023 3021 2563 2885 5418 5416 4958 5280 
10693 3023 3022 2685 3021 5418 5417 5080 5416 
10694 3027 3024 2553 3026 5422 5419 4948 5421 
10695 3027 459 458 3024 5422 1642 1641 5419 
10696 3027 3025 460 459 5422 5420 1643 1642 
10697 3027 3026 2564 3025 5422 5421 4959 5420 
10698 3029 2911 2670 3028 5424 5306 5065 5423 
10699 3029 371 370 2911 5424 1554 1553 5306 
10700 3029 2918 372 371 5424 5313 1555 1554 
10701 3029 3028 2554 2918 5424 5423 4949 5313 
10702 3031 3025 2564 3030 5426 5420 4959 5425 
10703 3031 461 460 3025 5426 1644 1643 5420 
10704 3031 2921 462 461 5426 5316 1645 1644 
10705 3031 3030 2568 2921 5426 5425 4963 5316 
10706 3033 2743 2588 3032 5428 5138 4983 5427 
10707 3033 367 366 2743 5428 1550 1549 5138 
10708 3033 2910 368 367 5428 5305 1551 1550 
10709 3033 3032 2569 2910 5428 5427 4964 5305 
10710 3037 361 360 3036 5432 1544 1543 5431 
10711 3037 3034 362 361 5432 5429 1545 1544 
10712 3037 3035 2594 3034 5432 5430 4989 5429 
10713 3037 3036 2621 3035 5432 5431 5016 5430 
10714 3038 2914 2566 2708 5433 5309 4961 5103 
10715 3038 457 456 2914 5433 1640 1639 5309 
10716 3038 3024 458 457 5433 5419 1641 1640 
10717 3038 2708 2553 3024 5433 5103 4948 5419 
10718 3040 3015 2577 3039 5435 5410 4972 5434 
10719 3040 467 466 3015 5435 1650 1649 5410 
10720 3040 2925 468 467 5435 5320 1651 1650 
10721 3040 3039 2593 2925 5435 5434 4988 5320 
10722 3042 2964 2558 2933 5437 5359 4953 5328 
10723 3042 2985 2653 2964 5437 5380 5048 5359 
10724 3042 3041 2682 2985 5437 5436 5077 5380 
10725 3042 2933 2675 3041 5437 5328 5070 5436 
10726 3045 3043 2668 3044 5440 5438 5063 5439 
10727 3045 3018 2613 3043 5440 5413 5008 5438 
10728 3045 473 472 3018 5440 1656 1655 5413 
10729 3045 3044 5 473 5440 5439 98 1656 
10730 3047 3001 2632 2998 5442 5396 5027 5393 
10731 3047 2962 2555 3001 5442 5357 4950 5396 
10732 3047 3046 2641 2962 5442 5441 5036 5357 
10733 3047 2998 2679 3046 5442 5393 5074 5441 
10734 3049 2860 2641 3046 5444 5255 5036 5441 
10735 3049 2945 2599 2860 5444 5340 4994 5255 
10736 3049 3048 2644 2945 5444 5443 5039 5340 
10737 3049 3046 2679 3048 5444 5441 5074 5443 
10738 3053 3050 212 211 5448 5445 1395 1394 
10739 3053 3051 2612 3050 5448 5446 5007 5445 
10740 3053 3052 2620 3051 5448 5447 5015 5446 
10741 3053 211 210 3052 5448 1394 1393 5447 
10742 3057 3054 2619 3056 5452 5449 5014 5451 
10743 3057 3055 2611 3054 5452 5450 5006 5449 
10744 3057 205 204 3055 5452 1388 1387 5450 
10745 3057 3056 206 205 5452 5451 1389 1388 
10746 3060 2698 2662 3059 5455 5093 5057 5454 
10747 3060 3058 2686 2698 5455 5453 5081 5093 
10748 3060 2947 2567 3058 5455 5342 4962 5453 
10749 3060 3059 2650 2947 5455 5454 5045 5342 
10750 3063 3061 2573 3062 5458 5456 4968 5457 
10751 3063 260 259 3061 5458 1443 1442 5456 
10752 3063 2994 261 260 5458 5389 1444 1443 
10753 3063 3062 2659 2994 5458 5457 5054 5389 
10754 3066 3012 2572 3065 5461 5407 4967 5460 
10755 3066 377 376 3012 5461 1560 1559 5407 
10756 3066 3064 378 377 5461 5459 1561 1560 
10757 3066 3065 2661 3064 5461 5460 5056 5459 
10758 3067 3048 2679 2999 5462 5443 5074 5394 
10759 3067 2877 2644 3048 5462 5272 5039 5443 
10760 3067 3058 2567 2877 5462 5453 4962 5272 
10761 3067 2999 2686 3058 5462 5394 5081 5453 
10762 3070 3068 2678 2735 5465 5463 5073 5130 
10763 3070 3069 2609 3068 5465 5464 5004 5463 
10764 3070 2974 2655 3069 5465 5369 5050 5464 
10765 3070 2735 2691 2974 5465 5130 5086 5369 
10766 3073 3071 214 213 5468 5466 1397 1396 
10767 3073 3072 2596 3071 5468 5467 4991 5466 
10768 3073 3050 2612 3072 5468 5445 5007 5467 
10769 3073 213 212 3050 5468 1396 1395 5445 
10770 3076 3074 2611 3055 5471 5469 5006 5450 
10771 3076 3075 2595 3074 5471 5470 4990 5469 
10772 3076 203 202 3075 5471 1386 1385 5470 
10773 3076 3055 204 203 5471 5450 1387 1386 
10774 3078 2996 2565 3077 5473 5391 4960 5472 
10775 3078 2988 2654 2996 5473 5383 5049 5391 
10776 3078 403 402 2988 5473 1586 1585 5383 
10777 3078 3077 404 403 5473 5472 1587 1586 
10778 3082 3079 2656 3081 5477 5474 5051 5476 
10779 3082 3080 2562 3079 5477 5475 4957 5474 
10780 3082 2977 2608 3080 5477 5372 5003 5475 
10781 3082 3081 2687 2977 5477 5476 5082 5372 
10782 3084 3083 2609 3069 5479 5478 5004 5464 
10783 3084 429 428 3083 5479 1612 1611 5478 
10784 3084 2983 430 429 5479 5378 1613 1612 
10785 3084 3069 2655 2983 5479 5464 5050 5378 
10786 3086 2949 2557 3006 5481 5344 4952 5401 
10787 3086 3004 2640 2949 5481 5399 5035 5344 
10788 3086 3085 2684 3004 5481 5480 5079 5399 
10789 3086 3006 2683 3085 5481 5401 5078 5480 
10790 3088 2937 2570 3087 5483 5332 4965 5482 
10791 3088 3007 2652 2937 5483 5402 5047 5332 
10792 3088 2726 2676 3007 5483 5121 5071 5402 
10793 3088 3087 2693 2726 5483 5482 5088 5121 
10794 3092 3089 2615 3091 5487 5484 5010 5486 
10795 3092 3090 2623 3089 5487 5485 5018 5484 
10796 3092 389 388 3090 5487 1572 1571 5485 
10797 3092 3091 390 389 5487 5486 1573 1572 
10798 3095 2990 444 443 5490 5385 1627 1626 
10799 3095 3093 2622 2990 5490 5488 5017 5385 
10800 3095 3094 2614 3093 5490 5489 5009 5488 
10801 3095 443 442 3094 5490 1626 1625 5489 
10802 3097 2930 2690 3096 5492 5325 5085 5491 
10803 3097 3022 2681 2930 5492 5417 5076 5325 
10804 3097 2775 2685 3022 5492 5170 5080 5417 
10805 3097 3096 2677 2775 5492 5491 5072 5170 
10806 3099 3098 2691 2736 5494 5493 5086 5131 
10807 3099 3041 2675 3098 5494 5436 5070 5493 
10808 3099 2850 2682 3041 5494 5245 5077 5436 
10809 3099 2736 2692 2850 5494 5131 5087 5245 
10810 3101 2737 2678 3100 5496 5132 5073 5495 
10811 3101 2849 2692 2737 5496 5244 5087 5132 
10812 3101 2881 2643 2849 5496 5276 5038 5244 
10813 3101 3100 2556 2881 5496 5495 4951 5276 
10814 3104 3030 2564 3103 5499 5425 4959 5498 
10815 3104 3102 2568 3030 5499 5497 4963 5425 
10816 3104 2718 2666 3102 5499 5113 5061 5497 
10817 3104 3103 2673 2718 5499 5498 5068 5113 
10818 3105 215 214 3071 5500 1398 1397 5466 
10819 3105 2952 216 215 5500 5347 1399 1398 
10820 3105 2721 2672 2952 5500 5116 5067 5347 
10821 3105 3071 2596 2721 5500 5466 4991 5116 
10822 3107 359 5 3044 5502 1542 98 5439 
10823 3107 3036 360 359 5502 5431 1543 1542 
10824 3107 3106 2621 3036 5502 5501 5016 5431 
10825 3107 3044 2668 3106 5502 5439 5063 5501 
10826 3109 2802 2582 3108 5504 5197 4977 5503 
10827 3109 201 200 2802 5504 1384 1383 5197 
10828 3109 3075 202 201 5504 5470 1385 1384 
10829 3109 3108 2595 3075 5504 5503 4990 5470 
10830 3111 3009 2635 3110 5506 5404 5030 5505 
10831 3111 2783 2559 3009 5506 5178 4954 5404 
10832 3111 2757 2581 2783 5506 5152 4976 5178 
10833 3111 3110 2656 2757 5506 5505 5051 5152 
10834 3114 3112 2664 2750 5509 5507 5059 5145 
10835 3114 3113 2575 3112 5509 5508 4970 5507 
10836 3114 285 284 3113 5509 1468 1467 5508 
10837 3114 2750 286 285 5509 5145 1469 1468 
10838 3116 2987 400 399 5511 5382 1583 1582 
10839 3116 3080 2608 2987 5511 5475 5003 5382 
10840 3116 3115 2562 3080 5511 5510 4957 5475 
10841 3116 399 398 3115 5511 1582 1581 5510 
10842 3119 3117 2561 3118 5514 5512 4956 5513 
10843 3119 2982 2607 3117 5514 5377 5002 5512 
10844 3119 433 432 2982 5514 1616 1615 5377 
10845 3119 3118 434 433 5514 5513 1617 1616 
10846 3120 2725 2693 2706 5515 5120 5088 5101 
10847 3120 3077 2565 2725 5515 5472 4960 5120 
10848 3120 405 404 3077 5515 1588 1587 5472 
10849 3120 2706 406 405 5515 5101 1589 1588 
10850 3124 3121 345 344 5519 5516 1528 1527 
10851 3124 3122 2669 3121 5519 5517 5064 5516 
10852 3124 3123 2593 3122 5519 5518 4988 5517 
10853 3124 344 343 3123 5519 1527 1526 5518 
10854 3127 3125 2587 2891 5522 5520 4982 5286 
10855 3127 3126 2628 3125 5522 5521 5023 5520 
10856 3127 2712 2571 3126 5522 5107 4966 5521 
10857 3127 2891 2648 2712 5522 5286 5043 5107 
10858 3129 2939 347 346 5524 5334 1530 1529 
10859 3129 3128 2627 2939 5524 5523 5022 5334 
10860 3129 3121 2669 3128 5524 5516 5064 5523 
10861 3129 346 345 3121 5524 1529 1528 5516 
10862 3131 3130 2637 2923 5526 5525 5032 5318 
10863 3131 2769 2639 3130 5526 5164 5034 5525 
10864 3131 3102 2666 2769 5526 5497 5061 5164 
10865 3131 2923 2568 3102 5526 5318 4963 5497 
10866 3134 3132 2629 3133 5529 5527 5024 5528 
10867 3134 3034 2594 3132 5529 5429 4989 5527 
10868 3134 363 362 3034 5529 1546 1545 5429 
10869 3134 3133 364 363 5529 5528 1547 1546 
10870 3137 3135 2621 3106 5532 5530 5016 5501 
10871 3137 336 335 3135 5532 1519 1518 5530 
10872 3137 3136 337 336 5532 5531 1520 1519 
10873 3137 3106 2668 3136 5532 5501 5063 5531 
10874 3139 2829 2583 3138 5534 5224 4978 5533 
10875 3139 3087 2570 2829 5534 5482 4965 5224 
10876 3139 2705 2693 3087 5534 5100 5088 5482 
10877 3139 3138 2626 2705 5534 5533 5021 5100 
10878 3142 2713 2657 3141 5537 5108 5052 5536 
10879 3142 3140 2571 2713 5537 5535 4966 5108 
10880 3142 3068 2609 3140 5537 5463 5004 5535 
10881 3142 3141 2678 3068 5537 5536 5073 5463 
10882 3144 3059 2662 2710 5539 5454 5057 5105 
10883 3144 2897 2650 3059 5539 5292 5045 5454 
10884 3144 3143 2586 2897 5539 5538 4981 5292 
10885 3144 2710 2566 3143 5539 5105 4961 5538 
10886 3146 3085 2683 2772 5541 5480 5078 5167 
10887 3146 3010 2684 3085 5541 5405 5079 5480 
10888 3146 3145 2635 3010 5541 5540 5030 5405 
10889 3146 2772 2695 3145 5541 5167 5090 5540 
10890 3150 3147 418 417 5545 5542 1601 1600 
10891 3150 3148 2619 3147 5545 5543 5014 5542 
10892 3150 3149 2667 3148 5545 5544 5062 5543 
10893 3150 417 416 3149 5545 1600 1599 5544 
10894 3153 3151 414 413 5548 5546 1597 1596 
10895 3153 3051 2620 3151 5548 5446 5015 5546 
10896 3153 3152 2612 3051 5548 5547 5007 5446 
10897 3153 413 412 3152 5548 1596 1595 5547 
10898 3155 3054 2611 3154 5550 5449 5006 5549 
10899 3155 3147 2619 3054 5550 5542 5014 5449 
10900 3155 419 418 3147 5550 1602 1601 5542 
10901 3155 3154 420 419 5550 5549 1603 1602 
10902 3157 3064 2661 2761 5552 5459 5056 5156 
10903 3157 379 378 3064 5552 1562 1561 5459 
10904 3157 3156 380 379 5552 5551 1563 1562 
10905 3157 2761 2576 3156 5552 5156 4971 5551 
10906 3161 3158 2663 3160 5556 5553 5058 5555 
10907 3161 2814 2585 3158 5556 5209 4980 5553 
10908 3161 3159 2574 2814 5556 5554 4969 5209 
10909 3161 3160 2660 3159 5556 5555 5055 5554 
10910 3163 3162 339 338 5558 5557 1522 1521 
10911 3163 3043 2613 3162 5558 5438 5008 5557 
10912 3163 3136 2668 3043 5558 5531 5063 5438 
10913 3163 338 337 3136 5558 1521 1520 5531 
10914 3165 3083 428 427 5560 5478 1611 1610 
10915 3165 3140 2609 3083 5560 5535 5004 5478 
10916 3165 3164 2571 3140 5560 5559 4966 5535 
10917 3165 427 426 3164 5560 1610 1609 5559 
10918 3169 2820 2592 3168 5564 5215 4987 5563 
10919 3169 3166 2591 2820 5564 5561 4986 5215 
10920 3169 3167 2569 3166 5564 5562 4964 5561 
10921 3169 3168 2633 3167 5564 5563 5028 5562 
10922 3171 2842 2554 3028 5566 5237 4949 5423 
10923 3171 2777 2677 2842 5566 5172 5072 5237 
10924 3171 3170 2689 2777 5566 5565 5084 5172 
10925 3171 3028 2670 3170 5566 5423 5065 5565 
10926 3174 3094 442 441 5569 5489 1625 1624 
10927 3174 3172 2614 3094 5569 5567 5009 5489 
10928 3174 3173 2597 3172 5569 5568 4992 5567 
10929 3174 441 440 3173 5569 1624 1623 5568 
10930 3177 3175 2598 3176 5572 5570 4993 5571 
10931 3177 3091 2615 3175 5572 5486 5010 5570 
10932 3177 391 390 3091 5572 1574 1573 5486 
10933 3177 3176 392 391 5572 5571 1575 1574 
10934 3178 3026 2553 2709 5573 5421 4948 5104 
10935 3178 3103 2564 3026 5573 5498 4959 5421 
10936 3178 2696 2673 3103 5573 5091 5068 5498 
10937 3178 2709 2662 2696 5573 5104 5057 5091 
10938 3181 3179 2638 2756 5576 5574 5033 5151 
10939 3181 3180 2630 3179 5576 5575 5025 5574 
10940 3181 3079 2562 3180 5576 5474 4957 5575 
10941 3181 2756 2656 3079 5576 5151 5051 5474 
10942 3183 2951 2672 2722 5578 5346 5067 5117 
10943 3183 3138 2583 2951 5578 5533 4978 5346 
10944 3183 3182 2626 3138 5578 5577 5021 5533 
10945 3183 2722 2590 3182 5578 5117 4985 5577 
10946 3185 3056 2619 3148 5580 5451 5014 5543 
10947 3185 207 206 3056 5580 1390 1389 5451 
10948 3185 3184 208 207 5580 5579 1391 1390 
10949 3185 3148 2667 3184 5580 5543 5062 5579 
10950 3188 2966 298 297 5583 5361 1481 1480 
10951 3188 3186 2606 2966 5583 5581 5001 5361 
10952 3188 3187 2665 3186 5583 5582 5060 5581 
10953 3188 297 296 3187 5583 1480 1479 5582 
10954 3190 3115 398 397 5585 5510 1581 1580 
10955 3190 3180 2562 3115 5585 5575 4957 5510 
10956 3190 3189 2630 3180 5585 5584 5025 5575 
10957 3190 397 396 3189 5585 1580 1579 5584 
10958 3193 3191 2631 3192 5588 5586 5026 5587 
10959 3193 3118 2561 3191 5588 5513 4956 5586 
10960 3193 435 434 3118 5588 1618 1617 5513 
10961 3193 3192 436 435 5588 5587 1619 1618 
10962 3195 2776 2689 3194 5590 5171 5084 5589 
10963 3195 3021 2685 2776 5590 5416 5080 5171 
10964 3195 2958 2563 3021 5590 5353 4958 5416 
10965 3195 3194 2651 2958 5590 5589 5046 5353 
10966 3197 258 257 2701 5592 1441 1440 5096 
10967 3197 3061 259 258 5592 5456 1442 1441 
10968 3197 3196 2573 3061 5592 5591 4968 5456 
10969 3197 2701 2617 3196 5592 5096 5012 5591 
10970 3199 3198 282 281 5594 5593 1465 1464 
10971 3199 2755 2638 3198 5594 5150 5033 5593 
10972 3199 2785 2581 2755 5594 5180 4976 5150 
10973 3199 281 280 2785 5594 1464 1463 5180 
10974 3201 3200 2575 3113 5596 5595 4970 5508 
10975 3201 3198 2638 3200 5596 5593 5033 5595 
10976 3201 283 282 3198 5596 1466 1465 5593 
10977 3201 3113 284 283 5596 5508 1467 1466 
10978 3203 209 208 3184 5598 1392 1391 5579 
10979 3203 3052 210 209 5598 5447 1393 1392 
10980 3203 3202 2620 3052 5598 5597 5015 5447 
10981 3203 3184 2667 3202 5598 5579 5062 5597 
10982 3205 3152 412 411 5600 5547 1595 1594 
10983 3205 3072 2612 3152 5600 5467 5007 5547 
10984 3205 3204 2596 3072 5600 5599 4991 5467 
10985 3205 411 410 3204 5600 1594 1593 5599 
10986 3207 3074 2595 3206 5602 5469 4990 5601 
10987 3207 3154 2611 3074 5602 5549 5006 5469 
10988 3207 421 420 3154 5602 1604 1603 5549 
10989 3207 3206 422 421 5602 5601 1605 1604 
10990 3210 2905 2649 3209 5605 5300 5044 5604 
10991 3210 2852 2560 2905 5605 5247 4955 5300 
10992 3210 3208 2680 2852 5605 5603 5075 5247 
10993 3210 3209 2572 3208 5605 5604 4967 5603 
10994 3212 3211 2633 3168 5607 5606 5028 5563 
10995 3212 3194 2689 3211 5607 5589 5084 5606 
10996 3212 2894 2651 3194 5607 5289 5046 5589 
10997 3212 3168 2592 2894 5607 5563 4987 5289 
10998 3213 2817 2586 3143 5608 5212 4981 5538 
10999 3213 3158 2585 2817 5608 5553 4980 5212 
11000 3213 2915 2663 3158 5608 5310 5058 5553 
11001 3213 3143 2566 2915 5608 5538 4961 5310 
11002 3216 3214 2634 3215 5611 5609 5029 5610 
11003 3216 2972 2688 3214 5611 5367 5083 5609 
11004 3216 3117 2607 2972 5611 5512 5002 5367 
11005 3216 3215 2561 3117 5611 5610 4956 5512 
11006 3220 3217 2589 3219 5615 5612 4984 5614 
11007 3220 2749 2664 3217 5615 5144 5059 5612 
11008 3220 3218 288 2749 5615 5613 1471 5144 
11009 3220 3219 2598 3218 5615 5614 4993 5613 
11010 3221 3202 2667 3149 5616 5597 5062 5544 
11011 3221 3151 2620 3202 5616 5546 5015 5597 
11012 3221 415 414 3151 5616 1598 1597 5546 
11013 3221 3149 416 415 5616 5544 1599 1598 
11014 3224 3222 2575 3200 5619 5617 4970 5595 
11015 3224 3223 2610 3222 5619 5618 5005 5617 
11016 3224 3179 2630 3223 5619 5574 5025 5618 
11017 3224 3200 2638 3179 5619 5595 5033 5574 
11018 3226 3164 426 425 5621 5559 1609 1608 
11019 3226 3126 2571 3164 5621 5521 4966 5559 
11020 3226 3225 2628 3126 5621 5620 5023 5521 
11021 3226 425 424 3225 5621 1608 1607 5620 
11022 3229 3186 2665 3228 5624 5581 5060 5623 
11023 3229 3227 2606 3186 5624 5622 5001 5581 
11024 3229 385 384 3227 5624 1568 1567 5622 
11025 3229 3228 386 385 5624 5623 1569 1568 
11026 3231 3162 2613 3019 5626 5557 5008 5414 
11027 3231 340 339 3162 5626 1523 1522 5557 
11028 3231 3230 341 340 5626 5625 1524 1523 
11029 3231 3019 2658 3230 5626 5414 5053 5625 
11030 3232 3219 2589 2763 5627 5614 4984 5158 
11031 3232 3176 2598 3219 5627 5571 4993 5614 
11032 3232 393 392 3176 5627 1576 1575 5571 
11033 3232 2763 394 393 5627 5158 1577 1576 
11034 3234 3173 440 439 5629 5568 1623 1622 
11035 3234 2702 2597 3173 5629 5097 4992 5568 
11036 3234 3233 2617 2702 5629 5628 5012 5097 
11037 3234 439 438 3233 5629 1622 1621 5628 
11038 3236 334 333 3235 5631 1517 1516 5630 
11039 3236 3135 335 334 5631 5530 1518 1517 
11040 3236 3035 2621 3135 5631 5430 5016 5530 
11041 3236 3235 2594 3035 5631 5630 4989 5430 
11042 3239 3196 2617 3233 5634 5591 5012 5628 
11043 3239 3237 2573 3196 5634 5632 4968 5591 
11044 3239 3238 2618 3237 5634 5633 5013 5632 
11045 3239 3233 438 3238 5634 5628 1621 5633 
11046 3240 2741 2580 2728 5635 5136 4975 5123 
11047 3240 3215 2634 2741 5635 5610 5029 5136 
11048 3240 3191 2561 3215 5635 5586 4956 5610 
11049 3240 2728 2631 3191 5635 5123 5026 5586 
11050 3242 3159 2660 3241 5637 5554 5055 5636 
11051 3242 2799 2574 3159 5637 5194 4969 5554 
11052 3242 2732 2605 2799 5637 5127 5000 5194 
11053 3242 3241 452 2732 5637 5636 1635 5127 
11054 3243 2760 2661 3065 5638 5155 5056 5460 
11055 3243 2954 2584 2760 5638 5349 4979 5155 
11056 3243 3209 2649 2954 5638 5604 5044 5349 
11057 3243 3065 2572 3209 5638 5460 4967 5604 
11058 3245 437 436 3192 5640 1620 1619 5587 
11059 3245 3238 438 437 5640 5633 1621 1620 
11060 3245 3244 2618 3238 5640 5639 5013 5633 
11061 3245 3192 2631 3244 5640 5587 5026 5639 
11062 3246 2764 2610 3223 5641 5159 5005 5618 
11063 3246 395 394 2764 5641 1578 1577 5159 
11064 3246 3189 396 395 5641 5584 1579 1578 
11065 3246 3223 2630 3189 5641 5618 5025 5584 
11066 3248 381 380 3156 5643 1564 1563 5551 
11067 3248 3247 382 381 5643 5642 1565 1564 
11068 3248 2857 2647 3247 5643 5252 5042 5642 
11069 3248 3156 2576 2857 5643 5551 4971 5252 
11070 3250 3108 2582 3249 5645 5503 4977 5644 
11071 3250 3206 2595 3108 5645 5601 4990 5503 
11072 3250 423 422 3206 5645 1606 1605 5601 
11073 3250 3249 424 423 5645 5644 1607 1606 
11074 3251 3132 2594 3235 5646 5527 4989 5630 
11075 3251 2866 2629 3132 5646 5261 5024 5527 
11076 3251 332 331 2866 5646 1515 1514 5261 
11077 3251 3235 333 332 5646 5630 1516 1515 
11078 3253 3252 2590 2720 5648 5647 4985 5115 
11079 3253 409 408 3252 5648 1592 1591 5647 
11080 3253 3204 410 409 5648 5599 1593 1592 
11081 3253 2720 2596 3204 5648 5115 4991 5599 
11082 3254 383 382 3247 5649 1566 1565 5642 
11083 3254 3227 384 383 5649 5622 1567 1566 
11084 3254 2967 2606 3227 5649 5362 5001 5622 
11085 3254 3247 2647 2967 5649 5642 5042 5362 
11086 3256 3255 2616 2780 5651 5650 5011 5175 
11087 3256 449 448 3255 5651 1632 1631 5650 
11088 3256 2733 450 449 5651 5128 1633 1632 
11089 3256 2780 2605 2733 5651 5175 5000 5128 
11090 3257 3217 2664 3112 5652 5612 5059 5507 
11091 3257 2765 2589 3217 5652 5160 4984 5612 
11092 3257 3222 2610 2765 5652 5617 5005 5160 
11093 3257 3112 2575 3222 5652 5507 4970 5617 
11094 3260 3258 2665 3187 5655 5653 5060 5582 
11095 3260 3259 2625 3258 5655 5654 5020 5653 
11096 3260 295 294 3259 5655 1478 1477 5654 
11097 3260 3187 296 295 5655 5582 1479 1478 
11098 3262 2867 2671 3261 5657 5262 5066 5656 
11099 3262 3133 2629 2867 5657 5528 5024 5262 
11100 3262 2744 364 3133 5657 5139 1547 5528 
11101 3262 3261 2588 2744 5657 5656 4983 5139 
11102 3263 3230 2658 2927 5658 5625 5053 5322 
11103 3263 342 341 3230 5658 1525 1524 5625 
11104 3263 3123 343 342 5658 5518 1526 1525 
11105 3263 2927 2593 3123 5658 5322 4988 5518 
11106 3264 3252 408 407 5659 5647 1591 1590 
11107 3264 3182 2590 3252 5659 5577 4985 5647 
11108 3264 2704 2626 3182 5659 5099 5021 5577 
11109 3264 407 406 2704 5659 1590 1589 5099 
11110 3266 3265 2674 2992 5661 5660 5069 5387 
11111 3266 250 249 3265 5661 1433 1432 5660 
11112 3266 2747 251 250 5661 5142 1434 1433 
11113 3266 2992 2622 2747 5661 5387 5017 5142 
11114 3268 3255 448 447 5663 5650 1631 1630 
11115 3268 2797 2616 3255 5663 5192 5011 5650 
11116 3268 3267 2624 2797 5663 5662 5019 5192 
11117 3268 447 446 3267 5663 1630 1629 5662 
11118 3270 3269 290 289 5665 5664 1473 1472 
11119 3270 3175 2615 3269 5665 5570 5010 5664 
11120 3270 3218 2598 3175 5665 5613 4993 5570 
11121 3270 289 288 3218 5665 1472 1471 5613 
11122 3272 3172 2597 2700 5667 5567 4992 5095 
11123 3272 3271 2614 3172 5667 5666 5009 5567 
11124 3272 256 255 3271 5667 1439 1438 5666 
11125 3272 2700 257 256 5667 5095 1440 1439 
11126 3274 3273 2680 3208 5669 5668 5075 5603 
11127 3274 2844 2694 3273 5669 5239 5089 5668 
11128 3274 3013 2636 2844 5669 5408 5031 5239 
11129 3274 3208 2572 3013 5669 5603 4967 5408 
11130 3275 3093 2614 3271 5670 5488 5009 5666 
11131 3275 2746 2622 3093 5670 5141 5017 5488 
11132 3275 254 253 2746 5670 1437 1436 5141 
11133 3275 3271 255 254 5670 5666 1438 1437 
11134 3276 2753 292 291 5671 5148 1475 1474 
11135 3276 3089 2623 2753 5671 5484 5018 5148 
11136 3276 3269 2615 3089 5671 5664 5010 5484 
11137 3276 291 290 3269 5671 1474 1473 5664 
11138 3278 2940 2627 3277 5673 5335 5022 5672 
11139 3278 3130 2639 2940 5673 5525 5034 5335 
11140 3278 3016 2637 3130 5673 5411 5032 5525 
11141 3278 3277 2577 3016 5673 5672 4972 5411 
11142 3279 2729 2659 3062 5674 5124 5054 5457 
11143 3279 3244 2631 2729 5674 5639 5026 5124 
11144 3279 3237 2618 3244 5674 5632 5013 5639 
11145 3279 3062 2573 3237 5674 5457 4968 5632 
11146 3280 3125 2628 3225 5675 5520 5023 5620 
11147 3280 2803 2587 3125 5675 5198 4982 5520 
11148 3280 3249 2582 2803 5675 5644 4977 5198 
11149 3280 3225 424 3249 5675 5620 1607 5644 
11150 3282 2752 2623 3090 5677 5147 5018 5485 
11151 3282 3259 294 2752 5677 5654 1477 5147 
11152 3282 3281 2625 3259 5677 5676 5020 5654 
11153 3282 3090 388 3281 5677 5485 1571 5676 
11154 3283 2796 2624 3267 5678 5191 5019 5662 
11155 3283 3265 249 2796 5678 5660 1432 5191 
11156 3283 2991 2674 3265 5678 5386 5069 5660 
11157 3283 3267 446 2991 5678 5662 1629 5386 
11158 3284 2935 2591 3166 5679 5330 4986 5561 
11159 3284 3261 2671 2935 5679 5656 5066 5330 
11160 3284 3032 2588 3261 5679 5427 4983 5656 
11161 3284 3166 2569 3032 5679 5561 4964 5427 
11162 3285 387 386 3228 5680 1570 1569 5623 
11163 3285 3281 388 387 5680 5676 1571 1570 
11164 3285 3258 2625 3281 5680 5653 5020 5676 
11165 3285 3228 2665 3258 5680 5623 5060 5653 
11166 3286 2960 2556 3100 5681 5355 4951 5495 
11167 3286 2714 2648 2960 5681 5109 5043 5355 
11168 3286 3141 2657 2714 5681 5536 5052 5109 
11169 3286 3100 2678 3141 5681 5495 5073 5536 
11170 3287 2916 454 453 5682 5311 1637 1636 
11171 3287 3160 2663 2916 5682 5555 5058 5311 
11172 3287 3241 2660 3160 5682 5636 5055 5555 
11173 3287 453 452 3241 5682 1636 1635 5636 
11174 3288 3273 2694 2845 5683 5668 5089 5240 
11175 3288 2855 2680 3273 5683 5250 5075 5668 
11176 3288 3096 2690 2855 5683 5491 5085 5250 
11177 3288 2845 2677 3096 5683 5240 5072 5491 
11178 3289 3098 2675 2932 5684 5493 5070 5327 
11179 3289 2973 2691 3098 5684 5368 5086 5493 
11180 3289 3214 2688 2973 5684 5609 5083 5368 
11181 3289 2932 2634 3214 5684 5327 5029 5609 
11182 3290 3128 2669 3122 5685 5523 5064 5517 
11183 3290 3277 2627 3128 5685 5672 5022 5523 
11184 3290 3039 2577 3277 5685 5434 4972 5672 
11185 3290 3122 2593 3039 5685 5517 4988 5434 
11186 3291 2980 2687 3081 5686 5375 5082 5476 
11187 3291 3145 2695 2980 5686 5540 5090 5375 
11188 3291 3110 2635 3145 5686 5505 5030 5540 
11189 3291 3081 2656 3110 5686 5476 5051 5505 
11190 3292 3167 2633 3211 5687 5562 5028 5606 
11191 3292 2912 2569 3167 5687 5307 4964 5562 
11192 3292 3170 2670 2912 5687 5565 5065 5307 
11193 3292 3211 2689 3170 5687 5606 5084 5565 
3 2 5 2214
11194 3521 3518 3413 3520 5916 5913 5808 5915 
11195 3521 3519 3404 3518 5916 5914 5799 5913 
11196 3521 3520 3447 3519 5916 5915 5842 5914 
11197 3524 3522 984 983 5919 5917 2167 2166 
11198 3524 3523 540 3522 5919 5918 1723 5917 
11199 3524 983 982 3523 5919 2166 2165 5918 
11200 3527 633 18 3526 5922 1816 111 5921 
11201 3527 3525 634 633 5922 5920 1817 1816 
11202 3527 3526 3400 3525 5922 5921 5795 5920 
11203 3531 3528 3349 3530 5926 5923 5744 5925 
11204 3531 3529 3394 3528 5926 5924 5789 5923 
11205 3531 3530 3401 3529 5926 5925 5796 5924 
11206 3534 1026 1027 3533 5929 2209 2210 5928 
11207 3534 3532 1025 1026 5929 5927 2208 2209 
11208 3534 3533 3319 3532 5929 5928 5714 5927 
11209 3538 3535 3431 3537 5933 5930 5826 5932 
11210 3538 3536 3302 3535 5933 5931 5697 5930 
11211 3538 3537 3503 3536 5933 5932 5898 5931 
11212 3542 3539 3381 3541 5937 5934 5776 5936 
11213 3542 3540 3311 3539 5937 5935 5706 5934 
11214 3542 3541 3438 3540 5937 5936 5833 5935 
11215 3546 3543 3363 3545 5941 5938 5758 5940 
11216 3546 3544 3420 3543 5941 5939 5815 5938 
11217 3546 3545 3434 3544 5941 5940 5829 5939 
11218 3549 815 40 3548 5944 1998 133 5943 
11219 3549 3547 816 815 5944 5942 1999 1998 
11220 3549 3548 3472 3547 5944 5943 5867 5942 
11221 3552 907 906 3551 5947 2090 2089 5946 
11222 3552 3550 908 907 5947 5945 2091 2090 
11223 3552 3551 3375 3550 5947 5946 5770 5945 
11224 3555 1233 1232 3554 5950 2416 2415 5949 
11225 3555 3553 1234 1233 5950 5948 2417 2416 
11226 3555 3554 3380 3553 5950 5949 5775 5948 
11227 3558 612 611 3557 5953 1795 1794 5952 
11228 3558 3556 613 612 5953 5951 1796 1795 
11229 3558 3557 3381 3556 5953 5952 5776 5951 
11230 3562 3559 1166 3561 5957 5954 2349 5956 
11231 3562 3560 3357 3559 5957 5955 5752 5954 
11232 3562 3561 3458 3560 5957 5956 5853 5955 
11233 3566 3563 3377 3565 5961 5958 5772 5960 
11234 3566 3564 418 3563 5961 5959 1601 5958 
11235 3566 3565 3496 3564 5961 5960 5891 5959 
11236 3569 1073 1072 3568 5964 2256 2255 5963 
11237 3569 3567 1074 1073 5964 5962 2257 2256 
11238 3569 3568 3371 3567 5964 5963 5766 5962 
11239 3572 3570 1360 1359 5967 5965 2543 2542 
11240 3572 3571 1160 3570 5967 5966 2343 5965 
11241 3572 1359 1358 3571 5967 2542 2541 5966 
11242 3575 782 783 3574 5970 1965 1966 5969 
11243 3575 3573 781 782 5970 5968 1964 1965 
11244 3575 3574 3453 3573 5970 5969 5848 5968 
11245 3579 3576 3304 3578 5974 5971 5699 5973 
11246 3579 3577 3400 3576 5974 5972 5795 5971 
11247 3579 3578 3407 3577 5974 5973 5802 5972 
11248 3582 596 595 3581 5977 1779 1778 5976 
11249 3582 3580 15 596 5977 5975 108 1779 
11250 3582 3581 3379 3580 5977 5976 5774 5975 
11251 3585 1357 1356 3584 5980 2540 2539 5979 
11252 3585 3583 1358 1357 5980 5978 2541 2540 
11253 3585 3584 3348 3583 5980 5979 5743 5978 
11254 3589 3586 3342 3588 5984 5981 5737 5983 
11255 3589 3587 3362 3586 5984 5982 5757 5981 
11256 3589 3588 3398 3587 5984 5983 5793 5982 
11257 3592 1145 1146 3591 5987 2328 2329 5986 
11258 3592 3590 1144 1145 5987 5985 2327 2328 
11259 3592 3591 908 3590 5987 5986 2091 5985 
11260 3595 641 22 3594 5990 1824 115 5989 
11261 3595 3593 642 641 5990 5988 1825 1824 
11262 3595 3594 3457 3593 5990 5989 5852 5988 
11263 3598 880 45 3597 5993 2063 138 5992 
11264 3598 3596 881 880 5993 5991 2064 2063 
11265 3598 3597 3455 3596 5993 5992 5850 5991 
11266 3602 3599 996 3601 5997 5994 2179 5996 
11267 3602 3600 3341 3599 5997 5995 5736 5994 
11268 3602 3601 3421 3600 5997 5996 5816 5995 
11269 3605 1351 1350 3604 6000 2534 2533 5999 
11270 3605 3603 92 1351 6000 5998 185 2534 
11271 3605 3604 3428 3603 6000 5999 5823 5998 
11272 3609 3606 3501 3608 6004 6001 5896 6003 
11273 3609 3607 3510 3606 6004 6002 5905 6001 
11274 3609 3608 3515 3607 6004 6003 5910 6002 
11275 3613 3610 3331 3612 6008 6005 5726 6007 
11276 3613 3611 3433 3610 6008 6006 5828 6005 
11277 3613 3612 3435 3611 6008 6007 5830 6006 
11278 3616 1165 1166 3615 6011 2348 2349 6010 
11279 3616 3614 1164 1165 6011 6009 2347 2348 
11280 3616 3615 3356 3614 6011 6010 5751 6009 
11281 3619 774 775 3618 6014 1957 1958 6013 
11282 3619 3617 773 774 6014 6012 1956 1957 
11283 3619 3618 3355 3617 6014 6013 5750 6012 
11284 3622 1245 80 3621 6017 2428 173 6016 
11285 3622 3620 1246 1245 6017 6015 2429 2428 
11286 3622 3621 3425 3620 6017 6016 5820 6015 
11287 3625 3623 838 3624 6020 6018 2021 6019 
11288 3625 930 931 3623 6020 2113 2114 6018 
11289 3625 3624 929 930 6020 6019 2112 2113 
11290 3628 3626 1101 3627 6023 6021 2284 6022 
11291 3628 952 953 3626 6023 2135 2136 6021 
11292 3628 3627 951 952 6023 6022 2134 2135 
11293 3631 895 894 3630 6026 2078 2077 6025 
11294 3631 3629 896 895 6026 6024 2079 2078 
11295 3631 3630 785 3629 6026 6025 1968 6024 
11296 3634 597 598 3633 6029 1780 1781 6028 
11297 3634 3632 14 597 6029 6027 107 1780 
11298 3634 3633 3424 3632 6029 6028 5819 6027 
11299 3638 3635 3499 3637 6033 6030 5894 6032 
11300 3638 3636 3514 3635 6033 6031 5909 6030 
11301 3638 3637 3515 3636 6033 6032 5910 6031 
11302 3641 1053 62 3640 6036 2236 155 6035 
11303 3641 3639 1054 1053 6036 6034 2237 2236 
11304 3641 3640 3458 3639 6036 6035 5853 6034 
11305 3644 3642 552 553 6039 6037 1735 1736 
11306 3644 3643 994 3642 6039 6038 2177 6037 
11307 3644 553 554 3643 6039 1736 1737 6038 
11308 3647 808 807 3646 6042 1991 1990 6041 
11309 3647 3645 37 808 6042 6040 130 1991 
11310 3647 3646 3492 3645 6042 6041 5887 6040 
11311 3651 3648 3420 3650 6046 6043 5815 6045 
11312 3651 3649 3354 3648 6046 6044 5749 6043 
11313 3651 3650 3488 3649 6046 6045 5883 6044 
11314 3654 1169 1170 3653 6049 2352 2353 6048 
11315 3654 3652 1168 1169 6049 6047 2351 2352 
11316 3654 3653 3364 3652 6049 6048 5759 6047 
11317 3657 1230 1229 3656 6052 2413 2412 6051 
11318 3657 3655 77 1230 6052 6050 170 2413 
11319 3657 3656 3354 3655 6052 6051 5749 6050 
11320 3660 1309 1310 3659 6055 2492 2493 6054 
11321 3660 3658 1308 1309 6055 6053 2491 2492 
11322 3660 3659 726 3658 6055 6054 1909 6053 
11323 3663 3661 750 3662 6058 6056 1933 6057 
11324 3663 529 530 3661 6058 1712 1713 6056 
11325 3663 3662 528 529 6058 6057 1711 1712 
11326 3666 512 511 3665 6061 1695 1694 6060 
11327 3666 3664 11 512 6061 6059 104 1695 
11328 3666 3665 434 3664 6061 6060 1617 6059 
11329 3669 1216 75 3668 6064 2399 168 6063 
11330 3669 3667 1217 1216 6064 6062 2400 2399 
11331 3669 3668 398 3667 6064 6063 1581 6062 
11332 3673 3670 3319 3672 6068 6065 5714 6067 
11333 3673 3671 3366 3670 6068 6066 5761 6065 
11334 3673 3672 3416 3671 6068 6067 5811 6066 
11335 3676 555 556 3675 6071 1738 1739 6070 
11336 3676 3674 554 555 6071 6069 1737 1738 
11337 3676 3675 3421 3674 6071 6070 5816 6069 
11338 3679 852 853 3678 6074 2035 2036 6073 
11339 3679 3677 851 852 6074 6072 2034 2035 
11340 3679 3678 3417 3677 6074 6073 5812 6072 
11341 3683 3680 1300 3682 6078 6075 2483 6077 
11342 3683 3681 3513 3680 6078 6076 5908 6075 
11343 3683 3682 3517 3681 6078 6077 5912 6076 
11344 3686 1305 1306 3685 6081 2488 2489 6080 
11345 3686 3684 1304 1305 6081 6079 2487 2488 
11346 3686 3685 3478 3684 6081 6080 5873 6079 
11347 3689 1130 1129 3688 6084 2313 2312 6083 
11348 3689 3687 69 1130 6084 6082 162 2313 
11349 3689 3688 3392 3687 6084 6083 5787 6082 
11350 3692 437 438 3691 6087 1620 1621 6086 
11351 3692 3690 436 437 6087 6085 1619 1620 
11352 3692 3691 561 3690 6087 6086 1744 6085 
11353 3695 3693 394 395 6090 6088 1577 1578 
11354 3695 3694 1199 3693 6090 6089 2382 6088 
11355 3695 395 396 3694 6090 1578 1579 6089 
11356 3698 1347 88 3697 6093 2530 181 6092 
11357 3698 3696 90 1347 6093 6091 183 2530 
11358 3698 3697 3314 3696 6093 6092 5709 6091 
11359 3701 1051 60 3700 6096 2234 153 6095 
11360 3701 3699 62 1051 6096 6094 155 2234 
11361 3701 3700 3316 3699 6096 6095 5711 6094 
11362 3704 979 56 3703 6099 2162 149 6098 
11363 3704 3702 980 979 6099 6097 2163 2162 
11364 3704 3703 3342 3702 6099 6098 5737 6097 
11365 3708 3705 3398 3707 6103 6100 5793 6102 
11366 3708 3706 3468 3705 6103 6101 5863 6100 
11367 3708 3707 3498 3706 6103 6102 5893 6101 
11368 3711 3709 826 3710 6106 6104 2009 6105 
11369 3711 692 693 3709 6106 1875 1876 6104 
11370 3711 3710 691 692 6106 6105 1874 1875 
11371 3714 3712 669 670 6109 6107 1852 1853 
11372 3714 3713 1113 3712 6109 6108 2296 6107 
11373 3714 670 671 3713 6109 1853 1854 6108 
11374 3717 559 12 3716 6112 1742 105 6111 
11375 3717 3715 558 559 6112 6110 1741 1742 
11376 3717 3716 3341 3715 6112 6111 5736 6110 
11377 3720 678 679 3719 6115 1861 1862 6114 
11378 3720 3718 677 678 6115 6113 1860 1861 
11379 3720 3719 3372 3718 6115 6114 5767 6113 
11380 3723 1244 1243 3722 6118 2427 2426 6117 
11381 3723 3721 79 1244 6118 6116 172 2427 
11382 3723 3722 3325 3721 6118 6117 5720 6116 
11383 3726 1354 1353 3725 6121 2537 2536 6120 
11384 3726 3724 91 1354 6121 6119 184 2537 
11385 3726 3725 3458 3724 6121 6120 5853 6119 
11386 3729 647 24 3728 6124 1830 117 6123 
11387 3729 3727 648 647 6124 6122 1831 1830 
11388 3729 3728 3358 3727 6124 6123 5753 6122 
11389 3732 1369 1368 3731 6127 2552 2551 6126 
11390 3732 3730 93 1369 6127 6125 186 2552 
11391 3732 3731 3357 3730 6127 6126 5752 6125 
11392 3736 3733 798 3735 6131 6128 1981 6130 
11393 3736 3734 3337 3733 6131 6129 5732 6128 
11394 3736 3735 3359 3734 6131 6130 5754 6129 
11395 3739 970 971 3738 6134 2153 2154 6133 
11396 3739 3737 53 970 6134 6132 146 2153 
11397 3739 3738 3321 3737 6134 6133 5716 6132 
11398 3742 969 52 3741 6137 2152 145 6136 
11399 3742 3740 968 969 6137 6135 2151 2152 
11400 3742 3741 3322 3740 6137 6136 5717 6135 
11401 3745 710 711 3744 6140 1893 1894 6139 
11402 3745 3743 29 710 6140 6138 122 1893 
11403 3745 3744 3328 3743 6140 6139 5723 6138 
11404 3748 758 759 3747 6143 1941 1942 6142 
11405 3748 3746 34 758 6143 6141 127 1941 
11406 3748 3747 3370 3746 6143 6142 5765 6141 
11407 3751 1181 73 3750 6146 2364 166 6145 
11408 3751 3749 1180 1181 6146 6144 2363 2364 
11409 3751 3750 3371 3749 6146 6145 5766 6144 
11410 3754 741 740 3753 6149 1924 1923 6148 
11411 3754 3752 742 741 6149 6147 1925 1924 
11412 3754 3753 3396 3752 6149 6148 5791 6147 
11413 3758 3755 3465 3757 6153 6150 5860 6152 
11414 3758 3756 3397 3755 6153 6151 5792 6150 
11415 3758 3757 3499 3756 6153 6152 5894 6151 
11416 3761 626 627 3760 6156 1809 1810 6155 
11417 3761 3759 625 626 6156 6154 1808 1809 
11418 3761 3760 3347 3759 6156 6155 5742 6154 
11419 3765 3762 1107 3764 6160 6157 2290 6159 
11420 3765 3763 3451 3762 6160 6158 5846 6157 
11421 3765 3764 3495 3763 6160 6159 5890 6158 
11422 3769 3766 3399 3768 6164 6161 5794 6163 
11423 3769 3767 3299 3766 6164 6162 5694 6161 
11424 3769 3768 3510 3767 6164 6163 5905 6162 
11425 3772 473 5 3771 6167 1656 98 6166 
11426 3772 3770 472 473 6167 6165 1655 1656 
11427 3772 3771 3452 3770 6167 6166 5847 6165 
11428 3775 363 364 3774 6170 1546 1547 6169 
11429 3775 3773 362 363 6170 6168 1545 1546 
11430 3775 3774 3385 3773 6170 6169 5780 6168 
11431 3779 3776 3329 3778 6174 6171 5724 6173 
11432 3779 3777 3454 3776 6174 6172 5849 6171 
11433 3779 3778 3456 3777 6174 6173 5851 6172 
11434 3782 3780 986 3781 6177 6175 2169 6176 
11435 3782 543 544 3780 6177 1726 1727 6175 
11436 3782 3781 542 543 6177 6176 1725 1726 
11437 3785 1295 1296 3784 6180 2478 2479 6179 
11438 3785 3783 1294 1295 6180 6178 2477 2478 
11439 3785 3784 1010 3783 6180 6179 2193 6178 
11440 3788 721 720 3787 6183 1904 1903 6182 
11441 3788 3786 722 721 6183 6181 1905 1904 
11442 3788 3787 3478 3786 6183 6182 5873 6181 
11443 3791 515 516 3790 6186 1698 1699 6185 
11444 3791 3789 514 515 6186 6184 1697 1698 
11445 3791 3790 3395 3789 6186 6185 5790 6184 
11446 3794 1240 1239 3793 6189 2423 2422 6188 
11447 3794 3792 1241 1240 6189 6187 2424 2423 
11448 3794 3793 3488 3792 6189 6188 5883 6187 
11449 3797 972 55 3796 6192 2155 148 6191 
11450 3797 3795 971 972 6192 6190 2154 2155 
11451 3797 3796 3471 3795 6192 6191 5866 6190 
11452 3800 1209 1208 3799 6195 2392 2391 6194 
11453 3800 3798 1210 1209 6195 6193 2393 2392 
11454 3800 3799 370 3798 6195 6194 1553 6193 
11455 3803 3801 589 588 6198 6196 1772 1771 
11456 3803 3802 462 3801 6198 6197 1645 6196 
11457 3803 588 587 3802 6198 1771 1770 6197 
11458 3806 498 9 3805 6201 1681 102 6200 
11459 3806 3804 499 498 6201 6199 1682 1681 
11460 3806 3805 3386 3804 6201 6200 5781 6199 
11461 3810 3807 3369 3809 6205 6202 5764 6204 
11462 3810 3808 3294 3807 6205 6203 5689 6202 
11463 3810 3809 3480 3808 6205 6204 5875 6203 
11464 3813 610 609 3812 6208 1793 1792 6207 
11465 3813 3811 611 610 6208 6206 1794 1793 
11466 3813 3812 3335 3811 6208 6207 5730 6206 
11467 3816 1059 64 3815 6211 2242 157 6210 
11468 3816 3814 1060 1059 6211 6209 2243 2242 
11469 3816 3815 3346 3814 6211 6210 5741 6209 
11470 3820 3817 3328 3819 6215 6212 5723 6214 
11471 3820 3818 3437 3817 6215 6213 5832 6212 
11472 3820 3819 3491 3818 6215 6214 5886 6213 
11473 3823 1262 1263 3822 6218 2445 2446 6217 
11474 3823 3821 83 1262 6218 6216 176 2445 
11475 3823 3822 3308 3821 6218 6217 5703 6216 
11476 3826 487 8 3825 6221 1670 101 6220 
11477 3826 3824 486 487 6221 6219 1669 1670 
11478 3826 3825 3293 3824 6221 6220 5688 6219 
11479 3829 1272 81 3828 6224 2455 174 6223 
11480 3829 3827 1271 1272 6224 6222 2454 2455 
11481 3829 3828 3295 3827 6224 6223 5690 6222 
11482 3832 477 478 3831 6227 1660 1661 6226 
11483 3832 3830 6 477 6227 6225 99 1660 
11484 3832 3831 3309 3830 6227 6226 5704 6225 
11485 3835 607 16 3834 6230 1790 109 6229 
11486 3835 3833 606 607 6230 6228 1789 1790 
11487 3835 3834 3310 3833 6230 6229 5705 6228 
11488 3839 3836 3440 3838 6234 6231 5835 6233 
11489 3839 3837 3481 3836 6234 6232 5876 6231 
11490 3839 3838 3512 3837 6234 6233 5907 6232 
11491 3842 659 658 3841 6237 1842 1841 6236 
11492 3842 3840 660 659 6237 6235 1843 1842 
11493 3842 3841 3365 3840 6237 6236 5760 6235 
11494 3845 1118 1117 3844 6240 2301 2300 6239 
11495 3845 3843 1119 1118 6240 6238 2302 2301 
11496 3845 3844 3378 3843 6240 6239 5773 6238 
11497 3848 1034 1035 3847 6243 2217 2218 6242 
11498 3848 3846 1033 1034 6243 6241 2216 2217 
11499 3848 3847 3299 3846 6243 6242 5694 6241 
11500 3851 1028 1029 3850 6246 2211 2212 6245 
11501 3851 3849 1027 1028 6246 6244 2210 2211 
11502 3851 3850 3343 3849 6246 6245 5738 6244 
11503 3855 3852 3382 3854 6250 6247 5777 6249 
11504 3855 3853 3305 3852 6250 6248 5700 6247 
11505 3855 3854 3430 3853 6250 6249 5825 6248 
11506 3858 479 480 3857 6253 1662 1663 6252 
11507 3858 3856 478 479 6253 6251 1661 1662 
11508 3858 3857 3384 3856 6253 6252 5779 6251 
11509 3861 1259 1260 3860 6256 2442 2443 6255 
11510 3861 3859 1258 1259 6256 6254 2441 2442 
11511 3861 3860 3306 3859 6256 6255 5701 6254 
11512 3864 1270 1271 3863 6259 2453 2454 6258 
11513 3864 3862 1269 1270 6259 6257 2452 2453 
11514 3864 3863 3383 3862 6259 6258 5778 6257 
11515 3867 1120 1119 3866 6262 2303 2302 6261 
11516 3867 3865 1121 1120 6262 6260 2304 2303 
11517 3867 3866 3372 3865 6262 6261 5767 6260 
11518 3870 1235 1234 3869 6265 2418 2417 6264 
11519 3870 3868 1236 1235 6265 6263 2419 2418 
11520 3870 3869 3334 3868 6265 6264 5729 6263 
11521 3874 3871 3307 3873 6269 6266 5702 6268 
11522 3874 3872 3419 3871 6269 6267 5814 6266 
11523 3874 3873 3429 3872 6269 6268 5824 6267 
11524 3878 3875 3463 3877 6273 6270 5858 6272 
11525 3878 3876 3483 3875 6273 6271 5878 6270 
11526 3878 3877 3504 3876 6273 6272 5899 6271 
11527 3881 630 631 3880 6276 1813 1814 6275 
11528 3881 3879 629 630 6276 6274 1812 1813 
11529 3881 3880 3303 3879 6276 6275 5698 6274 
11530 3885 3882 3358 3884 6280 6277 5753 6279 
11531 3885 3883 3345 3882 6280 6278 5740 6277 
11532 3885 3884 3457 3883 6280 6279 5852 6278 
11533 3888 1340 87 3887 6283 2523 180 6282 
11534 3888 3886 1339 1340 6283 6281 2522 2523 
11535 3888 3887 3331 3886 6283 6282 5726 6281 
11536 3891 1367 1366 3890 6286 2550 2549 6285 
11537 3891 3889 1368 1367 6286 6284 2551 2550 
11538 3891 3890 3356 3889 6286 6285 5751 6284 
11539 3894 649 648 3893 6289 1832 1831 6288 
11540 3894 3892 650 649 6289 6287 1833 1832 
11541 3894 3893 3355 3892 6289 6288 5750 6287 
11542 3897 620 621 3896 6292 1803 1804 6291 
11543 3897 3895 619 620 6292 6290 1802 1803 
11544 3897 3896 3304 3895 6292 6291 5699 6290 
11545 3301 1338 1339 3899 5696 2521 2522 6294 
11546 3301 3898 1337 1338 5696 6293 2520 2521 
11547 3903 3900 3300 3902 6298 6295 5695 6297 
11548 3903 3901 3408 3900 6298 6296 5803 6295 
11549 3903 3902 3467 3901 6298 6297 5862 6296 
11550 3906 716 33 3905 6301 1899 126 6300 
11551 3906 3904 717 716 6301 6299 1900 1899 
11552 3906 3905 3394 3904 6301 6300 5789 6299 
11553 3909 713 30 3908 6304 1896 123 6303 
11554 3909 3907 714 713 6304 6302 1897 1896 
11555 3909 3908 3305 3907 6304 6303 5700 6302 
11556 3912 1125 68 3911 6307 2308 161 6306 
11557 3912 3910 1126 1125 6307 6305 2309 2308 
11558 3912 3911 3340 3910 6307 6306 5735 6305 
11559 3915 812 41 3914 6310 1995 134 6309 
11560 3915 3913 813 812 6310 6308 1996 1995 
11561 3915 3914 3361 3913 6310 6309 5756 6308 
11562 3919 3916 3383 3918 6314 6311 5778 6313 
11563 3919 3917 3376 3916 6314 6312 5771 6311 
11564 3919 3918 3412 3917 6314 6313 5807 6312 
11565 3923 3920 3445 3922 6318 6315 5840 6317 
11566 3923 3921 3320 3920 6318 6316 5715 6315 
11567 3923 3922 3497 3921 6318 6317 5892 6316 
11568 3927 3924 3426 3926 6322 6319 5821 6321 
11569 3927 3925 3388 3924 6322 6320 5783 6319 
11570 3927 3926 3487 3925 6322 6321 5882 6320 
11571 3930 1247 1246 3929 6325 2430 2429 6324 
11572 3930 3928 78 1247 6325 6323 171 2430 
11573 3930 3929 3312 3928 6325 6324 5707 6323 
11574 3933 615 17 3932 6328 1798 110 6327 
11575 3933 3931 616 615 6328 6326 1799 1798 
11576 3933 3932 3311 3931 6328 6327 5706 6326 
11577 3373 3934 820 3936 5768 6329 2003 6331 
11578 3373 3935 685 3934 5768 6330 1868 6329 
11579 3940 3937 3376 3939 6335 6332 5771 6334 
11580 3940 3938 3323 3937 6335 6333 5718 6332 
11581 3940 3939 3419 3938 6335 6334 5814 6333 
11582 3943 1140 71 3942 6338 2323 164 6337 
11583 3943 3941 1141 1140 6338 6336 2324 2323 
11584 3943 3942 3337 3941 6338 6337 5732 6336 
11585 3946 1278 1277 3945 6341 2461 2460 6340 
11586 3946 3944 85 1278 6341 6339 178 2461 
11587 3946 3945 3338 3944 6341 6340 5733 6339 
11588 3949 703 702 3948 6344 1886 1885 6343 
11589 3949 3947 28 703 6344 6342 121 1886 
11590 3949 3948 3297 3947 6344 6343 5692 6342 
11591 3952 704 29 3951 6347 1887 122 6346 
11592 3952 3950 705 704 6347 6345 1888 1887 
11593 3952 3951 3296 3950 6347 6346 5691 6345 
11594 3955 1061 1060 3954 6350 2244 2243 6349 
11595 3955 3953 1062 1061 6350 6348 2245 2244 
11596 3955 3954 3364 3953 6350 6349 5759 6348 
11597 3958 802 801 3957 6353 1985 1984 6352 
11598 3958 3956 35 802 6353 6351 128 1985 
11599 3958 3957 3374 3956 6353 6352 5769 6351 
11600 3961 1137 72 3960 6356 2320 165 6355 
11601 3961 3959 1138 1137 6356 6354 2321 2320 
11602 3961 3960 3375 3959 6356 6355 5770 6354 
11603 3964 1275 1274 3963 6359 2458 2457 6358 
11604 3964 3962 82 1275 6359 6357 175 2458 
11605 3964 3963 3391 3962 6359 6358 5786 6357 
11606 3967 579 14 3966 6362 1762 107 6361 
11607 3967 3965 580 579 6362 6360 1763 1762 
11608 3967 3966 3389 3965 6362 6361 5784 6360 
11609 3971 3968 3437 3970 6366 6363 5832 6365 
11610 3971 3969 3296 3968 6366 6364 5691 6363 
11611 3971 3970 3450 3969 6366 6365 5845 6364 
11612 3975 3972 3297 3974 6370 6367 5692 6369 
11613 3975 3973 3436 3972 6370 6368 5831 6367 
11614 3975 3974 3451 3973 6370 6369 5846 6368 
11615 3978 1343 1342 3977 6373 2526 2525 6372 
11616 3978 3976 88 1343 6373 6371 181 2526 
11617 3978 3977 3455 3976 6373 6372 5850 6371 
11618 3981 1058 1057 3980 6376 2241 2240 6375 
11619 3981 3979 63 1058 6376 6374 156 2241 
11620 3981 3980 3457 3979 6376 6375 5852 6374 
11621 3984 1018 1019 3983 6379 2201 2202 6378 
11622 3984 3982 58 1018 6379 6377 151 2201 
11623 3984 3983 3326 3982 6379 6378 5721 6377 
11624 3987 890 889 3986 6382 2073 2072 6381 
11625 3987 3985 47 890 6382 6380 140 2073 
11626 3987 3986 3479 3985 6382 6381 5874 6380 
11627 3990 635 634 3989 6385 1818 1817 6384 
11628 3990 3988 20 635 6385 6383 113 1818 
11629 3990 3989 3486 3988 6385 6384 5881 6383 
11630 3993 877 42 3992 6388 2060 135 6387 
11631 3993 3991 878 877 6388 6386 2061 2060 
11632 3993 3992 3360 3991 6388 6387 5755 6386 
11633 3996 1050 1049 3995 6391 2233 2232 6390 
11634 3996 3994 59 1050 6391 6389 152 2233 
11635 3996 3995 3469 3994 6391 6390 5864 6389 
11636 4000 3997 3404 3999 6395 6392 5799 6394 
11637 4000 3998 3412 3997 6395 6393 5807 6392 
11638 4000 3999 3485 3998 6395 6394 5880 6393 
11639 4003 1348 91 4002 6398 2531 184 6397 
11640 4003 4001 89 1348 6398 6396 182 2531 
11641 4003 4002 3316 4001 6398 6397 5711 6396 
11642 4006 662 663 4005 6401 1845 1846 6400 
11643 4006 4004 26 662 6401 6399 119 1845 
11644 4006 4005 3451 4004 6401 6400 5846 6399 
11645 4009 706 705 4008 6404 1889 1888 6403 
11646 4009 4007 27 706 6404 6402 120 1889 
11647 4009 4008 3470 4007 6404 6403 5865 6402 
11648 4012 1017 1016 4011 6407 2200 2199 6406 
11649 4012 4010 57 1017 6407 6405 150 2200 
11650 4012 4011 3517 4010 6407 6406 5912 6405 
11651 4015 1124 1123 4014 6410 2307 2306 6409 
11652 4015 4013 67 1124 6410 6408 160 2307 
11653 4015 4014 3418 4013 6410 6409 5813 6408 
11654 4018 4016 1109 4017 6413 6411 2292 6412 
11655 4018 664 665 4016 6413 1847 1848 6411 
11656 4018 4017 663 664 6413 6412 1846 1847 
11657 4021 1087 1086 4020 6416 2270 2269 6415 
11658 4021 4019 1088 1087 6416 6414 2271 2270 
11659 4021 4020 771 4019 6416 6415 1954 6414 
11660 4024 1092 1091 4023 6419 2275 2274 6418 
11661 4024 4022 1093 1092 6419 6417 2276 2275 
11662 4024 4023 943 4022 6419 6418 2126 6417 
11663 4027 1013 1012 4026 6422 2196 2195 6421 
11664 4027 4025 1014 1013 6422 6420 2197 2196 
11665 4027 4026 3513 4025 6422 6421 5908 6420 
11666 4030 1323 1324 4029 6425 2506 2507 6424 
11667 4030 4028 1322 1323 6425 6423 2505 2506 
11668 4030 4029 3516 4028 6425 6424 5911 6423 
11669 4033 1090 66 4032 6428 2273 159 6427 
11670 4033 4031 1091 1090 6428 6426 2274 2273 
11671 4033 4032 3415 4031 6428 6427 5810 6426 
11672 4037 4034 3334 4036 6432 6429 5729 6431 
11673 4037 4035 360 4034 6432 6430 1543 6429 
11674 4037 4036 3410 4035 6432 6431 5805 6430 
11675 4041 4038 3344 4040 6436 6433 5739 6435 
11676 4041 4039 3361 4038 6436 6434 5756 6433 
11677 4041 4040 3415 4039 6436 6435 5810 6434 
11678 4044 640 23 4043 6439 1823 116 6438 
11679 4044 4042 21 640 6439 6437 114 1823 
11680 4044 4043 3313 4042 6439 6438 5708 6437 
11681 4046 4045 3313 4043 6441 6440 5708 6438 
11682 4046 646 645 4045 6441 1829 1828 6440 
11683 4046 4043 23 646 6441 6438 116 1829 
11684 4049 4047 3313 4048 6444 6442 5708 6443 
11685 4049 883 44 4047 6444 2066 137 6442 
11686 4049 4048 46 883 6444 6443 139 2066 
11687 4051 885 46 4048 6446 2068 139 6443 
11688 4051 4050 886 885 6446 6445 2069 2068 
11689 4051 4048 3313 4050 6446 6443 5708 6445 
11690 4054 1048 61 4053 6449 2231 154 6448 
11691 4054 4052 1049 1048 6449 6447 2232 2231 
11692 4054 4053 3315 4052 6449 6448 5710 6447 
11693 4056 4055 3315 4053 6451 6450 5710 6448 
11694 4056 1052 63 4055 6451 2235 156 6450 
11695 4056 4053 61 1052 6451 6448 154 2235 
11696 4059 876 43 4058 6454 2059 136 6453 
11697 4059 4057 875 876 6454 6452 2058 2059 
11698 4059 4058 3473 4057 6454 6453 5868 6452 
11699 4061 4060 3473 4058 6456 6455 5868 6453 
11700 4061 882 881 4060 6456 2065 2064 6455 
11701 4061 4058 43 882 6456 6453 136 2065 
11702 4064 4062 3339 4063 6459 6457 5734 6458 
11703 4064 495 10 4062 6459 1678 103 6457 
11704 4064 4063 496 495 6459 6458 1679 1678 
11705 4066 497 496 4063 6461 1680 1679 6458 
11706 4066 4065 8 497 6461 6460 101 1680 
11707 4066 4063 3339 4065 6461 6458 5734 6460 
11708 4069 4067 3329 4068 6464 6462 5724 6463 
11709 4069 638 637 4067 6464 1821 1820 6462 
11710 4069 4068 19 638 6464 6463 112 1821 
11711 4071 632 19 4068 6466 1815 112 6463 
11712 4071 4070 631 632 6466 6465 1814 1815 
11713 4071 4068 3329 4070 6466 6463 5724 6465 
11714 4074 4072 3336 4073 6469 6467 5731 6468 
11715 4074 1042 1043 4072 6469 2225 2226 6467 
11716 4074 4073 1041 1042 6469 6468 2224 2225 
11717 4076 1040 1041 4073 6471 2223 2224 6468 
11718 4076 4075 1039 1040 6471 6470 2222 2223 
11719 4076 4073 3336 4075 6471 6468 5731 6470 
11720 4079 4077 3352 4078 6474 6472 5747 6473 
11721 4079 891 48 4077 6474 2074 141 6472 
11722 4079 4078 892 891 6474 6473 2075 2074 
11723 4081 893 892 4078 6476 2076 2075 6473 
11724 4081 4080 894 893 6476 6475 2077 2076 
11725 4081 4078 3352 4080 6476 6473 5747 6475 
11726 4084 4082 1156 4083 6479 6477 2339 6478 
11727 4084 919 918 4082 6479 2102 2101 6477 
11728 4084 4083 920 919 6479 6478 2103 2102 
11729 4086 921 920 4083 6481 2104 2103 6478 
11730 4086 4085 49 921 6481 6480 142 2104 
11731 4086 4083 1156 4085 6481 6478 2339 6480 
11732 4089 1136 1135 4088 6484 2319 2318 6483 
11733 4089 4087 71 1136 6484 6482 164 2319 
11734 4089 803 36 4087 6484 1986 129 6482 
11735 4089 4088 804 803 6484 6483 1987 1986 
11736 4092 4090 68 1133 6487 6485 161 2316 
11737 4092 806 39 4090 6487 1989 132 6485 
11738 4092 4091 807 806 6487 6486 1990 1989 
11739 4092 1133 1132 4091 6487 2316 2315 6486 
11740 4094 4093 38 805 6489 6488 131 1988 
11741 4094 1134 69 4093 6489 2317 162 6488 
11742 4094 4088 1135 1134 6489 6483 2318 2317 
11743 4094 805 804 4088 6489 1988 1987 6483 
11744 4097 3937 3323 4096 6492 6332 5718 6491 
11745 4097 4095 3376 3937 6492 6490 5771 6332 
11746 4097 1266 1267 4095 6492 2449 2450 6490 
11747 4097 4096 1265 1266 6492 6491 2448 2449 
11748 4100 377 378 4099 6495 1560 1561 6494 
11749 4100 4098 376 377 6495 6493 1559 1560 
11750 4100 1182 74 4098 6495 2365 167 6493 
11751 4100 4099 1183 1182 6495 6494 2366 2365 
11752 4103 4101 13 578 6498 6496 106 1761 
11753 4103 455 456 4101 6498 1638 1639 6496 
11754 4103 4102 454 455 6498 6497 1637 1638 
11755 4103 578 577 4102 6498 1761 1760 6497 
11756 4106 1005 1004 4105 6501 2188 2187 6500 
11757 4106 4104 1006 1005 6501 6499 2189 2188 
11758 4106 1289 1290 4104 6501 2472 2473 6499 
11759 4106 4105 1288 1289 6501 6500 2471 2472 
11760 4109 745 744 4108 6504 1928 1927 6503 
11761 4109 4107 746 745 6504 6502 1929 1928 
11762 4109 523 524 4107 6504 1706 1707 6502 
11763 4109 4108 522 523 6504 6503 1705 1706 
11764 4112 4110 1314 1315 6507 6505 2497 2498 
11765 4112 731 730 4110 6507 1914 1913 6505 
11766 4112 4111 732 731 6507 6506 1915 1914 
11767 4112 1315 1316 4111 6507 2498 2499 6506 
11768 4115 4113 548 549 6510 6508 1731 1732 
11769 4115 991 990 4113 6510 2174 2173 6508 
11770 4115 4114 992 991 6510 6509 2175 2174 
11771 4115 549 550 4114 6510 1732 1733 6509 
11772 4118 3857 480 481 6513 6252 1663 1664 
11773 4118 4116 3384 3857 6513 6511 5779 6252 
11774 4118 4117 3307 4116 6513 6512 5702 6511 
11775 4118 481 482 4117 6513 1664 1665 6512 
11776 4119 3916 3376 4095 6514 6311 5771 6490 
11777 4119 3862 3383 3916 6514 6257 5778 6311 
11778 4119 1268 1269 3862 6514 2451 2452 6257 
11779 4119 4095 1267 1268 6514 6490 2450 2451 
11780 4121 821 820 3934 6516 2004 2003 6329 
11781 4121 4120 822 821 6516 6515 2005 2004 
11782 4121 686 687 4120 6516 1869 1870 6515 
11783 4121 3934 685 686 6516 6329 1868 1869 
11784 4124 1096 1095 4123 6519 2279 2278 6518 
11785 4124 4122 1097 1096 6519 6517 2280 2279 
11786 4124 946 947 4122 6519 2129 2130 6517 
11787 4124 4123 945 946 6519 6518 2128 2129 
11788 4127 4125 935 936 6522 6520 2118 2119 
11789 4127 843 842 4125 6522 2026 2025 6520 
11790 4127 4126 844 843 6522 6521 2027 2026 
11791 4127 936 937 4126 6522 2119 2120 6521 
11792 4130 4128 412 413 6525 6523 1595 1596 
11793 4130 3648 3354 4128 6525 6043 5749 6523 
11794 4130 4129 3420 3648 6525 6524 5815 6043 
11795 4130 413 414 4129 6525 1596 1597 6524 
11796 4134 4131 3460 4133 6529 6526 5855 6528 
11797 4134 4132 3332 4131 6529 6527 5727 6526 
11798 4134 3838 3440 4132 6529 6233 5835 6527 
11799 4134 4133 3512 3838 6529 6528 5907 6233 
11800 4136 1184 1183 4099 6531 2367 2366 6494 
11801 4136 4135 1185 1184 6531 6530 2368 2367 
11802 4136 379 380 4135 6531 1562 1563 6530 
11803 4136 4099 378 379 6531 6494 1561 1562 
11804 4138 4137 452 453 6533 6532 1635 1636 
11805 4138 576 575 4137 6533 1759 1758 6532 
11806 4138 4102 577 576 6533 6497 1760 1759 
11807 4138 453 454 4102 6533 1636 1637 6497 
11808 4140 415 416 4139 6535 1598 1599 6534 
11809 4140 4129 414 415 6535 6524 1597 1598 
11810 4140 3543 3420 4129 6535 5938 5815 6524 
11811 4140 4139 3363 3543 6535 6534 5758 5938 
11812 4144 4141 3465 3755 6539 6536 5860 6150 
11813 4144 4142 3427 4141 6539 6537 5822 6536 
11814 4144 4143 3343 4142 6539 6538 5738 6537 
11815 4144 3755 3397 4143 6539 6150 5792 6538 
11816 4146 3917 3412 4145 6541 6312 5807 6540 
11817 4146 3939 3376 3917 6541 6334 5771 6312 
11818 4146 3871 3419 3939 6541 6266 5814 6334 
11819 4146 4145 3307 3871 6541 6540 5702 6266 
11820 4149 4147 914 913 6544 6542 2097 2096 
11821 4149 1151 1152 4147 6544 2334 2335 6542 
11822 4149 4148 1150 1151 6544 6543 2333 2334 
11823 4149 913 912 4148 6544 2096 2095 6543 
11824 4152 1173 1174 4151 6547 2356 2357 6546 
11825 4152 4150 1172 1173 6547 6545 2355 2356 
11826 4152 1067 1066 4150 6547 2250 2249 6545 
11827 4152 4151 1068 1067 6547 6546 2251 2250 
11828 4155 4153 765 766 6550 6548 1948 1949 
11829 4155 1081 1080 4153 6550 2264 2263 6548 
11830 4155 4154 1082 1081 6550 6549 2265 2264 
11831 4155 766 767 4154 6550 1949 1950 6549 
11832 4158 899 898 4157 6553 2082 2081 6552 
11833 4158 4156 900 899 6553 6551 2083 2082 
11834 4158 788 789 4156 6553 1971 1972 6551 
11835 4158 4157 787 788 6553 6552 1970 1971 
11836 4162 4159 3393 4161 6557 6554 5788 6556 
11837 4162 4160 3302 4159 6557 6555 5697 6554 
11838 4162 864 865 4160 6557 2047 2048 6555 
11839 4162 4161 863 864 6557 6556 2046 2047 
11840 4167 4163 3476 4166 6562 6558 5871 6561 
11841 4167 4164 3405 4163 6562 6559 5800 6558 
11842 4167 4165 3425 4164 6562 6560 5820 6559 
11843 4167 4166 3475 4165 6562 6561 5870 6560 
11844 4170 4168 3405 4164 6565 6563 5800 6559 
11845 4170 3808 3480 4168 6565 6203 5875 6563 
11846 4170 4169 3294 3808 6565 6564 5689 6203 
11847 4170 4164 3425 4169 6565 6559 5820 6564 
11848 4173 502 501 4172 6568 1685 1684 6567 
11849 4173 4171 503 502 6568 6566 1686 1685 
11850 4173 425 426 4171 6568 1608 1609 6566 
11851 4173 4172 424 425 6568 6567 1607 1608 
11852 4176 4174 406 407 6571 6569 1589 1590 
11853 4176 1226 1225 4174 6571 2409 2408 6569 
11854 4176 4175 1227 1226 6571 6570 2410 2409 
11855 4176 407 408 4175 6571 1590 1591 6570 
11856 4178 3873 3307 4117 6573 6268 5702 6512 
11857 4178 4177 3429 3873 6573 6572 5824 6268 
11858 4178 483 484 4177 6573 1666 1667 6572 
11859 4178 4117 482 483 6573 6512 1665 1666 
11860 4180 1186 1185 4135 6575 2369 2368 6530 
11861 4180 4179 1187 1186 6575 6574 2370 2369 
11862 4180 381 382 4179 6575 1564 1565 6574 
11863 4180 4135 380 381 6575 6530 1563 1564 
11864 4182 4181 450 451 6577 6576 1633 1634 
11865 4182 574 573 4181 6577 1757 1756 6576 
11866 4182 4137 575 574 6577 6532 1758 1757 
11867 4182 451 452 4137 6577 1634 1635 6532 
11868 4184 3843 3378 4183 6579 6238 5773 6578 
11869 4184 3866 1119 3843 6579 6261 2302 6238 
11870 4184 3718 3372 3866 6579 6113 5767 6261 
11871 4184 4183 677 3718 6579 6578 1860 6113 
11872 4186 500 499 4185 6581 1683 1682 6580 
11873 4186 4172 501 500 6581 6567 1684 1683 
11874 4186 423 424 4172 6581 1606 1607 6567 
11875 4186 4185 422 423 6581 6580 1605 1606 
11876 4188 4175 408 409 6583 6570 1591 1592 
11877 4188 1228 1227 4175 6583 2411 2410 6570 
11878 4188 4187 1229 1228 6583 6582 2412 2411 
11879 4188 409 410 4187 6583 1592 1593 6582 
11880 4189 551 552 3642 6584 1734 1735 6037 
11881 4189 4114 550 551 6584 6509 1733 1734 
11882 4189 993 992 4114 6584 2176 2175 6509 
11883 4189 3642 994 993 6584 6037 2177 2176 
11884 4191 1317 1318 4190 6586 2500 2501 6585 
11885 4191 4111 1316 1317 6586 6506 2499 2500 
11886 4191 733 732 4111 6586 1916 1915 6506 
11887 4191 4190 734 733 6586 6585 1917 1916 
11888 4193 4108 744 743 6588 6503 1927 1926 
11889 4193 521 522 4108 6588 1704 1705 6503 
11890 4193 4192 520 521 6588 6587 1703 1704 
11891 4193 743 742 4192 6588 1926 1925 6587 
11892 4195 4105 1004 1003 6590 6500 2187 2186 
11893 4195 1287 1288 4105 6590 2470 2471 6500 
11894 4195 4194 1286 1287 6590 6589 2469 2470 
11895 4195 1003 1002 4194 6590 2186 2185 6589 
11896 4198 4196 3379 3581 6593 6591 5774 5976 
11897 4198 469 470 4196 6593 1652 1653 6591 
11898 4198 4197 468 469 6593 6592 1651 1652 
11899 4198 3581 595 4197 6593 5976 1778 6592 
11900 4201 4035 3410 4200 6596 6430 5805 6595 
11901 4201 359 360 4035 6596 1542 1543 6430 
11902 4201 4199 5 359 6596 6594 98 1542 
11903 4201 4200 3353 4199 6596 6595 5748 6594 
11904 4204 4202 699 700 6599 6597 1882 1883 
11905 4204 4203 3500 4202 6599 6598 5895 6597 
11906 4204 4007 3470 4203 6599 6402 5865 6598 
11907 4204 700 27 4007 6599 1883 120 6402 
11908 4206 1291 1292 4205 6601 2474 2475 6600 
11909 4206 4104 1290 1291 6601 6499 2473 2474 
11910 4206 1007 1006 4104 6601 2190 2189 6499 
11911 4206 4205 1008 1007 6601 6600 2191 2190 
11912 4208 747 746 4107 6603 1930 1929 6502 
11913 4208 4207 748 747 6603 6602 1931 1930 
11914 4208 525 526 4207 6603 1708 1709 6602 
11915 4208 4107 524 525 6603 6502 1707 1708 
11916 4210 4113 990 989 6605 6508 2173 2172 
11917 4210 547 548 4113 6605 1730 1731 6508 
11918 4210 4209 546 547 6605 6604 1729 1730 
11919 4210 989 988 4209 6605 2172 2171 6604 
11920 4212 4211 1312 1313 6607 6606 2495 2496 
11921 4212 729 728 4211 6607 1912 1911 6606 
11922 4212 4110 730 729 6607 6505 1913 1912 
11923 4212 1313 1314 4110 6607 2496 2497 6505 
11924 4215 4213 364 365 6610 6608 1547 1548 
11925 4215 1203 1202 4213 6610 2386 2385 6608 
11926 4215 4214 1204 1203 6610 6609 2387 2386 
11927 4215 365 366 4214 6610 1548 1549 6609 
11928 4217 594 593 4216 6612 1777 1776 6611 
11929 4217 4197 595 594 6612 6592 1778 1777 
11930 4217 467 468 4197 6612 1650 1651 6592 
11931 4217 4216 466 467 6612 6611 1649 1650 
11932 4219 1224 1223 4218 6614 2407 2406 6613 
11933 4219 4174 1225 1224 6614 6569 2408 2407 
11934 4219 405 406 4174 6614 1588 1589 6569 
11935 4219 4218 404 405 6614 6613 1587 1588 
11936 4221 4171 426 427 6616 6566 1609 1610 
11937 4221 504 503 4171 6616 1687 1686 6566 
11938 4221 4220 505 504 6616 6615 1688 1687 
11939 4221 427 428 4220 6616 1610 1611 6615 
11940 4225 4222 3406 4224 6620 6617 5801 6619 
11941 4225 3938 3419 4222 6620 6333 5814 6617 
11942 4225 4223 3323 3938 6620 6618 5718 6333 
11943 4225 4224 3308 4223 6620 6619 5703 6618 
11944 4228 4226 3473 4060 6623 6621 5868 6455 
11945 4228 4227 3408 4226 6623 6622 5803 6621 
11946 4228 3596 3455 4227 6623 5991 5850 6622 
11947 4228 4060 881 3596 6623 6455 2064 5991 
11948 4232 4229 867 868 6627 6624 2050 2051 
11949 4232 4230 3431 4229 6627 6625 5826 6624 
11950 4232 4231 3330 4230 6627 6626 5725 6625 
11951 4232 868 869 4231 6627 2051 2052 6626 
11952 4236 4233 3419 3872 6631 6628 5814 6267 
11953 4236 4234 3482 4233 6631 6629 5877 6628 
11954 4236 4235 3293 4234 6631 6630 5688 6629 
11955 4236 3872 3429 4235 6631 6267 5824 6630 
11956 4240 1255 1256 4239 6635 2438 2439 6634 
11957 4240 4237 1254 1255 6635 6632 2437 2438 
11958 4240 4238 3369 4237 6635 6633 5764 6632 
11959 4240 4239 3446 4238 6635 6634 5841 6633 
11960 4243 4241 3393 4159 6638 6636 5788 6554 
11961 4243 4242 3460 4241 6638 6637 5855 6636 
11962 4243 3536 3503 4242 6638 5931 5898 6637 
11963 4243 4159 3302 3536 6638 6554 5697 5931 
11964 4244 944 945 4123 6639 2127 2128 6518 
11965 4244 4022 943 944 6639 6417 2126 2127 
11966 4244 1094 1093 4022 6639 2277 2276 6417 
11967 4244 4123 1095 1094 6639 6518 2278 2277 
11968 4246 4245 583 582 6641 6640 1766 1765 
11969 4246 457 458 4245 6641 1640 1641 6640 
11970 4246 4101 456 457 6641 6496 1639 1640 
11971 4246 582 13 4101 6641 1765 106 6496 
11972 4248 375 376 4098 6643 1558 1559 6493 
11973 4248 4247 374 375 6643 6642 1557 1558 
11974 4248 1215 1214 4247 6643 2398 2397 6642 
11975 4248 4098 74 1215 6643 6493 167 2398 
11976 4251 3920 3320 4250 6646 6315 5715 6645 
11977 4251 4249 3445 3920 6646 6644 5840 6315 
11978 4251 601 602 4249 6646 1784 1785 6644 
11979 4251 4250 600 601 6646 6645 1783 1784 
11980 4254 4252 3295 4253 6649 6647 5690 6648 
11981 4254 3997 3412 4252 6649 6392 5807 6647 
11982 4254 3518 3404 3997 6649 5913 5799 6392 
11983 4254 4253 3413 3518 6649 6648 5808 5913 
11984 4256 4255 3510 3607 6651 6650 5905 6002 
11985 4256 3757 3465 4255 6651 6152 5860 6650 
11986 4256 3637 3499 3757 6651 6032 5894 6152 
11987 4256 3607 3515 3637 6651 6002 5910 6032 
11988 4259 4257 3377 3563 6654 6652 5772 5958 
11989 4259 4258 3386 4257 6654 6653 5781 6652 
11990 4259 419 420 4258 6654 1602 1603 6653 
11991 4259 3563 418 419 6654 5958 1601 1602 
11992 4263 4260 3414 4262 6658 6655 5809 6657 
11993 4263 4261 70 4260 6658 6656 163 6655 
11994 4263 3645 3492 4261 6658 6040 5887 6656 
11995 4263 4262 37 3645 6658 6657 130 6040 
11996 4266 3635 3514 4265 6661 6030 5909 6660 
11997 4266 4264 3499 3635 6661 6659 5894 6030 
11998 4266 3876 3504 4264 6661 6271 5899 6659 
11999 4266 4265 3483 3876 6661 6660 5878 6271 
12000 4267 541 542 3781 6662 1724 1725 6176 
12001 4267 3522 540 541 6662 5917 1723 1724 
12002 4267 985 984 3522 6662 2168 2167 5917 
12003 4267 3781 986 985 6662 6176 2169 2168 
12004 4269 1307 1308 3658 6664 2490 2491 6053 
12005 4269 4268 1306 1307 6664 6663 2489 2490 
12006 4269 725 724 4268 6664 1908 1907 6663 
12007 4269 3658 726 725 6664 6053 1909 1908 
12008 4271 4270 752 751 6666 6665 1935 1934 
12009 4271 531 532 4270 6666 1714 1715 6665 
12010 4271 3661 530 531 6666 6056 1713 1714 
12011 4271 751 750 3661 6666 1934 1933 6056 
12012 4273 4272 1012 1011 6668 6667 2195 2194 
12013 4273 1297 1298 4272 6668 2480 2481 6667 
12014 4273 3784 1296 1297 6668 6179 2479 2480 
12015 4273 1011 1010 3784 6668 2194 2193 6179 
12016 4276 835 834 4275 6671 2018 2017 6670 
12017 4276 4274 836 835 6671 6669 2019 2018 
12018 4276 926 927 4274 6671 2109 2110 6669 
12019 4276 4275 925 926 6671 6670 2108 2109 
12020 4279 4277 955 956 6674 6672 2138 2139 
12021 4279 1104 1103 4277 6674 2287 2286 6672 
12022 4279 4278 1105 1104 6674 6673 2288 2287 
12023 4279 956 957 4278 6674 2139 2140 6673 
12024 4282 4280 830 829 6677 6675 2013 2012 
12025 4282 696 697 4280 6677 1879 1880 6675 
12026 4282 4281 695 696 6677 6676 1878 1879 
12027 4282 829 828 4281 6677 2012 2011 6676 
12028 4284 666 667 4283 6679 1849 1850 6678 
12029 4284 4016 665 666 6679 6411 1848 1849 
12030 4284 1110 1109 4016 6679 2293 2292 6411 
12031 4284 4283 1111 1110 6679 6678 2294 2293 
12032 4287 4285 673 674 6682 6680 1856 1857 
12033 4287 1116 1115 4285 6682 2299 2298 6680 
12034 4287 4286 1117 1116 6682 6681 2300 2299 
12035 4287 674 675 4286 6682 1857 1858 6681 
12036 4289 823 822 4120 6684 2006 2005 6515 
12037 4289 4288 824 823 6684 6683 2007 2006 
12038 4289 688 689 4288 6684 1871 1872 6683 
12039 4289 4120 687 688 6684 6515 1870 1871 
12040 4291 1098 1097 4122 6686 2281 2280 6517 
12041 4291 4290 1099 1098 6686 6685 2282 2281 
12042 4291 948 949 4290 6686 2131 2132 6685 
12043 4291 4122 947 948 6686 6517 2130 2131 
12044 4293 4292 933 934 6688 6687 2116 2117 
12045 4293 841 840 4292 6688 2024 2023 6687 
12046 4293 4125 842 841 6688 6520 2025 2024 
12047 4293 934 935 4125 6688 2117 2118 6520 
12048 4296 4294 3321 3738 6691 6689 5716 6133 
12049 4296 4295 3490 4294 6691 6690 5885 6689 
12050 4296 3795 3471 4295 6691 6190 5866 6690 
12051 4296 3738 971 3795 6691 6133 2154 6190 
12052 4298 4297 3299 3767 6693 6692 5694 6162 
12053 4298 4141 3427 4297 6693 6536 5822 6692 
12054 4298 4255 3465 4141 6693 6650 5860 6536 
12055 4298 3767 3510 4255 6693 6162 5905 6650 
12056 4302 4299 3502 4301 6697 6694 5897 6696 
12057 4302 3877 3463 4299 6697 6272 5858 6694 
12058 4302 4300 3504 3877 6697 6695 5899 6272 
12059 4302 4301 3464 4300 6697 6696 5859 6695 
12060 4306 4303 3330 4305 6701 6698 5725 6700 
12061 4306 3875 3483 4303 6701 6270 5878 6698 
12062 4306 4304 3463 3875 6701 6699 5858 6270 
12063 4306 4305 3459 4304 6701 6700 5854 6699 
12064 4308 1188 1187 4179 6703 2371 2370 6574 
12065 4308 4307 1189 1188 6703 6702 2372 2371 
12066 4308 383 384 4307 6703 1566 1567 6702 
12067 4308 4179 382 383 6703 6574 1565 1566 
12068 4310 4309 448 449 6705 6704 1631 1632 
12069 4310 572 571 4309 6705 1755 1754 6704 
12070 4310 4181 573 572 6705 6576 1756 1755 
12071 4310 449 450 4181 6705 1632 1633 6576 
12072 4314 4311 3423 4313 6709 6706 5818 6708 
12073 4314 4312 3327 4311 6709 6707 5722 6706 
12074 4314 707 708 4312 6709 1890 1891 6707 
12075 4314 4313 30 707 6709 6708 123 1890 
12076 4317 3744 711 712 6712 6139 1894 1895 
12077 4317 4315 3328 3744 6712 6710 5723 6139 
12078 4317 4316 3422 4315 6712 6711 5817 6710 
12079 4317 712 31 4316 6712 1895 124 6711 
12080 4318 4096 3323 4223 6713 6491 5718 6618 
12081 4318 1264 1265 4096 6713 2447 2448 6491 
12082 4318 3822 1263 1264 6713 6217 2446 2447 
12083 4318 4223 3308 3822 6713 6618 5703 6217 
12084 4319 4235 3429 4177 6714 6630 5824 6572 
12085 4319 3824 3293 4235 6714 6219 5688 6630 
12086 4319 485 486 3824 6714 1668 1669 6219 
12087 4319 4177 484 485 6714 6572 1667 1668 
12088 4321 4237 3369 3807 6716 6632 5764 6202 
12089 4321 1253 1254 4237 6716 2436 2437 6632 
12090 4321 4320 1252 1253 6716 6715 2435 2436 
12091 4321 3807 3294 4320 6716 6202 5689 6715 
12092 4324 605 606 3833 6719 1788 1789 6228 
12093 4324 4322 604 605 6719 6717 1787 1788 
12094 4324 4323 3368 4322 6719 6718 5763 6717 
12095 4324 3833 3310 4323 6719 6228 5705 6718 
12096 4327 4325 3514 3636 6722 6720 5909 6031 
12097 4327 4133 3460 4325 6722 6528 5855 6720 
12098 4327 4326 3512 4133 6722 6721 5907 6528 
12099 4327 3636 3515 4326 6722 6031 5910 6721 
12100 4329 4264 3504 4300 6724 6659 5899 6695 
12101 4329 3756 3499 4264 6724 6151 5894 6659 
12102 4329 4328 3397 3756 6724 6723 5792 6151 
12103 4329 4300 3464 4328 6724 6695 5859 6723 
12104 4331 3537 3431 4230 6726 5932 5826 6625 
12105 4331 4330 3503 3537 6726 6725 5898 5932 
12106 4331 4303 3483 4330 6726 6698 5878 6725 
12107 4331 4230 3330 4303 6726 6625 5725 6698 
12108 4334 4332 3368 4323 6729 6727 5763 6718 
12109 4334 4168 3480 4332 6729 6563 5875 6727 
12110 4334 4333 3405 4168 6729 6728 5800 6563 
12111 4334 4323 3310 4333 6729 6718 5705 6728 
12112 4336 4335 3319 3533 6731 6730 5714 5928 
12113 4336 4143 3397 4335 6731 6538 5792 6730 
12114 4336 3849 3343 4143 6731 6244 5738 6538 
12115 4336 3533 1027 3849 6731 5928 2210 6244 
12116 4340 4337 3476 4339 6735 6732 5871 6734 
12117 4340 4338 3353 4337 6735 6733 5748 6732 
12118 4340 3540 3438 4338 6735 5935 5833 6733 
12119 4340 4339 3311 3540 6735 6734 5706 5935 
12120 4342 3773 3385 4341 6737 6168 5780 6736 
12121 4342 361 362 3773 6737 1544 1545 6168 
12122 4342 4034 360 361 6737 6429 1543 1544 
12123 4342 4341 3334 4034 6737 6736 5729 6429 
12124 4344 4297 3427 4343 6739 6692 5822 6738 
12125 4344 3846 3299 4297 6739 6241 5694 6692 
12126 4344 1032 1033 3846 6739 2215 2216 6241 
12127 4344 4343 1031 1032 6739 6738 2214 2215 
12128 4345 3850 1029 1030 6740 6245 2212 2213 
12129 4345 4142 3343 3850 6740 6537 5738 6245 
12130 4345 4343 3427 4142 6740 6738 5822 6537 
12131 4345 1030 1031 4343 6740 2213 2214 6738 
12132 4348 3882 3345 4347 6743 6277 5740 6742 
12133 4348 4346 3358 3882 6743 6741 5753 6277 
12134 4348 772 773 4346 6743 1955 1956 6741 
12135 4348 4347 771 772 6743 6742 1954 1955 
12136 4350 3847 1035 1036 6745 6242 2218 2219 
12137 4350 3766 3299 3847 6745 6161 5694 6242 
12138 4350 4349 3399 3766 6745 6744 5794 6161 
12139 4350 1036 1037 4349 6745 2219 2220 6744 
12140 4353 4349 1037 1038 6748 6744 2220 2221 
12141 4353 4351 3399 4349 6748 6746 5794 6744 
12142 4353 4352 3466 4351 6748 6747 5861 6746 
12143 4353 1038 1039 4352 6748 2221 2222 6747 
12144 4357 3740 3322 4356 6752 6135 5717 6751 
12145 4357 4354 968 3740 6752 6749 2151 6135 
12146 4357 4355 3468 4354 6752 6750 5863 6749 
12147 4357 4356 3491 4355 6752 6751 5886 6750 
12148 4361 4358 3424 4360 6756 6753 5819 6755 
12149 4361 3925 3487 4358 6756 6320 5882 6753 
12150 4361 4359 3388 3925 6756 6754 5783 6320 
12151 4361 4360 3449 4359 6756 6755 5844 6754 
12152 4363 4239 1256 1257 6758 6634 2439 2440 
12153 4363 4362 3446 4239 6758 6757 5841 6634 
12154 4363 3859 3306 4362 6758 6254 5701 6757 
12155 4363 1257 1258 3859 6758 2440 2441 6254 
12156 4365 4364 3501 3606 6760 6759 5896 6001 
12157 4365 4351 3466 4364 6760 6746 5861 6759 
12158 4365 3768 3399 4351 6760 6163 5794 6746 
12159 4365 3606 3510 3768 6760 6001 5905 6163 
12160 4367 3608 3501 4366 6762 6003 5896 6761 
12161 4367 4326 3515 3608 6762 6721 5910 6003 
12162 4367 3837 3512 4326 6762 6232 5907 6721 
12163 4367 4366 3481 3837 6762 6761 5876 6232 
12164 4368 4128 3354 3656 6763 6523 5749 6051 
12165 4368 411 412 4128 6763 1594 1595 6523 
12166 4368 4187 410 411 6763 6582 1593 1594 
12167 4368 3656 1229 4187 6763 6051 2412 6582 
12168 4370 3633 598 599 6765 6028 1781 1782 
12169 4370 4369 3424 3633 6765 6764 5819 6028 
12170 4370 4250 3320 4369 6765 6645 5715 6764 
12171 4370 599 600 4250 6765 1782 1783 6645 
12172 4372 4322 3368 4371 6767 6717 5763 6766 
12173 4372 603 604 4322 6767 1786 1787 6717 
12174 4372 4249 602 603 6767 6644 1785 1786 
12175 4372 4371 3445 4249 6767 6766 5840 6644 
12176 4375 4373 534 535 6770 6768 1717 1718 
12177 4375 3530 3349 4373 6770 5925 5744 6768 
12178 4375 4374 3401 3530 6770 6769 5796 5925 
12179 4375 535 536 4374 6770 1718 1719 6769 
12180 4377 4376 1206 1205 6772 6771 2389 2388 
12181 4377 367 368 4376 6772 1550 1551 6771 
12182 4377 4214 366 367 6772 6609 1549 1550 
12183 4377 1205 1204 4214 6772 2388 2387 6609 
12184 4379 465 466 4216 6774 1648 1649 6611 
12185 4379 4378 464 465 6774 6773 1647 1648 
12186 4379 592 591 4378 6774 1775 1774 6773 
12187 4379 4216 593 592 6774 6611 1776 1775 
12188 4381 3564 3496 4380 6776 5959 5891 6775 
12189 4381 417 418 3564 6776 1600 1601 5959 
12190 4381 4139 416 417 6776 6534 1599 1600 
12191 4381 4380 3363 4139 6776 6775 5758 6534 
12192 4383 3687 3392 4382 6778 6082 5787 6777 
12193 4383 4093 69 3687 6778 6488 162 6082 
12194 4383 809 38 4093 6778 1992 131 6488 
12195 4383 4382 810 809 6778 6777 1993 1992 
12196 4387 4384 1280 1281 6782 6779 2463 2464 
12197 4387 4385 3477 4384 6782 6780 5872 6779 
12198 4387 4386 3411 4385 6782 6781 5806 6780 
12199 4387 1281 1282 4386 6782 2464 2465 6781 
12200 4391 4388 3321 4294 6786 6783 5716 6689 
12201 4391 4389 3402 4388 6786 6784 5797 6783 
12202 4391 4390 3436 4389 6786 6785 5831 6784 
12203 4391 4294 3490 4390 6786 6689 5885 6785 
12204 4395 4392 3501 4364 6790 6787 5896 6759 
12205 4395 4393 3484 4392 6790 6788 5879 6787 
12206 4395 4394 3461 4393 6790 6789 5856 6788 
12207 4395 4364 3466 4394 6790 6759 5861 6789 
12208 4397 1190 1189 4307 6792 2373 2372 6702 
12209 4397 4396 1191 1190 6792 6791 2374 2373 
12210 4397 385 386 4396 6792 1568 1569 6791 
12211 4397 4307 384 385 6792 6702 1567 1568 
12212 4399 4398 446 447 6794 6793 1629 1630 
12213 4399 570 569 4398 6794 1753 1752 6793 
12214 4399 4309 571 570 6794 6704 1754 1753 
12215 4399 447 448 4309 6794 1630 1631 6704 
12216 4401 4231 869 870 6796 6626 2052 2053 
12217 4401 4305 3330 4231 6796 6700 5725 6626 
12218 4401 4400 3459 4305 6796 6795 5854 6700 
12219 4401 870 871 4400 6796 2053 2054 6795 
12220 4403 403 404 4218 6798 1586 1587 6613 
12221 4403 4402 402 403 6798 6797 1585 1586 
12222 4403 1222 1221 4402 6798 2405 2404 6797 
12223 4403 4218 1223 1222 6798 6613 2406 2405 
12224 4405 4404 507 506 6800 6799 1690 1689 
12225 4405 429 430 4404 6800 1612 1613 6799 
12226 4405 4220 428 429 6800 6615 1611 1612 
12227 4405 506 505 4220 6800 1689 1688 6615 
12228 4407 4036 3334 3869 6802 6431 5729 6264 
12229 4407 4406 3410 4036 6802 6801 5805 6431 
12230 4407 3553 3380 4406 6802 5948 5775 6801 
12231 4407 3869 1234 3553 6802 6264 2417 5948 
12232 4410 4408 3309 3831 6805 6803 5704 6226 
12233 4410 4409 3485 4408 6805 6804 5880 6803 
12234 4410 3856 3384 4409 6805 6251 5779 6804 
12235 4410 3831 478 3856 6805 6226 1661 6251 
12236 4415 4411 3471 4414 6810 6806 5866 6809 
12237 4415 4412 3423 4411 6810 6807 5818 6806 
12238 4415 4413 3382 4412 6810 6808 5777 6807 
12239 4415 4414 3508 4413 6810 6809 5903 6808 
12240 4418 4416 3316 3700 6813 6811 5711 6095 
12241 4418 4417 3435 4416 6813 6812 5830 6811 
12242 4418 1047 1046 4417 6813 2230 2229 6812 
12243 4418 3700 60 1047 6813 6095 153 2230 
12244 4422 4419 3409 4421 6817 6814 5804 6816 
12245 4422 3836 3481 4419 6817 6231 5876 6814 
12246 4422 4420 3440 3836 6817 6815 5835 6231 
12247 4422 4421 3333 4420 6817 6816 5728 6815 
12248 4425 4423 25 661 6820 6818 118 1844 
12249 4425 4424 3453 4423 6820 6819 5848 6818 
12250 4425 3840 3365 4424 6820 6235 5760 6819 
12251 4425 661 660 3840 6820 1844 1843 6235 
12252 4428 4426 3447 3520 6823 6821 5842 5915 
12253 4428 4380 3496 4426 6823 6775 5891 6821 
12254 4428 4427 3363 4380 6823 6822 5758 6775 
12255 4428 3520 3413 4427 6823 5915 5808 6822 
12256 4431 4400 871 872 6826 6795 2054 2055 
12257 4431 4429 3459 4400 6826 6824 5854 6795 
12258 4431 4430 3507 4429 6826 6825 5902 6824 
12259 4431 872 873 4430 6826 2055 2056 6825 
12260 4433 4432 916 915 6828 6827 2099 2098 
12261 4433 1153 1154 4432 6828 2336 2337 6827 
12262 4433 4147 1152 1153 6828 6542 2335 2336 
12263 4433 915 914 4147 6828 2098 2097 6542 
12264 4435 1171 1172 4150 6830 2354 2355 6545 
12265 4435 4434 1170 1171 6830 6829 2353 2354 
12266 4435 1065 1064 4434 6830 2248 2247 6829 
12267 4435 4150 1066 1065 6830 6545 2249 2248 
12268 4437 4436 1084 1083 6832 6831 2267 2266 
12269 4437 768 769 4436 6832 1951 1952 6831 
12270 4437 4154 767 768 6832 6549 1950 1951 
12271 4437 1083 1082 4154 6832 2266 2265 6549 
12272 4438 897 896 3629 6833 2080 2079 6024 
12273 4438 4157 898 897 6833 6552 2081 2080 
12274 4438 786 787 4157 6833 1969 1970 6552 
12275 4438 3629 785 786 6833 6024 1968 1969 
12276 4443 4439 3495 4442 6838 6834 5890 6837 
12277 4443 4440 3402 4439 6838 6835 5797 6834 
12278 4443 4441 3351 4440 6838 6836 5746 6835 
12279 4443 4442 3511 4441 6838 6837 5906 6836 
12280 4445 1319 1320 4444 6840 2502 2503 6839 
12281 4445 4190 1318 1319 6840 6585 2501 2502 
12282 4445 735 734 4190 6840 1918 1917 6585 
12283 4445 4444 736 735 6840 6839 1919 1918 
12284 4447 4194 1002 1001 6842 6589 2185 2184 
12285 4447 1285 1286 4194 6842 2468 2469 6589 
12286 4447 4446 1284 1285 6842 6841 2467 2468 
12287 4447 1001 1000 4446 6842 2184 2183 6841 
12288 4450 4448 3387 4449 6845 6843 5782 6844 
12289 4450 4270 532 4448 6845 6665 1715 6843 
12290 4450 753 752 4270 6845 1936 1935 6665 
12291 4450 4449 754 753 6845 6844 1937 1936 
12292 4452 4148 912 911 6847 6543 2095 2094 
12293 4452 1149 1150 4148 6847 2332 2333 6543 
12294 4452 4451 1148 1149 6847 6846 2331 2332 
12295 4452 911 910 4451 6847 2094 2093 6846 
12296 4454 1175 1176 4453 6849 2358 2359 6848 
12297 4454 4151 1174 1175 6849 6546 2357 2358 
12298 4454 1069 1068 4151 6849 2252 2251 6546 
12299 4454 4453 1070 1069 6849 6848 2253 2252 
12300 4456 4455 763 764 6851 6850 1946 1947 
12301 4456 1079 1078 4455 6851 2262 2261 6850 
12302 4456 4153 1080 1079 6851 6548 2263 2262 
12303 4456 764 765 4153 6851 1947 1948 6548 
12304 4458 901 900 4156 6853 2084 2083 6551 
12305 4458 4457 902 901 6853 6852 2085 2084 
12306 4458 790 791 4457 6853 1973 1974 6852 
12307 4458 4156 789 790 6853 6551 1972 1973 
12308 4461 4050 3313 4045 6856 6445 5708 6440 
12309 4461 4459 886 4050 6856 6854 2069 6445 
12310 4461 4460 3442 4459 6856 6855 5837 6854 
12311 4461 4045 645 4460 6856 6440 1828 6855 
12312 4464 4462 3456 4463 6859 6857 5851 6858 
12313 4464 4047 44 4462 6859 6442 137 6857 
12314 4464 4042 3313 4047 6859 6437 5708 6442 
12315 4464 4463 21 4042 6859 6858 114 6437 
12316 4466 4465 3314 3697 6861 6860 5709 6092 
12317 4466 3597 45 4465 6861 5992 138 6860 
12318 4466 3976 3455 3597 6861 6371 5850 5992 
12319 4466 3697 88 3976 6861 6092 181 6371 
12320 4468 4467 3315 4055 6863 6862 5710 6450 
12321 4468 3594 22 4467 6863 5989 115 6862 
12322 4468 3979 3457 3594 6863 6374 5852 5989 
12323 4468 4055 63 3979 6863 6450 156 6374 
12324 4469 3724 3458 3640 6864 6119 5853 6035 
12325 4469 4002 91 3724 6864 6397 184 6119 
12326 4469 3699 3316 4002 6864 6094 5711 6397 
12327 4469 3640 62 3699 6864 6035 155 6094 
12328 4470 1293 1294 3783 6865 2476 2477 6178 
12329 4470 4205 1292 1293 6865 6600 2475 2476 
12330 4470 1009 1008 4205 6865 2192 2191 6600 
12331 4470 3783 1010 1009 6865 6178 2193 2192 
12332 4471 527 528 3662 6866 1710 1711 6057 
12333 4471 4207 526 527 6866 6602 1709 1710 
12334 4471 749 748 4207 6866 1932 1931 6602 
12335 4471 3662 750 749 6866 6057 1933 1932 
12336 4472 4211 728 727 6867 6606 1911 1910 
12337 4472 1311 1312 4211 6867 2494 2495 6606 
12338 4472 3659 1310 1311 6867 6054 2493 2494 
12339 4472 727 726 3659 6867 1910 1909 6054 
12340 4473 4209 988 987 6868 6604 2171 2170 
12341 4473 545 546 4209 6868 1728 1729 6604 
12342 4473 3780 544 545 6868 6175 1727 1728 
12343 4473 987 986 3780 6868 2170 2169 6175 
12344 4475 494 493 4474 6870 1677 1676 6869 
12345 4475 3805 9 494 6870 6200 102 1677 
12346 4475 4257 3386 3805 6870 6652 5781 6200 
12347 4475 4474 3377 4257 6870 6869 5772 6652 
12348 4477 4090 39 814 6872 6485 132 1997 
12349 4477 3911 68 4090 6872 6306 161 6485 
12350 4477 4476 3340 3911 6872 6871 5735 6306 
12351 4477 814 813 4476 6872 1997 1996 6871 
12352 4480 3587 3398 4479 6875 5982 5793 6874 
12353 4480 4478 3362 3587 6875 6873 5757 5982 
12354 4480 537 538 4478 6875 1720 1721 6873 
12355 4480 4479 536 537 6875 6874 1719 1720 
12356 4483 4481 857 858 6878 6876 2040 2041 
12357 4483 4132 3440 4481 6878 6527 5835 6876 
12358 4483 4482 3332 4132 6878 6877 5727 6527 
12359 4483 858 859 4482 6878 2041 2042 6877 
12360 4488 4484 3338 4487 6883 6879 5733 6882 
12361 4488 4485 3516 4484 6883 6880 5911 6879 
12362 4488 4486 3505 4485 6883 6881 5900 6880 
12363 4488 4487 3474 4486 6883 6882 5869 6881 
12364 4492 4489 623 624 6887 6884 1806 1807 
12365 4492 4490 3407 4489 6887 6885 5802 6884 
12366 4492 4491 3484 4490 6887 6886 5879 6885 
12367 4492 624 625 4491 6887 1807 1808 6886 
12368 4493 4087 36 799 6888 6482 129 1982 
12369 4493 3942 71 4087 6888 6337 164 6482 
12370 4493 3733 3337 3942 6888 6128 5732 6337 
12371 4493 799 798 3733 6888 1982 1981 6128 
12372 4497 4494 3409 4419 6892 6889 5804 6814 
12373 4497 4495 3347 4494 6892 6890 5742 6889 
12374 4497 4496 3462 4495 6892 6891 5857 6890 
12375 4497 4419 3481 4496 6892 6814 5876 6891 
12376 4500 4498 3437 3818 6895 6893 5832 6213 
12377 4500 4499 3403 4498 6895 6894 5798 6893 
12378 4500 4356 3322 4499 6895 6751 5717 6894 
12379 4500 3818 3491 4356 6895 6213 5886 6751 
12380 4502 4501 585 584 6897 6896 1768 1767 
12381 4502 459 460 4501 6897 1642 1643 6896 
12382 4502 4245 458 459 6897 6640 1641 1642 
12383 4502 584 583 4245 6897 1767 1766 6640 
12384 4504 373 374 4247 6899 1556 1557 6642 
12385 4504 4503 372 373 6899 6898 1555 1556 
12386 4504 1213 1212 4503 6899 2396 2395 6898 
12387 4504 4247 1214 1213 6899 6642 2397 2396 
12388 4506 4411 3423 4311 6901 6806 5818 6706 
12389 4506 4295 3471 4411 6901 6690 5866 6806 
12390 4506 4505 3490 4295 6901 6900 5885 6690 
12391 4506 4311 3327 4505 6901 6706 5722 6900 
12392 4509 4507 656 655 6904 6902 1839 1838 
12393 4509 778 779 4507 6904 1961 1962 6902 
12394 4509 4508 777 778 6904 6903 1960 1961 
12395 4509 655 654 4508 6904 1838 1837 6903 
12396 4512 4510 1364 1363 6907 6905 2547 2546 
12397 4512 1163 1164 4510 6907 2346 2347 6905 
12398 4512 4511 1162 1163 6907 6906 2345 2346 
12399 4512 1363 1362 4511 6907 2546 2545 6906 
12400 4514 776 777 4508 6909 1959 1960 6903 
12401 4514 4513 775 776 6909 6908 1958 1959 
12402 4514 653 652 4513 6909 1836 1835 6908 
12403 4514 4508 654 653 6909 6903 1837 1836 
12404 4515 1361 1360 3570 6910 2544 2543 5965 
12405 4515 4511 1362 1361 6910 6906 2545 2544 
12406 4515 1161 1162 4511 6910 2344 2345 6906 
12407 4515 3570 1160 1161 6910 5965 2343 2344 
12408 4518 4040 3344 4517 6913 6435 5739 6912 
12409 4518 4516 3415 4040 6913 6911 5810 6435 
12410 4518 940 941 4516 6913 2123 2124 6911 
12411 4518 4517 939 940 6913 6912 2122 2123 
12412 4522 4519 3303 4521 6917 6914 5698 6916 
12413 4522 4494 3347 4519 6917 6889 5742 6914 
12414 4522 4520 3409 4494 6917 6915 5804 6889 
12415 4522 4521 3454 4520 6917 6916 5849 6915 
12416 4524 1192 1191 4396 6919 2375 2374 6791 
12417 4524 4523 1193 1192 6919 6918 2376 2375 
12418 4524 387 388 4523 6919 1570 1571 6918 
12419 4524 4396 386 387 6919 6791 1569 1570 
12420 4526 4525 444 445 6921 6920 1627 1628 
12421 4526 568 567 4525 6921 1751 1750 6920 
12422 4526 4398 569 568 6921 6793 1752 1751 
12423 4526 445 446 4398 6921 1628 1629 6793 
12424 4529 4527 998 997 6924 6922 2181 2180 
12425 4529 4528 3426 4527 6924 6923 5821 6922 
12426 4529 3599 3341 4528 6924 5994 5736 6923 
12427 4529 997 996 3599 6924 2180 2179 5994 
12428 4532 4530 3337 3734 6927 6925 5732 6129 
12429 4532 3567 3371 4530 6927 5962 5766 6925 
12430 4532 4531 1074 3567 6927 6926 2257 5962 
12431 4532 3734 3359 4531 6927 6129 5754 6926 
12432 4535 4161 3393 4534 6930 6556 5788 6929 
12433 4535 862 863 4161 6930 2045 2046 6556 
12434 4535 4533 861 862 6930 6928 2044 2045 
12435 4535 4534 3444 4533 6930 6929 5839 6928 
12436 4539 4536 3497 4538 6934 6931 5892 6933 
12437 4539 4537 3449 4536 6934 6932 5844 6931 
12438 4539 4362 3306 4537 6934 6757 5701 6932 
12439 4539 4538 3446 4362 6934 6933 5841 6757 
12440 4541 4196 470 471 6936 6591 1653 1654 
12441 4541 4540 3379 4196 6936 6935 5774 6591 
12442 4541 3770 3452 4540 6936 6165 5847 6935 
12443 4541 471 472 3770 6936 1654 1655 6165 
12444 4542 837 836 4274 6937 2020 2019 6669 
12445 4542 3624 838 837 6937 6019 2021 2020 
12446 4542 928 929 3624 6937 2111 2112 6019 
12447 4542 4274 927 928 6937 6669 2110 2111 
12448 4543 3626 953 954 6938 6021 2136 2137 
12449 4543 1102 1101 3626 6938 2285 2284 6021 
12450 4543 4277 1103 1102 6938 6672 2286 2285 
12451 4543 954 955 4277 6938 2137 2138 6672 
12452 4544 3709 693 694 6939 6104 1876 1877 
12453 4544 827 826 3709 6939 2010 2009 6104 
12454 4544 4281 828 827 6939 6676 2011 2010 
12455 4544 694 695 4281 6939 1877 1878 6676 
12456 4545 1112 1111 4283 6940 2295 2294 6678 
12457 4545 3712 1113 1112 6940 6107 2296 2295 
12458 4545 668 669 3712 6940 1851 1852 6107 
12459 4545 4283 667 668 6940 6678 1850 1851 
12460 4550 4546 3482 4549 6945 6941 5877 6944 
12461 4550 4547 3474 4546 6945 6942 5869 6941 
12462 4550 4548 3432 4547 6945 6943 5827 6942 
12463 4550 4549 3339 4548 6945 6944 5734 6943 
12464 4553 1167 1168 4552 6948 2350 2351 6947 
12465 4553 3561 1166 1167 6948 5956 2349 2350 
12466 4553 4551 3458 3561 6948 6946 5853 5956 
12467 4553 4552 3346 4551 6948 6947 5741 6946 
12468 4554 3713 671 672 6949 6108 1854 1855 
12469 4554 1114 1113 3713 6949 2297 2296 6108 
12470 4554 4285 1115 1114 6949 6680 2298 2297 
12471 4554 672 673 4285 6949 1855 1856 6680 
12472 4555 825 824 4288 6950 2008 2007 6683 
12473 4555 3710 826 825 6950 6105 2009 2008 
12474 4555 690 691 3710 6950 1873 1874 6105 
12475 4555 4288 689 690 6950 6683 1872 1873 
12476 4556 1100 1099 4290 6951 2283 2282 6685 
12477 4556 3627 1101 1100 6951 6022 2284 2283 
12478 4556 950 951 3627 6951 2133 2134 6022 
12479 4556 4290 949 950 6951 6685 2132 2133 
12480 4557 3623 931 932 6952 6018 2114 2115 
12481 4557 839 838 3623 6952 2022 2021 6018 
12482 4557 4292 840 839 6952 6687 2023 2022 
12483 4557 932 933 4292 6952 2115 2116 6687 
12484 4559 4332 3480 4558 6954 6727 5875 6953 
12485 4559 4371 3368 4332 6954 6766 5763 6727 
12486 4559 3922 3445 4371 6954 6317 5840 6766 
12487 4559 4558 3497 3922 6954 6953 5892 6317 
12488 4560 3680 3513 4026 6955 6075 5908 6421 
12489 4560 1299 1300 3680 6955 2482 2483 6075 
12490 4560 4272 1298 1299 6955 6667 2481 2482 
12491 4560 4026 1012 4272 6955 6421 2195 6667 
12492 4563 4561 3469 4562 6958 6956 5864 6957 
12493 4563 3525 3400 4561 6958 5920 5795 6956 
12494 4563 3989 634 3525 6958 6384 1817 5920 
12495 4563 4562 3486 3989 6958 6957 5881 6384 
12496 4565 3972 3436 4390 6960 6367 5831 6785 
12497 4565 4564 3297 3972 6960 6959 5692 6367 
12498 4565 4505 3327 4564 6960 6900 5722 6959 
12499 4565 4390 3490 4505 6960 6785 5885 6900 
12500 4569 4566 3439 4568 6964 6961 5834 6963 
12501 4569 847 846 4566 6964 2030 2029 6961 
12502 4569 4567 848 847 6964 6962 2031 2030 
12503 4569 4568 3344 4567 6964 6963 5739 6962 
12504 4572 4570 3430 4571 6967 6965 5825 6966 
12505 4572 3684 3478 4570 6967 6079 5873 6965 
12506 4572 1303 1304 3684 6967 2486 2487 6079 
12507 4572 4571 1302 1303 6967 6966 2485 2486 
12508 4574 3583 3348 4573 6969 5978 5743 6968 
12509 4574 3571 1358 3583 6969 5966 2541 5978 
12510 4574 1159 1160 3571 6969 2342 2343 5966 
12511 4574 4573 1158 1159 6969 6968 2341 2342 
12512 4578 4575 3318 4577 6973 6970 5713 6972 
12513 4578 4576 3434 4575 6973 6971 5829 6970 
12514 4578 3721 3325 4576 6973 6116 5720 6971 
12515 4578 4577 79 3721 6973 6972 172 6116 
12516 4579 4376 368 369 6974 6771 1551 1552 
12517 4579 1207 1206 4376 6974 2390 2389 6771 
12518 4579 3799 1208 1207 6974 6194 2391 2390 
12519 4579 369 370 3799 6974 1552 1553 6194 
12520 4580 590 589 3801 6975 1773 1772 6196 
12521 4580 4378 591 590 6975 6773 1774 1773 
12522 4580 463 464 4378 6975 1646 1647 6773 
12523 4580 3801 462 463 6975 6196 1645 1646 
12524 4581 3921 3497 4536 6976 6316 5892 6931 
12525 4581 4369 3320 3921 6976 6764 5715 6316 
12526 4581 4360 3424 4369 6976 6755 5819 6764 
12527 4581 4536 3449 4360 6976 6931 5844 6755 
12528 4582 4268 724 723 6977 6663 1907 1906 
12529 4582 3685 1306 4268 6977 6080 2489 6663 
12530 4582 3786 3478 3685 6977 6181 5873 6080 
12531 4582 723 722 3786 6977 1906 1905 6181 
12532 4584 4199 3353 4338 6979 6594 5748 6733 
12533 4584 3771 5 4199 6979 6166 98 6594 
12534 4584 4583 3452 3771 6979 6978 5847 6166 
12535 4584 4338 3438 4583 6979 6733 5833 6978 
12536 4588 4585 3509 4587 6983 6980 5904 6982 
12537 4588 1330 1331 4585 6983 2513 2514 6980 
12538 4588 4586 1329 1330 6983 6981 2512 2513 
12539 4588 4587 3467 4586 6983 6982 5862 6981 
12540 4589 3621 80 1251 6984 6016 173 2434 
12541 4589 4169 3425 3621 6984 6564 5820 6016 
12542 4589 4320 3294 4169 6984 6715 5689 6564 
12543 4589 1251 1252 4320 6984 2434 2435 6715 
12544 4593 3753 740 4592 6988 6148 1923 6987 
12545 4593 4590 3396 3753 6988 6985 5791 6148 
12546 4593 4591 3395 4590 6988 6986 5790 6985 
12547 4593 4592 3443 4591 6988 6987 5838 6986 
12548 4594 3763 3495 4439 6989 6158 5890 6834 
12549 4594 3973 3451 3763 6989 6368 5846 6158 
12550 4594 4389 3436 3973 6989 6784 5831 6368 
12551 4594 4439 3402 4389 6989 6834 5797 6784 
12552 4597 3970 3437 4498 6992 6365 5832 6893 
12553 4597 4595 3450 3970 6992 6990 5845 6365 
12554 4597 4596 3494 4595 6992 6991 5889 6990 
12555 4597 4498 3403 4596 6992 6893 5798 6991 
12556 4599 3532 3319 3670 6994 5927 5714 6065 
12557 4599 1024 1025 3532 6994 2207 2208 5927 
12558 4599 4598 1023 1024 6994 6993 2206 2207 
12559 4599 3670 3366 4598 6994 6065 5761 6993 
12560 4601 4600 3484 4491 6996 6995 5879 6886 
12561 4601 4495 3462 4600 6996 6890 5857 6995 
12562 4601 3759 3347 4495 6996 6154 5742 6890 
12563 4601 4491 625 3759 6996 6886 1808 6154 
12564 4604 831 830 4603 6999 2014 2013 6998 
12565 4604 4602 832 831 6999 6997 2015 2014 
12566 4604 4203 3470 4602 6999 6598 5865 6997 
12567 4604 4603 3500 4203 6999 6998 5895 6598 
12568 4606 389 390 4605 7001 1572 1573 7000 
12569 4606 4523 388 389 7001 6918 1571 1572 
12570 4606 1194 1193 4523 7001 2377 2376 6918 
12571 4606 4605 1195 1194 7001 7000 2378 2377 
12572 4608 4525 567 566 7003 6920 1750 1749 
12573 4608 443 444 4525 7003 1626 1627 6920 
12574 4608 4607 442 443 7003 7002 1625 1626 
12575 4608 566 565 4607 7003 1749 1748 7002 
12576 4609 4017 1109 1108 7004 6412 2292 2291 
12577 4609 4005 663 4017 7004 6400 1846 6412 
12578 4609 3762 3451 4005 7004 6157 5846 6400 
12579 4609 1108 1107 3762 7004 2291 2290 6157 
12580 4612 4610 3473 4226 7007 7005 5868 6621 
12581 4612 4611 3507 4610 7007 7006 5902 7005 
12582 4612 3901 3467 4611 7007 6296 5862 7006 
12583 4612 4226 3408 3901 7007 6621 5803 6296 
12584 4615 4613 832 4602 7010 7008 2015 6997 
12585 4615 4595 3494 4613 7010 6990 5889 7008 
12586 4615 4614 3450 4595 7010 7009 5845 6990 
12587 4615 4602 3470 4614 7010 6997 5865 7009 
12588 4616 4489 3407 3578 7011 6884 5802 5973 
12589 4616 622 623 4489 7011 1805 1806 6884 
12590 4616 3896 621 622 7011 6291 1804 1805 
12591 4616 3578 3304 3896 7011 5973 5699 6291 
12592 4618 401 402 4402 7013 1584 1585 6797 
12593 4618 4617 400 401 7013 7012 1583 1584 
12594 4618 1220 1219 4617 7013 2403 2402 7012 
12595 4618 4402 1221 1220 7013 6797 2404 2403 
12596 4620 4619 509 508 7015 7014 1692 1691 
12597 4620 431 432 4619 7015 1614 1615 7014 
12598 4620 4404 430 431 7015 6799 1613 1614 
12599 4620 508 507 4404 7015 1691 1690 6799 
12600 4622 4621 3442 4460 7017 7016 5837 6855 
12601 4622 4423 3453 4621 7017 6818 5848 7016 
12602 4622 644 25 4423 7017 1827 118 6818 
12603 4622 4460 645 644 7017 6855 1828 1827 
12604 4626 4623 3469 4561 7021 7018 5864 6956 
12605 4626 4624 3336 4623 7021 7019 5731 7018 
12606 4626 4625 3461 4624 7021 7020 5856 7019 
12607 4626 4561 3400 4625 7021 6956 5795 7020 
12608 4627 4031 3415 4516 7022 6426 5810 6911 
12609 4627 4023 1091 4031 7022 6418 2274 6426 
12610 4627 942 943 4023 7022 2125 2126 6418 
12611 4627 4516 941 942 7022 6911 2124 2125 
12612 4629 4628 3325 3722 7024 7023 5720 6117 
12613 4629 3792 3488 4628 7024 6187 5883 7023 
12614 4629 1242 1241 3792 7024 2425 2424 6187 
12615 4629 3722 1243 1242 7024 6117 2426 2425 
12616 4630 4501 460 461 7025 6896 1643 1644 
12617 4630 586 585 4501 7025 1769 1768 6896 
12618 4630 3802 587 586 7025 6197 1770 1769 
12619 4630 461 462 3802 7025 1644 1645 6197 
12620 4631 1211 1210 3798 7026 2394 2393 6193 
12621 4631 4503 1212 1211 7026 6898 2395 2394 
12622 4631 371 372 4503 7026 1554 1555 6898 
12623 4631 3798 370 371 7026 6193 1553 1554 
12624 4635 490 489 4634 7030 1673 1672 7029 
12625 4635 4632 491 490 7030 7027 1674 1673 
12626 4635 4633 3324 4632 7030 7028 5719 7027 
12627 4635 4634 3448 4633 7030 7029 5843 7028 
12628 4637 4192 742 3752 7032 6587 1925 6147 
12629 4637 519 520 4192 7032 1702 1703 6587 
12630 4637 4636 518 519 7032 7031 1701 1702 
12631 4637 3752 3396 4636 7032 6147 5791 7031 
12632 4639 4638 783 784 7034 7033 1966 1967 
12633 4639 4080 3352 4638 7034 6475 5747 7033 
12634 4639 3630 894 4080 7034 6025 2077 6475 
12635 4639 784 785 3630 7034 1967 1968 6025 
12636 4643 4640 3375 3551 7038 7035 5770 5946 
12637 4643 4641 3414 4640 7038 7036 5809 7035 
12638 4643 4642 3374 4641 7038 7037 5769 7036 
12639 4643 3551 906 4642 7038 5946 2089 7037 
12640 4647 4644 3454 3777 7042 7039 5849 6172 
12641 4647 4645 3417 4644 7042 7040 5812 7039 
12642 4647 4646 3360 4645 7042 7041 5755 7040 
12643 4647 3777 3456 4646 7042 6172 5851 7041 
12644 4649 4648 736 4444 7044 7043 1919 6839 
12645 4649 4028 3516 4648 7044 6423 5911 7043 
12646 4649 1321 1322 4028 7044 2504 2505 6423 
12647 4649 4444 1320 1321 7044 6839 2503 2504 
12648 4651 4650 76 1237 7046 7045 169 2420 
12649 4651 4341 3385 4650 7046 6736 5780 7045 
12650 4651 3868 3334 4341 7046 6263 5729 6736 
12651 4651 1237 1236 3868 7046 2420 2419 6263 
12652 4654 4652 3509 4585 7049 7047 5904 6980 
12653 4654 4653 3502 4652 7049 7048 5897 7047 
12654 4654 1332 1333 4653 7049 2515 2516 7048 
12655 4654 4585 1331 1332 7049 6980 2514 2515 
12656 4658 4527 3426 4657 7053 6922 5821 7052 
12657 4658 4655 998 4527 7053 7050 2181 6922 
12658 4658 4656 3477 4655 7053 7051 5872 7050 
12659 4658 4657 3390 4656 7053 7052 5785 7051 
12660 4660 4659 3312 3929 7055 7054 5707 6324 
12661 4660 4165 3475 4659 7055 6560 5870 7054 
12662 4660 3620 3425 4165 7055 6015 5820 6560 
12663 4660 3929 1246 3620 7055 6324 2429 6015 
12664 4664 4661 3416 4663 7059 7056 5811 7058 
12665 4664 4662 3326 4661 7059 7057 5721 7056 
12666 4664 3611 3435 4662 7059 6006 5830 7057 
12667 4664 4663 3433 3611 7059 7058 5828 6006 
12668 4669 4665 3422 4668 7064 7060 5817 7063 
12669 4669 4666 3468 4665 7064 7061 5863 7060 
12670 4669 4667 3401 4666 7064 7062 5796 7061 
12671 4669 4668 3298 4667 7064 7063 5693 7062 
12672 4672 755 754 4449 7067 1938 1937 6844 
12673 4672 4670 756 755 7067 7065 1939 1938 
12674 4672 4671 3349 4670 7067 7066 5744 7065 
12675 4672 4449 3387 4671 7067 6844 5782 7066 
12676 4673 3968 3296 3951 7068 6363 5691 6346 
12677 4673 3817 3437 3968 7068 6212 5832 6363 
12678 4673 3743 3328 3817 7068 6138 5723 6212 
12679 4673 3951 29 3743 7068 6346 122 6138 
12680 4674 4082 918 917 7069 6477 2101 2100 
12681 4674 1155 1156 4082 7069 2338 2339 6477 
12682 4674 4432 1154 1155 7069 6827 2337 2338 
12683 4674 917 916 4432 7069 2100 2099 6827 
12684 4675 4020 1086 1085 7070 6415 2269 2268 
12685 4675 770 771 4020 7070 1953 1954 6415 
12686 4675 4436 769 770 7070 6831 1952 1953 
12687 4675 1085 1084 4436 7070 2268 2267 6831 
12688 4677 3999 3404 3519 7072 6394 5799 5914 
12689 4677 4408 3485 3999 7072 6803 5880 6394 
12690 4677 4676 3309 4408 7072 7071 5704 6803 
12691 4677 3519 3447 4676 7072 5914 5842 7071 
12692 4678 4521 3303 3880 7073 6916 5698 6275 
12693 4678 3776 3454 4521 7073 6171 5849 6916 
12694 4678 4070 3329 3776 7073 6465 5724 6171 
12695 4678 3880 631 4070 7073 6275 1814 6465 
12696 4680 3541 3381 3557 7075 5936 5776 5952 
12697 4680 4679 3438 3541 7075 7074 5833 5936 
12698 4680 3811 3335 4679 7075 6206 5730 7074 
12699 4680 3557 611 3811 7075 5952 1794 6206 
12700 4683 4633 3448 4682 7078 7028 5843 7077 
12701 4683 4681 3324 4633 7078 7076 5719 7028 
12702 4683 3565 3377 4681 7078 5960 5772 7076 
12703 4683 4682 3496 3565 7078 7077 5891 5960 
12704 4686 3983 1019 1020 7081 6378 2202 2203 
12705 4686 4684 3326 3983 7081 7079 5721 6378 
12706 4686 4685 3489 4684 7081 7080 5884 7079 
12707 4686 1020 1021 4685 7081 2203 2204 7080 
12708 4689 4687 679 680 7084 7082 1862 1863 
12709 4689 4014 1123 4687 7084 6409 2306 7082 
12710 4689 4688 3418 4014 7084 7083 5813 6409 
12711 4689 680 681 4688 7084 1863 1864 7083 
12712 4692 4359 3449 4691 7087 6754 5844 7086 
12713 4692 4690 3388 4359 7087 7085 5783 6754 
12714 4692 3962 3391 4690 7087 6357 5786 7085 
12715 4692 4691 82 3962 7087 7086 175 6357 
12716 4694 3672 3319 4335 7089 6067 5714 6730 
12717 4694 4693 3416 3672 7089 7088 5811 6067 
12718 4694 4328 3464 4693 7089 6723 5859 7088 
12719 4694 4335 3397 4328 7089 6730 5792 6723 
12720 4696 1196 1195 4605 7091 2379 2378 7000 
12721 4696 4695 1197 1196 7091 7090 2380 2379 
12722 4696 391 392 4695 7091 1574 1575 7090 
12723 4696 4605 390 391 7091 7000 1573 1574 
12724 4698 4697 440 441 7093 7092 1623 1624 
12725 4698 564 563 4697 7093 1747 1746 7092 
12726 4698 4607 565 564 7093 7002 1748 1747 
12727 4698 441 442 4607 7093 1624 1625 7002 
12728 4701 4278 957 958 7096 6673 2140 2141 
12729 4701 4699 1105 4278 7096 7094 2288 6673 
12730 4701 4700 3511 4699 7096 7095 5906 7094 
12731 4701 958 959 4700 7096 2141 2142 7095 
12732 4703 4702 3439 4566 7098 7097 5834 6961 
12733 4703 4126 937 4702 7098 6521 2120 7097 
12734 4703 845 844 4126 7098 2028 2027 6521 
12735 4703 4566 846 845 7098 6961 2029 2028 
12736 4704 3535 3302 4160 7099 5930 5697 6555 
12737 4704 4229 3431 3535 7099 6624 5826 5930 
12738 4704 866 867 4229 7099 2049 2050 6624 
12739 4704 4160 865 866 7099 6555 2048 2049 
12740 4707 4705 3474 4706 7102 7100 5869 7101 
12741 4707 4224 3406 4705 7102 6619 5801 7100 
12742 4707 3821 3308 4224 7102 6216 5703 6619 
12743 4707 4706 83 3821 7102 7101 176 6216 
12744 4709 4333 3310 3834 7104 6728 5705 6229 
12745 4709 4163 3405 4333 7104 6558 5800 6728 
12746 4709 4708 3476 4163 7104 7103 5871 6558 
12747 4709 3834 16 4708 7104 6229 109 7103 
12748 4713 794 795 4712 7108 1977 1978 7107 
12749 4713 4710 793 794 7108 7105 1976 1977 
12750 4713 4711 904 4710 7108 7106 2087 7105 
12751 4713 4712 3441 4711 7108 7107 5836 7106 
12752 4716 4714 3487 3926 7111 7109 5882 6321 
12753 4716 4715 3389 4714 7111 7110 5784 7109 
12754 4716 4528 3341 4715 7111 6923 5736 7110 
12755 4716 3926 3426 4528 7111 6321 5821 6923 
12756 4717 4451 910 909 7112 6846 2093 2092 
12757 4717 1147 1148 4451 7112 2330 2331 6846 
12758 4717 3591 1146 1147 7112 5986 2329 2330 
12759 4717 909 908 3591 7112 2092 2091 5986 
12760 4719 1071 1070 4453 7114 2254 2253 6848 
12761 4719 4718 1072 1071 7114 7113 2255 2254 
12762 4719 1177 1178 4718 7114 2360 2361 7113 
12763 4719 4453 1176 1177 7114 6848 2359 2360 
12764 4721 4720 761 762 7116 7115 1944 1945 
12765 4721 1077 1076 4720 7116 2260 2259 7115 
12766 4721 4455 1078 1077 7116 6850 2261 2260 
12767 4721 762 763 4455 7116 1945 1946 6850 
12768 4722 903 902 4457 7117 2086 2085 6852 
12769 4722 4710 904 903 7117 7105 2087 2086 
12770 4722 792 793 4710 7117 1975 1976 7105 
12771 4722 4457 791 792 7117 6852 1974 1975 
12772 4723 3576 3400 3526 7118 5971 5795 5921 
12773 4723 3895 3304 3576 7118 6290 5699 5971 
12774 4723 618 619 3895 7118 1801 1802 6290 
12775 4723 3526 18 618 7118 5921 111 1801 
12776 4724 1179 1180 3749 7119 2362 2363 6144 
12777 4724 4718 1178 1179 7119 7113 2361 2362 
12778 4724 3568 1072 4718 7119 5963 2255 7113 
12779 4724 3749 3371 3568 7119 6144 5766 5963 
12780 4726 4720 1076 4725 7121 7115 2259 7120 
12781 4726 760 761 4720 7121 1943 1944 7115 
12782 4726 3747 759 760 7121 6142 1942 1943 
12783 4726 4725 3370 3747 7121 7120 5765 6142 
12784 4727 3764 1107 1106 7122 6159 2290 2289 
12785 4727 4442 3495 3764 7122 6837 5890 6159 
12786 4727 4699 3511 4442 7122 7094 5906 6837 
12787 4727 1106 1105 4699 7122 2289 2288 7094 
12788 4730 4728 3428 3604 7125 7123 5823 5999 
12789 4730 3986 889 4728 7125 6381 2072 7123 
12790 4730 4729 3479 3986 7125 7124 5874 6381 
12791 4730 3604 1350 4729 7125 5999 2533 7124 
12792 4732 4482 859 860 7127 6877 2042 2043 
12793 4732 4731 3332 4482 7127 7126 5727 6877 
12794 4732 4533 3444 4731 7127 6928 5839 7126 
12795 4732 860 861 4533 7127 2043 2044 6928 
12796 4733 4614 3470 4008 7128 7009 5865 6403 
12797 4733 3969 3450 4614 7128 6364 5845 7009 
12798 4733 3950 3296 3969 7128 6345 5691 6364 
12799 4733 4008 705 3950 7128 6403 1888 6345 
12800 4734 4394 3466 4352 7129 6789 5861 6747 
12801 4734 4624 3461 4394 7129 7019 5856 6789 
12802 4734 4075 3336 4624 7129 6470 5731 7019 
12803 4734 4352 1039 4075 7129 6747 2222 6470 
12804 4736 4735 3298 4668 7131 7130 5693 7063 
12805 4736 718 717 4735 7131 1901 1900 7130 
12806 4736 4316 31 718 7131 6711 124 1901 
12807 4736 4668 3422 4316 7131 7063 5817 6711 
12808 4739 4737 3367 4738 7134 7132 5762 7133 
12809 4739 3547 3472 4737 7134 5942 5867 7132 
12810 4739 817 816 3547 7134 2000 1999 5942 
12811 4739 4738 818 817 7134 7133 2001 2000 
12812 4740 4650 3385 3774 7135 7045 5780 6169 
12813 4740 1201 76 4650 7135 2384 169 7045 
12814 4740 4213 1202 1201 7135 6608 2385 2384 
12815 4740 3774 364 4213 7135 6169 1547 6608 
12816 4742 4741 3373 3936 7137 7136 5768 6331 
12817 4742 4738 3367 4741 7137 7133 5762 7136 
12818 4742 819 818 4738 7137 2002 2001 7133 
12819 4742 3936 820 819 7137 6331 2003 2002 
12820 4743 874 875 4057 7138 2057 2058 6452 
12821 4743 4430 873 874 7138 6825 2056 2057 
12822 4743 4610 3507 4430 7138 7005 5902 6825 
12823 4743 4057 3473 4610 7138 6452 5868 7005 
12824 4744 995 994 3643 7139 2178 2177 6038 
12825 4744 3601 996 995 7139 5996 2179 2178 
12826 4744 3674 3421 3601 7139 6069 5816 5996 
12827 4744 3643 554 3674 7139 6038 1737 6069 
12828 4746 3741 52 963 7141 6136 145 2146 
12829 4746 4499 3322 3741 7141 6894 5717 6136 
12830 4746 4745 3403 4499 7141 7140 5798 6894 
12831 4746 963 962 4745 7141 2146 2145 7140 
12832 4748 4388 3402 4747 7143 6783 5797 7142 
12833 4748 3737 3321 4388 7143 6132 5716 6783 
12834 4748 964 53 3737 7143 2147 146 6132 
12835 4748 4747 965 964 7143 7142 2148 2147 
12836 4751 4749 3418 4688 7146 7144 5813 7083 
12837 4751 3548 40 4749 7146 5943 133 7144 
12838 4751 4750 3472 3548 7146 7145 5867 5943 
12839 4751 4688 681 4750 7146 7083 1864 7145 
12840 4755 4752 3493 4754 7150 7147 5888 7149 
12841 4755 4753 3350 4752 7150 7148 5745 7147 
12842 4755 4596 3403 4753 7150 6991 5798 7148 
12843 4755 4754 3494 4596 7150 7149 5889 6991 
12844 4756 3918 3383 3863 7151 6313 5778 6258 
12845 4756 4252 3412 3918 7151 6647 5807 6313 
12846 4756 3827 3295 4252 7151 6222 5690 6647 
12847 4756 3863 1271 3827 7151 6258 2454 6222 
12848 4758 4676 3447 4757 7153 7071 5842 7152 
12849 4758 3830 3309 4676 7153 6225 5704 7071 
12850 4758 474 6 3830 7153 1657 99 6225 
12851 4758 4757 475 474 7153 7152 1658 1657 
12852 4760 3828 81 1250 7155 6223 174 2433 
12853 4760 4253 3295 3828 7155 6648 5690 6223 
12854 4760 4759 3413 4253 7155 7154 5808 6648 
12855 4760 1250 1249 4759 7155 2433 2432 7154 
12856 4762 4729 1350 1349 7157 7124 2533 2532 
12857 4762 4761 3479 4729 7157 7156 5874 7124 
12858 4762 3696 3314 4761 7157 6091 5709 7156 
12859 4762 1349 90 3696 7157 2532 183 6091 
12860 4765 1334 1335 4764 7160 2517 2518 7159 
12861 4765 4653 1333 1334 7160 7048 2516 2517 
12862 4765 4763 3502 4653 7160 7158 5897 7048 
12863 4765 4764 3433 4763 7160 7159 5828 7158 
12864 4767 4766 3362 4478 7162 7161 5757 6873 
12865 4767 3523 982 4766 7162 5918 2165 7161 
12866 4767 539 540 3523 7162 1722 1723 5918 
12867 4767 4478 538 539 7162 6873 1721 1722 
12868 4768 3650 3420 3544 7163 6045 5815 5939 
12869 4768 4628 3488 3650 7163 7023 5883 6045 
12870 4768 4576 3325 4628 7163 6971 5720 7023 
12871 4768 3544 3434 4576 7163 5939 5829 6971 
12872 4769 4474 493 492 7164 6869 1676 1675 
12873 4769 4681 3377 4474 7164 7076 5772 6869 
12874 4769 4632 3324 4681 7164 7027 5719 7076 
12875 4769 492 491 4632 7164 1675 1674 7027 
12876 4770 3790 516 517 7165 6185 1699 1700 
12877 4770 4590 3395 3790 7165 6985 5790 6185 
12878 4770 4636 3396 4590 7165 7031 5791 6985 
12879 4770 517 518 4636 7165 1700 1701 7031 
12880 4771 1198 1197 4695 7166 2381 2380 7090 
12881 4771 3693 1199 1198 7166 6088 2382 2381 
12882 4771 393 394 3693 7166 1576 1577 6088 
12883 4771 4695 392 393 7166 7090 1575 1576 
12884 4772 3691 438 439 7167 6086 1621 1622 
12885 4772 562 561 3691 7167 1745 1744 6086 
12886 4772 4697 563 562 7167 7092 1746 1745 
12887 4772 439 440 4697 7167 1622 1623 7092 
12888 4775 4773 3443 4592 7170 7168 5838 6987 
12889 4775 4774 3432 4773 7170 7169 5827 7168 
12890 4775 739 738 4774 7170 1922 1921 7169 
12891 4775 4592 740 739 7170 6987 1923 1922 
12892 4776 560 11 3664 7171 1743 104 6059 
12893 4776 3690 561 560 7171 6085 1744 1743 
12894 4776 435 436 3690 7171 1618 1619 6085 
12895 4776 3664 434 435 7171 6059 1617 1618 
12896 4777 3694 396 397 7172 6089 1579 1580 
12897 4777 1200 1199 3694 7172 2383 2382 6089 
12898 4777 3668 75 1200 7172 6063 168 2383 
12899 4777 397 398 3668 7172 1580 1581 6063 
12900 4778 3715 3341 3600 7173 6110 5736 5995 
12901 4778 557 558 3715 7173 1740 1741 6110 
12902 4778 3675 556 557 7173 6070 1739 1740 
12903 4778 3600 3421 3675 7173 5995 5816 6070 
12904 4780 3703 56 975 7175 6098 149 2158 
12905 4780 3588 3342 3703 7175 5983 5737 6098 
12906 4780 4779 3398 3588 7175 7174 5793 5983 
12907 4780 975 974 4779 7175 2158 2157 7174 
12908 4782 4781 3442 4621 7177 7176 5837 7016 
12909 4782 4638 3352 4781 7177 7033 5747 7176 
12910 4782 3574 783 4638 7177 5969 1966 7033 
12911 4782 4621 3453 3574 7177 7016 5848 5969 
12912 4784 4783 3340 4476 7179 7178 5735 6871 
12913 4784 4039 3415 4783 7179 6434 5810 7178 
12914 4784 3913 3361 4039 7179 6308 5756 6434 
12915 4784 4476 813 3913 7179 6871 1996 6308 
12916 4786 3688 1129 1128 7181 6083 2312 2311 
12917 4786 4785 3392 3688 7181 7180 5787 6083 
12918 4786 4013 3418 4785 7181 6408 5813 7180 
12919 4786 1128 67 4013 7181 2311 160 6408 
12920 4788 513 514 3789 7183 1696 1697 6184 
12921 4788 4787 10 513 7183 7182 103 1696 
12922 4788 4591 3443 4787 7183 6986 5838 7182 
12923 4788 3789 3395 4591 7183 6184 5790 6986 
12924 4789 4011 1016 1015 7184 6406 2199 2198 
12925 4789 3681 3517 4011 7184 6076 5912 6406 
12926 4789 4025 3513 3681 7184 6420 5908 6076 
12927 4789 1015 1014 4025 7184 2198 2197 6420 
12928 4790 399 400 4617 7185 1582 1583 7012 
12929 4790 3667 398 399 7185 6062 1581 1582 
12930 4790 1218 1217 3667 7185 2401 2400 6062 
12931 4790 4617 1219 1218 7185 7012 2402 2401 
12932 4791 3665 511 510 7186 6060 1694 1693 
12933 4791 433 434 3665 7186 1616 1617 6060 
12934 4791 4619 432 433 7186 7014 1615 1616 
12935 4791 510 509 4619 7186 1693 1692 7014 
12936 4793 4792 3486 4562 7188 7187 5881 6957 
12937 4793 4052 3315 4792 7188 6447 5710 7187 
12938 4793 3995 1049 4052 7188 6390 2232 6447 
12939 4793 4562 3469 3995 7188 6957 5864 6390 
12940 4794 421 422 4185 7189 1604 1605 6580 
12941 4794 4258 420 421 7189 6653 1603 1604 
12942 4794 3804 3386 4258 7189 6199 5781 6653 
12943 4794 4185 499 3804 7189 6580 1682 6199 
12944 4795 4693 3464 4301 7190 7088 5859 6696 
12945 4795 4663 3416 4693 7190 7058 5811 7088 
12946 4795 4763 3433 4663 7190 7158 5828 7058 
12947 4795 4301 3502 4763 7190 6696 5897 7158 
12948 4797 797 34 3746 7192 1980 127 6141 
12949 4797 3735 798 797 7192 6130 1981 1980 
12950 4797 4796 3359 3735 7192 7191 5754 6130 
12951 4797 3746 3370 4796 7192 6141 5765 7191 
12952 4800 4798 3447 4426 7195 7193 5842 6821 
12953 4800 4799 3317 4798 7195 7194 5712 7193 
12954 4800 4682 3448 4799 7195 7077 5843 7194 
12955 4800 4426 3496 4682 7195 6821 5891 7077 
12956 4802 3580 3379 4801 7197 5975 5774 7196 
12957 4802 608 15 3580 7197 1791 108 5975 
12958 4802 3812 609 608 7197 6207 1792 1791 
12959 4802 4801 3335 3812 7197 7196 5730 6207 
12960 4803 4691 3449 4537 7198 7086 5844 6932 
12961 4803 1261 82 4691 7198 2444 175 7086 
12962 4803 3860 1260 1261 7198 6255 2443 2444 
12963 4803 4537 3306 3860 7198 6932 5701 6255 
12964 4804 1063 1062 3953 7199 2246 2245 6348 
12965 4804 4434 1064 1063 7199 6829 2247 2246 
12966 4804 3653 1170 4434 7199 6048 2353 6829 
12967 4804 3953 3364 3653 7199 6348 5759 6048 
12968 4805 651 650 3892 7200 1834 1833 6287 
12969 4805 4513 652 651 7200 6908 1835 1834 
12970 4805 3618 775 4513 7200 6013 1958 6908 
12971 4805 3892 3355 3618 7200 6287 5750 6013 
12972 4806 4510 1164 3614 7201 6905 2347 6009 
12973 4806 1365 1364 4510 7201 2548 2547 6905 
12974 4806 3890 1366 1365 7201 6285 2549 2548 
12975 4806 3614 3356 3890 7201 6009 5751 6285 
12976 4807 4714 3389 3966 7202 7109 5784 6361 
12977 4807 4358 3487 4714 7202 6753 5882 7109 
12978 4807 3632 3424 4358 7202 6027 5819 6753 
12979 4807 3966 14 3632 7202 6361 107 6027 
12980 4808 3852 3305 3908 7203 6247 5700 6303 
12981 4808 4412 3382 3852 7203 6807 5777 6247 
12982 4808 4313 3423 4412 7203 6708 5818 6807 
12983 4808 3908 30 4313 7203 6303 123 6708 
12984 4810 3924 3388 4690 7205 6319 5783 7085 
12985 4810 4657 3426 3924 7205 7052 5821 6319 
12986 4810 4809 3390 4657 7205 7204 5785 7052 
12987 4810 4690 3391 4809 7205 7085 5786 7204 
12988 4811 3652 3364 3954 7206 6047 5759 6349 
12989 4811 4552 1168 3652 7206 6947 2351 6047 
12990 4811 3814 3346 4552 7206 6209 5741 6947 
12991 4811 3954 1060 3814 7206 6349 2243 6209 
12992 4813 4812 738 737 7208 7207 1921 1920 
12993 4813 4485 3505 4812 7208 6880 5900 7207 
12994 4813 4648 3516 4485 7208 7043 5911 6880 
12995 4813 737 736 4648 7208 1920 1919 7043 
12996 4814 4238 3446 4538 7209 6633 5841 6933 
12997 4814 3809 3369 4238 7209 6204 5764 6633 
12998 4814 4558 3480 3809 7209 6953 5875 6204 
12999 4814 4538 3497 4558 7209 6933 5892 6953 
13000 4817 4815 3506 4816 7212 7210 5901 7211 
13001 4817 3854 3382 4815 7212 6249 5777 7210 
13002 4817 4571 3430 3854 7212 6966 5825 6249 
13003 4817 4816 1302 4571 7212 7211 2485 6966 
13004 4818 3586 3362 4766 7213 5981 5757 7161 
13005 4818 3702 3342 3586 7213 6097 5737 5981 
13006 4818 981 980 3702 7213 2164 2163 6097 
13007 4818 4766 982 981 7213 7161 2165 2164 
13008 4820 4644 3417 4819 7215 7039 5812 7214 
13009 4820 4520 3454 4644 7215 6915 5849 7039 
13010 4820 4421 3409 4520 7215 6816 5804 6915 
13011 4820 4819 3333 4421 7215 7214 5728 6816 
13012 4822 4420 3333 4821 7217 6815 5728 7216 
13013 4822 4481 3440 4420 7217 6876 5835 6815 
13014 4822 856 857 4481 7217 2039 2040 6876 
13015 4822 4821 855 856 7217 7216 2038 2039 
13016 4824 3977 1342 1341 7219 6372 2525 2524 
13017 4824 4227 3455 3977 7219 6622 5850 6372 
13018 4824 4823 3408 4227 7219 7218 5803 6622 
13019 4824 1341 86 4823 7219 2524 179 7218 
13020 4825 3760 627 628 7220 6155 1810 1811 
13021 4825 4519 3347 3760 7220 6914 5742 6155 
13022 4825 3879 3303 4519 7220 6274 5698 6914 
13023 4825 628 629 3879 7220 1811 1812 6274 
13024 4826 3825 8 4065 7221 6220 101 6460 
13025 4826 4234 3293 3825 7221 6629 5688 6220 
13026 4826 4549 3482 4234 7221 6944 5877 6629 
13027 4826 4065 3339 4549 7221 6460 5734 6944 
13028 4828 4299 3463 4827 7223 6694 5858 7222 
13029 4828 4652 3502 4299 7223 7047 5897 6694 
13030 4828 4587 3509 4652 7223 6982 5904 7047 
13031 4828 4827 3467 4587 7223 7222 5862 6982 
13032 4829 4821 3333 4819 7224 7216 5728 7214 
13033 4829 854 855 4821 7224 2037 2038 7216 
13034 4829 3678 853 854 7224 6073 2036 2037 
13035 4829 4819 3417 3678 7224 7214 5812 6073 
13036 4832 4830 923 924 7227 7225 2106 2107 
13037 4832 4831 3493 4830 7227 7226 5888 7225 
13038 4832 4275 834 4831 7227 6670 2017 7226 
13039 4832 924 925 4275 7227 2107 2108 6670 
13040 4834 3841 658 657 7229 6236 1841 1840 
13041 4834 4833 3365 3841 7229 7228 5760 6236 
13042 4834 4507 779 4833 7229 6902 1962 7228 
13043 4834 657 656 4507 7229 1840 1839 6902 
13044 4835 3889 3356 3615 7230 6284 5751 6010 
13045 4835 3731 1368 3889 7230 6126 2551 6284 
13046 4835 3559 3357 3731 7230 5954 5752 6126 
13047 4835 3615 1166 3559 7230 6010 2349 5954 
13048 4836 3727 3358 4346 7231 6122 5753 6741 
13049 4836 3893 648 3727 7231 6288 1831 6122 
13050 4836 3617 3355 3893 7231 6012 5750 6288 
13051 4836 4346 773 3617 7231 6741 1956 6012 
13052 4837 3655 3354 3649 7232 6050 5749 6044 
13053 4837 1238 77 3655 7232 2421 170 6050 
13054 4837 3793 1239 1238 7232 6188 2422 2421 
13055 4837 3649 3488 3793 7232 6044 5883 6188 
13056 4838 1122 1121 3865 7233 2305 2304 6260 
13057 4838 4687 1123 1122 7233 7082 2306 2305 
13058 4838 3719 679 4687 7233 6114 1862 7082 
13059 4838 3865 3372 3719 7233 6260 5767 6114 
13060 4840 4642 906 905 7235 7037 2089 2088 
13061 4840 4839 3374 4642 7235 7234 5769 7037 
13062 4840 4711 3441 4839 7235 7106 5836 7234 
13063 4840 905 904 4711 7235 2088 2087 7106 
13064 4841 4540 3452 4583 7236 6935 5847 6978 
13065 4841 4801 3379 4540 7236 7196 5774 6935 
13066 4841 4679 3335 4801 7236 7074 5730 7196 
13067 4841 4583 3438 4679 7236 6978 5833 7074 
13068 4842 4761 3314 4465 7237 7156 5709 6860 
13069 4842 3985 3479 4761 7237 6380 5874 7156 
13070 4842 884 47 3985 7237 2067 140 6380 
13071 4842 4465 45 884 7237 6860 138 2067 
13072 4843 1055 1054 3639 7238 2238 2237 6034 
13073 4843 3815 64 1055 7238 6210 157 2238 
13074 4843 4551 3346 3815 7238 6946 5741 6210 
13075 4843 3639 3458 4551 7238 6034 5853 6946 
13076 4846 976 57 4010 7241 2159 150 6405 
13077 4846 4844 977 976 7241 7239 2160 2159 
13078 4846 4845 3506 4844 7241 7240 5901 7239 
13079 4846 4010 3517 4845 7241 6405 5912 7240 
13080 4847 4613 3494 4754 7242 7008 5889 7149 
13081 4847 833 832 4613 7242 2016 2015 7008 
13082 4847 4831 834 833 7242 7226 2017 2016 
13083 4847 4754 3493 4831 7242 7149 5888 7226 
13084 4848 3577 3407 4490 7243 5972 5802 6885 
13085 4848 4625 3400 3577 7243 7020 5795 5972 
13086 4848 4393 3461 4625 7243 6788 5856 7020 
13087 4848 4490 3484 4393 7243 6885 5879 6788 
13088 4850 4849 3428 4728 7245 7244 5823 7123 
13089 4850 4085 1156 4849 7245 6480 2339 7244 
13090 4850 888 49 4085 7245 2071 142 6480 
13091 4850 4728 889 888 7245 7123 2072 2071 
13092 4852 4441 3511 4700 7247 6836 5906 7095 
13093 4852 4851 3351 4441 7247 7246 5746 6836 
13094 4852 960 51 4851 7247 2143 144 7246 
13095 4852 4700 959 960 7247 7095 2142 2143 
13096 4854 4853 50 922 7249 7248 143 2105 
13097 4854 4752 3350 4853 7249 7147 5745 7248 
13098 4854 4830 3493 4752 7249 7225 5888 7147 
13099 4854 922 923 4830 7249 2105 2106 7225 
13100 4856 4855 3301 3899 7251 7250 5696 6294 
13101 4856 3610 3433 4855 7251 6005 5828 7250 
13102 4856 3886 3331 3610 7251 6281 5726 6005 
13103 4856 3899 1339 3886 7251 6294 2522 6281 
13104 4857 1142 1141 3941 7252 2325 2324 6336 
13105 4857 3750 73 1142 7252 6145 166 2325 
13106 4857 4530 3371 3750 7252 6925 5766 6145 
13107 4857 3941 3337 4530 7252 6336 5732 6925 
13108 4859 1355 92 3603 7254 2538 185 5998 
13109 4859 3584 1356 1355 7254 5979 2539 2538 
13110 4859 4858 3348 3584 7254 7253 5743 5979 
13111 4859 3603 3428 4858 7254 5998 5823 7253 
13112 4860 4839 3441 4712 7255 7234 5836 7107 
13113 4860 3956 3374 4839 7255 6351 5769 7234 
13114 4860 796 35 3956 7255 1979 128 6351 
13115 4860 4712 795 796 7255 7107 1978 1979 
13116 4861 3960 72 1143 7256 6355 165 2326 
13117 4861 3550 3375 3960 7256 5945 5770 6355 
13118 4861 3590 908 3550 7256 5985 2091 5945 
13119 4861 1143 1144 3590 7256 2326 2327 5985 
13120 4863 4862 3345 3883 7258 7257 5740 6278 
13121 4863 1056 65 4862 7258 2239 158 7257 
13122 4863 3980 1057 1056 7258 6375 2240 2239 
13123 4863 3883 3457 3980 7258 6278 5852 6375 
13124 4866 4864 3410 4406 7261 7259 5805 6801 
13125 4866 4659 3475 4864 7261 7054 5870 7259 
13126 4866 4865 3312 4659 7261 7260 5707 7054 
13127 4866 4406 3380 4865 7261 6801 5775 7260 
13128 4867 4067 637 636 7262 6462 1820 1819 
13129 4867 3778 3329 4067 7262 6173 5724 6462 
13130 4867 4463 3456 3778 7262 6858 5851 6173 
13131 4867 636 21 4463 7262 1819 114 6858 
13132 4868 4666 3401 4374 7263 7061 5796 6769 
13133 4868 3705 3468 4666 7263 6100 5863 7061 
13134 4868 4479 3398 3705 7263 6874 5793 6100 
13135 4868 4374 536 4479 7263 6769 1719 6874 
13136 4869 4646 3456 4462 7264 7041 5851 6857 
13137 4869 3991 3360 4646 7264 6386 5755 7041 
13138 4869 879 878 3991 7264 2062 2061 6386 
13139 4869 4462 44 879 7264 6857 137 2062 
13140 4870 4337 3353 4200 7265 6732 5748 6595 
13141 4870 4166 3476 4337 7265 6561 5871 6732 
13142 4870 4864 3475 4166 7265 7259 5870 6561 
13143 4870 4200 3410 4864 7265 6595 5805 7259 
13144 4872 3787 720 719 7267 6182 1903 1902 
13145 4872 4570 3478 3787 7267 6965 5873 6182 
13146 4872 4871 3430 4570 7267 7266 5825 6965 
13147 4872 719 32 4871 7267 1902 125 7266 
13148 4874 4873 3300 3900 7269 7268 5695 6295 
13149 4874 1326 1327 4873 7269 2509 2510 7268 
13150 4874 4823 86 1326 7269 7218 179 2509 
13151 4874 3900 3408 4823 7269 6295 5803 7218 
13152 4876 4427 3413 4875 7271 6822 5808 7270 
13153 4876 3545 3363 4427 7271 5940 5758 6822 
13154 4876 4575 3434 3545 7271 6970 5829 5940 
13155 4876 4875 3318 4575 7271 7270 5713 6970 
13156 4878 4799 3448 4634 7273 7194 5843 7029 
13157 4878 4877 3317 4799 7273 7272 5712 7194 
13158 4878 488 7 4877 7273 1671 100 7272 
13159 4878 4634 489 488 7273 7029 1672 1671 
13160 4880 4656 3390 4879 7275 7051 5785 7274 
13161 4880 4384 3477 4656 7275 6779 5872 7051 
13162 4880 1279 1280 4384 7275 2462 2463 6779 
13163 4880 4879 84 1279 7275 7274 177 2462 
13164 4882 4737 3472 4750 7277 7132 5867 7145 
13165 4882 4881 3367 4737 7277 7276 5762 7132 
13166 4882 682 683 4881 7277 1865 1866 7276 
13167 4882 4750 681 682 7277 7145 1864 1865 
13168 4883 3974 3297 3948 7278 6369 5692 6343 
13169 4883 4004 3451 3974 7278 6399 5846 6369 
13170 4883 701 26 4004 7278 1884 119 6399 
13171 4883 3948 702 701 7278 6343 1885 1884 
13172 4884 811 810 4382 7279 1994 1993 6777 
13173 4884 4749 40 811 7279 7144 133 1994 
13174 4884 4785 3418 4749 7279 7180 5813 7144 
13175 4884 4382 3392 4785 7279 6777 5787 7180 
13176 4886 4885 3508 4414 7281 7280 5903 6809 
13177 4886 978 977 4885 7281 2161 2160 7280 
13178 4886 3796 55 978 7281 6191 148 2161 
13179 4886 4414 3471 3796 7281 6809 5866 6191 
13180 4888 4887 54 967 7283 7282 147 2150 
13181 4888 3706 3498 4887 7283 6101 5893 7282 
13182 4888 4354 3468 3706 7283 6749 5863 6101 
13183 4888 967 968 4354 7283 2150 2151 6749 
13184 4889 4424 3365 4833 7284 6819 5760 7228 
13185 4889 3573 3453 4424 7284 5968 5848 6819 
13186 4889 780 781 3573 7284 1963 1964 5968 
13187 4889 4833 779 780 7284 7228 1962 1963 
13188 4890 3994 3469 4623 7285 6389 5864 7018 
13189 4890 1044 59 3994 7285 2227 152 6389 
13190 4890 4072 1043 1044 7285 6467 2226 2227 
13191 4890 4623 3336 4072 7285 7018 5731 6467 
13192 4891 3730 3357 3560 7286 6125 5752 5955 
13193 4891 1352 93 3730 7286 2535 186 6125 
13194 4891 3725 1353 1352 7286 6120 2536 2535 
13195 4891 3560 3458 3725 7286 5955 5853 6120 
13196 4892 4783 3415 4032 7287 7178 5810 6427 
13197 4892 3910 3340 4783 7287 6305 5735 7178 
13198 4892 1127 1126 3910 7287 2310 2309 6305 
13199 4892 4032 66 1127 7287 6427 159 2310 
13200 4894 1346 1345 4893 7289 2529 2528 7288 
13201 4894 3887 87 1346 7289 6282 180 2529 
13202 4894 3612 3331 3887 7289 6007 5726 6282 
13203 4894 4893 3435 3612 7289 7288 5830 6007 
13204 4895 3904 3394 3529 7290 6299 5789 5924 
13205 4895 4735 717 3904 7290 7130 1900 6299 
13206 4895 4667 3298 4735 7290 7062 5693 7130 
13207 4895 3529 3401 4667 7290 5924 5796 7062 
13208 4896 4001 3316 4416 7291 6396 5711 6811 
13209 4896 1344 89 4001 7291 2527 182 6396 
13210 4896 4893 1345 1344 7291 7288 2528 2527 
13211 4896 4416 3435 4893 7291 6811 5830 7288 
13212 4897 4547 3432 4774 7292 6942 5827 7169 
13213 4897 4486 3474 4547 7292 6881 5869 6942 
13214 4897 4812 3505 4486 7292 7207 5900 6881 
13215 4897 4774 738 4812 7292 7169 1921 7207 
13216 4898 715 714 3907 7293 1898 1897 6302 
13217 4898 4871 32 715 7293 7266 125 1898 
13218 4898 3853 3430 4871 7293 6248 5825 7266 
13219 4898 3907 3305 3853 7293 6302 5700 6248 
13220 4899 4484 3516 4029 7294 6879 5911 6424 
13221 4899 3944 3338 4484 7294 6339 5733 6879 
13222 4899 1325 85 3944 7294 2508 178 6339 
13223 4899 4029 1324 1325 7294 6424 2507 2508 
13224 4900 4708 16 617 7295 7103 109 1800 
13225 4900 4339 3476 4708 7295 6734 5871 7103 
13226 4900 3931 3311 4339 7295 6326 5706 6734 
13227 4900 617 616 3931 7295 1800 1799 6326 
13228 4901 1301 1302 4816 7296 2484 2485 7211 
13229 4901 3682 1300 1301 7296 6077 2483 2484 
13230 4901 4845 3517 3682 7296 7240 5912 6077 
13231 4901 4816 3506 4845 7296 7211 5901 7240 
13232 4902 4796 3370 4725 7297 7191 5765 7120 
13233 4902 4531 3359 4796 7297 6926 5754 7191 
13234 4902 1075 1074 4531 7297 2258 2257 6926 
13235 4902 4725 1076 1075 7297 7120 2259 2258 
13236 4903 3992 42 850 7298 6387 135 2033 
13237 4903 4645 3360 3992 7298 7040 5755 6387 
13238 4903 3677 3417 4645 7298 6072 5812 7040 
13239 4903 850 851 3677 7298 2033 2034 6072 
13240 4904 3902 3300 4873 7299 6297 5695 7268 
13241 4904 4586 3467 3902 7299 6981 5862 6297 
13242 4904 1328 1329 4586 7299 2511 2512 6981 
13243 4904 4873 1327 1328 7299 7268 2510 2511 
13244 4905 1276 83 4706 7300 2459 176 7101 
13245 4905 3945 1277 1276 7300 6340 2460 2459 
13246 4905 4487 3338 3945 7300 6882 5733 6340 
13247 4905 4706 3474 4487 7300 7101 5869 6882 
13248 4906 709 28 3947 7301 1892 121 6342 
13249 4906 4312 708 709 7301 6707 1891 1892 
13250 4906 4564 3327 4312 7301 6959 5722 6707 
13251 4906 3947 3297 4564 7301 6342 5692 6959 
13252 4908 3671 3416 4661 7303 6066 5811 7056 
13253 4908 4907 3366 3671 7303 7302 5761 6066 
13254 4908 4684 3489 4907 7303 7079 5884 7302 
13255 4908 4661 3326 4684 7303 7056 5721 7079 
13256 4909 1231 78 3928 7304 2414 171 6323 
13257 4909 3554 1232 1231 7304 5949 2415 2414 
13258 4909 4865 3380 3554 7304 7260 5775 5949 
13259 4909 3928 3312 4865 7304 6323 5707 7260 
13260 4910 3556 3381 3539 7305 5951 5776 5934 
13261 4910 614 613 3556 7305 1797 1796 5951 
13262 4910 3932 17 614 7305 6327 110 1797 
13263 4910 3539 3311 3932 7305 5934 5706 6327 
13264 4911 4887 3498 3707 7306 7282 5893 6102 
13265 4911 973 54 4887 7306 2156 147 7282 
13266 4911 4779 974 973 7306 7174 2157 2156 
13267 4911 3707 3398 4779 7306 6102 5793 7174 
13268 4912 4662 3435 4417 7307 7057 5830 6812 
13269 4912 3982 3326 4662 7307 6377 5721 7057 
13270 4912 1045 58 3982 7307 2228 151 6377 
13271 4912 4417 1046 1045 7307 6812 2229 2228 
13272 4913 4315 3422 4665 7308 6710 5817 7060 
13273 4913 3819 3328 4315 7308 6214 5723 6710 
13274 4913 4355 3491 3819 7308 6750 5886 6214 
13275 4913 4665 3468 4355 7308 7060 5863 6750 
13276 4914 4792 3315 4467 7309 7187 5710 6862 
13277 4914 3988 3486 4792 7309 6383 5881 7187 
13278 4914 639 20 3988 7309 1822 113 6383 
13279 4914 4467 22 639 7309 6862 115 1822 
13280 4915 4577 3318 4875 7310 6972 5713 7270 
13281 4915 1248 79 4577 7310 2431 172 6972 
13282 4915 4759 1249 1248 7310 7154 2432 2431 
13283 4915 4875 3413 4759 7310 7270 5808 7154 
13284 4916 476 475 4757 7311 1659 1658 7152 
13285 4916 4877 7 476 7311 7272 100 1659 
13286 4916 4798 3317 4877 7311 7193 5712 7272 
13287 4916 4757 3447 4798 7311 7152 5842 7193 
13288 4917 4881 683 684 7312 7276 1866 1867 
13289 4917 4741 3367 4881 7312 7136 5762 7276 
13290 4917 3935 3373 4741 7312 6330 5768 7136 
13291 4917 684 685 3935 7312 1867 1868 6330 
13292 4918 4567 3344 4038 7313 6962 5739 6433 
13293 4918 849 848 4567 7313 2032 2031 6962 
13294 4918 3914 41 849 7313 6309 134 2032 
13295 4918 4038 3361 3914 7313 6433 5756 6309 
13296 4919 4286 675 676 7314 6681 1858 1859 
13297 4919 3844 1117 4286 7314 6239 2300 6681 
13298 4919 4183 3378 3844 7314 6578 5773 6239 
13299 4919 676 677 4183 7314 1859 1860 6578 
13300 4920 643 642 3593 7315 1826 1825 5988 
13301 4920 3728 24 643 7315 6123 117 1826 
13302 4920 3884 3358 3728 7315 6279 5753 6123 
13303 4920 3593 3457 3884 7315 5988 5852 6279 
13304 4921 4907 3489 4685 7316 7302 5884 7080 
13305 4921 4598 3366 4907 7316 6993 5761 7302 
13306 4921 1022 1023 4598 7316 2205 2206 6993 
13307 4921 4685 1021 1022 7316 7080 2204 2205 
13308 4922 4764 1335 1336 7317 7159 2518 2519 
13309 4922 4855 3433 4764 7317 7250 5828 7159 
13310 4922 3898 3301 4855 7317 6293 5696 7250 
13311 4922 1336 1337 3898 7317 2519 2520 6293 
13312 4924 1283 1284 4446 7319 2466 2467 6841 
13313 4924 4386 1282 1283 7319 6781 2465 2466 
13314 4924 4923 3411 4386 7319 7318 5806 6781 
13315 4924 4446 1000 4923 7319 6841 2183 7318 
13316 4925 4670 3349 3528 7320 7065 5744 5923 
13317 4925 757 756 4670 7320 1940 1939 7065 
13318 4925 3905 33 757 7320 6300 126 1940 
13319 4925 3528 3394 3905 7320 5923 5789 6300 
13320 4926 966 965 4747 7321 2149 2148 7142 
13321 4926 4851 51 966 7321 7246 144 2149 
13322 4926 4440 3351 4851 7321 6835 5746 7246 
13323 4926 4747 3402 4440 7321 7142 5797 6835 
13324 4927 4853 3350 4753 7322 7248 5745 7148 
13325 4927 961 50 4853 7322 2144 143 7248 
13326 4927 4745 962 961 7322 7140 2145 2144 
13327 4927 4753 3403 4745 7322 7148 5798 7140 
13328 4928 4429 3507 4611 7323 6824 5902 7006 
13329 4928 4304 3459 4429 7323 6699 5854 6824 
13330 4928 4827 3463 4304 7323 7222 5858 6699 
13331 4928 4611 3467 4827 7323 7006 5862 7222 
13332 4929 4091 1132 1131 7324 6486 2315 2314 
13333 4929 3646 807 4091 7324 6041 1990 6486 
13334 4929 4261 3492 3646 7324 6656 5887 6041 
13335 4929 1131 70 4261 7324 2314 163 6656 
13336 4930 4459 3442 4781 7325 6854 5837 7176 
13337 4930 887 886 4459 7325 2070 2069 6854 
13338 4930 4077 48 887 7325 6472 141 2070 
13339 4930 4781 3352 4077 7325 7176 5747 6472 
13340 4931 581 580 3965 7326 1764 1763 6360 
13341 4931 3716 12 581 7326 6111 105 1764 
13342 4931 4715 3341 3716 7326 7110 5736 6111 
13343 4931 3965 3389 4715 7326 6360 5784 7110 
13344 4932 3963 1274 1273 7327 6358 2457 2456 
13345 4932 4809 3391 3963 7327 7204 5786 6358 
13346 4932 4879 3390 4809 7327 7274 5785 7204 
13347 4932 1273 84 4879 7327 2456 177 7274 
13348 4933 1089 1088 4019 7328 2272 2271 6414 
13349 4933 4862 65 1089 7328 7257 158 2272 
13350 4933 4347 3345 4862 7328 6742 5740 7257 
13351 4933 4019 771 4347 7328 6414 1954 6742 
13352 4934 4923 1000 999 7329 7318 2183 2182 
13353 4934 4385 3411 4923 7329 6780 5806 7318 
13354 4934 4655 3477 4385 7329 7050 5872 6780 
13355 4934 999 998 4655 7329 2182 2181 7050 
13356 4935 4640 3414 4260 7330 7035 5809 6655 
13357 4935 3959 3375 4640 7330 6354 5770 7035 
13358 4935 1139 1138 3959 7330 2322 2321 6354 
13359 4935 4260 70 1139 7330 6655 163 2322 
13360 4936 3957 801 800 7331 6352 1984 1983 
13361 4936 4641 3374 3957 7331 7036 5769 6352 
13362 4936 4262 3414 4641 7331 6657 5809 7036 
13363 4936 800 37 4262 7331 1983 130 6657 
13364 4937 4548 3339 4062 7332 6943 5734 6457 
13365 4937 4773 3432 4548 7332 7168 5827 6943 
13366 4937 4787 3443 4773 7332 7182 5838 7168 
13367 4937 4062 10 4787 7332 6457 103 7182 
13368 4938 4858 3428 4849 7333 7253 5823 7244 
13369 4938 4573 3348 4858 7333 6968 5743 7253 
13370 4938 1157 1158 4573 7333 2340 2341 6968 
13371 4938 4849 1156 1157 7333 7244 2339 2340 
13372 4939 4844 3506 4815 7334 7239 5901 7210 
13373 4939 4885 977 4844 7334 7280 2160 7239 
13374 4939 4413 3508 4885 7334 6808 5903 7280 
13375 4939 4815 3382 4413 7334 7210 5777 6808 
13376 4940 4233 3482 4546 7335 6628 5877 6941 
13377 4940 4222 3419 4233 7335 6617 5814 6628 
13378 4940 4705 3406 4222 7335 7100 5801 6617 
13379 4940 4546 3474 4705 7335 6941 5869 7100 
13380 4941 4116 3307 4145 7336 6511 5702 6540 
13381 4941 4409 3384 4116 7336 6804 5779 6511 
13382 4941 3998 3485 4409 7336 6393 5880 6804 
13383 4941 4145 3412 3998 7336 6540 5807 6393 
13384 4942 533 534 4373 7337 1716 1717 6768 
13385 4942 4448 532 533 7337 6843 1715 1716 
13386 4942 4671 3387 4448 7337 7066 5782 6843 
13387 4942 4373 3349 4671 7337 6768 5744 7066 
13388 4943 4366 3501 4392 7338 6761 5896 6787 
13389 4943 4496 3481 4366 7338 6891 5876 6761 
13390 4943 4600 3462 4496 7338 6995 5857 6891 
13391 4943 4392 3484 4600 7338 6787 5879 6995 
13392 4944 4568 3439 4702 7339 6963 5834 7097 
13393 4944 4517 3344 4568 7339 6912 5739 6963 
13394 4944 938 939 4517 7339 2121 2122 6912 
13395 4944 4702 937 938 7339 7097 2120 2121 
13396 4945 4731 3444 4534 7340 7126 5839 6929 
13397 4945 4131 3332 4731 7340 6526 5727 7126 
13398 4945 4241 3460 4131 7340 6636 5855 6526 
13399 4945 4534 3393 4241 7340 6929 5788 6636 
13400 4946 4202 3500 4603 7341 6597 5895 6998 
13401 4946 698 699 4202 7341 1881 1882 6597 
13402 4946 4280 697 698 7341 6675 1880 1881 
13403 4946 4603 830 4280 7341 6998 2013 6675 
13404 4947 4242 3503 4330 7342 6637 5898 6725 
13405 4947 4325 3460 4242 7342 6720 5855 6637 
13406 4947 4265 3514 4325 7342 6660 5909 6720 
13407 4947 4330 3483 4265 7342 6725 5878 6660 
$EndElements
