order,r,omega,omega_ratio,amplitude,amplitude_ratio
3,0.0,0.5374120526400513,1.0,0.0,0.0
3,0.25,0.5374135823492271,1.000002846436302,0.03248018917131465,0.003248018917131465
3,0.5,0.5374181714767545,1.0000113857452082,0.06496011062317825,0.006496011062317825
3,0.75,0.5374258200226336,1.0000256179267186,0.09743949663613974,0.009743949663613975
3,1.0,0.5374365279868644,1.0000455429808335,0.12991807949074802,0.012991807949074802
3,1.25,0.5374502953694467,1.000071160907552,0.16239559146755217,0.016239559146755216
3,1.5,0.5374671221703806,1.0001024717068752,0.194871764847101,0.0194871764847101
3,1.75,0.5374870083896662,1.0001394753788024,0.22734633190994358,0.022734633190994356
3,2.0,0.5375099540273034,1.0001821719233335,0.2598190249366288,0.02598190249366288
3,2.25,0.5375359590832923,1.0002305613404692,0.29228957620770546,0.029228957620770546
3,2.5,0.5375650235576328,1.0002846436302089,0.3247577180037229,0.03247577180037229
3,2.75,0.5375971474503248,1.0003444187925525,0.3572231826052296,0.03572231826052296
3,3.0,0.5376323307613686,1.0004098868275009,0.38968570229277477,0.03896857022927748
3,3.25,0.537670573490764,1.000481047735053,0.4221450093469075,0.04221450093469075
3,3.5,0.537711875638511,1.0005579015152093,0.45460083604817636,0.04546008360481764
3,3.75,0.5377562372046095,1.0006404481679698,0.48705291467713063,0.04870529146771306
3,4.0,0.5378036581890598,1.0007286876933346,0.5195009775143191,0.05195009775143191
3,4.25,0.5378541385918617,1.0008226200913035,0.5519447568402907,0.05519447568402906
3,4.5,0.5379076784130152,1.0009222453618767,0.5843839849355943,0.05843839849355943
3,4.75,0.5379642776525203,1.0010275635050538,0.616818394080779,0.0616818394080779
3,5.0,0.538023936310377,1.0011385745208352,0.6492477165563937,0.06492477165563937
3,5.25,0.5380866543865854,1.0012552784092208,0.6816716846429873,0.06816716846429874
3,5.5,0.5381524318811455,1.0013776751702106,0.7140900306211093,0.07140900306211093
3,5.75,0.5382212687940572,1.0015057648038048,0.7465024867713077,0.07465024867713077
3,6.0,0.5382931651253204,1.0016395473100028,0.7789087853741321,0.07789087853741321
3,6.25,0.5383681208749354,1.0017790226888053,0.8113086587101312,0.08113086587101312
3,6.5,0.5384461360429019,1.0019241909402117,0.843701839059854,0.0843701839059854
3,6.75,0.53852721062922,1.0020750520642223,0.8760880587038494,0.08760880587038494
3,7.0,0.5386113446338898,1.0022316060608372,0.9084670499226667,0.09084670499226667
3,7.25,0.5386985380569113,1.0023938529300562,0.9408385449968542,0.09408385449968541
3,7.5,0.5387887908982844,1.0025617926718795,0.9732022762069612,0.09732022762069611
3,7.75,0.538882103158009,1.0027354252863068,1.0055579758335367,0.10055579758335367
3,8.0,0.5389784748360853,1.0029147507733385,1.0379053761571297,0.10379053761571297
3,8.25,0.5390779059325133,1.0030997691329742,1.0702442094582887,0.10702442094582887
3,8.5,0.5391803964472928,1.003290480365214,1.1025742080175638,0.11025742080175638
3,8.75,0.539285946380424,1.0034868844700582,1.1348951041155018,0.11348951041155017
3,9.0,0.5393945557319069,1.0036889814475065,1.1672066300326542,0.11672066300326542
3,9.25,0.5395062245017412,1.0038967712975588,1.1995085180495684,0.11995085180495683
3,9.5,0.5396209526899274,1.0041102540202156,1.2318005004467931,0.12318005004467932
3,9.75,0.5397387402964651,1.0043294296154763,1.2640823095048792,0.12640823095048792
3,10.0,0.5398595873213544,1.0045542980833413,1.296353677504373,0.1296353677504373
3,10.25,0.5399834937645953,1.0047848594238102,1.3286143367258254,0.13286143367258255
3,10.5,0.540110459626188,1.0050211136368838,1.3608640194497839,0.1360864019449784
3,10.75,0.5402404849061322,1.0052630607225612,1.393102457956799,0.1393102457956799
3,11.0,0.5403735696044281,1.005510700680843,1.4253293845274186,0.14253293845274187
3,11.25,0.5405097137210755,1.0057640335117286,1.457544531442192,0.1457544531442192
3,11.5,0.5406489172560747,1.0060230592152188,1.4897476309816682,0.14897476309816682
3,11.75,0.5407911802094254,1.006287777791313,1.5219384154263955,0.15219384154263954
3,12.0,0.5409365025811278,1.0065581892400115,1.5541166170569238,0.15541166170569237
3,12.25,0.5410848843711817,1.006834293561314,1.5862819681538016,0.15862819681538015
3,12.5,0.5412363255795873,1.0071160907552206,1.6184342009975774,0.16184342009975775
3,12.75,0.5413908262063446,1.0074035808217316,1.650573047868801,0.1650573047868801
3,13.0,0.5415483862514535,1.0076967637608467,1.6826982410480213,0.16826982410480212
3,13.25,0.541709005714914,1.007995639572566,1.714809512815786,0.17148095128157861
3,13.5,0.5418726845967262,1.0083002082568895,1.746906595452646,0.17469065954526458
3,13.75,0.54203942289689,1.0086104698138172,1.778989221239148,0.1778989221239148
3,14.0,0.5422092206154053,1.0089264242433489,1.8110571224558432,0.1811057122455843
3,14.25,0.5423820777522724,1.009248071545485,1.843110031383279,0.18431100313832788
3,14.5,0.5425579943074911,1.0095754117202251,1.875147680302005,0.1875147680302005
3,14.75,0.5427369702810614,1.0099084447675695,1.90716980149257,0.190716980149257
3,15.0,0.5429190056729832,1.0102471706875178,1.9391761272355228,0.1939176127235523
3,15.25,0.5431041004832567,1.0105915894800703,1.9711663898114122,0.19711663898114123
3,15.5,0.5432922547118819,1.0109417011452273,2.003140321500788,0.20031403215007879
3,15.75,0.5434834683588587,1.0112975056829885,2.035097654584199,0.20350976545841987
3,16.0,0.5436777414241872,1.0116590030933537,2.0670381213421924,0.20670381213421923
3,16.25,0.5438750739078673,1.012026193376323,2.0989614540553188,0.20989614540553186
3,16.5,0.544075465809899,1.0123990765318966,2.1308673850041275,0.21308673850041276
3,16.75,0.5442789171302823,1.0127776525600745,2.162755646469167,0.2162755646469167
3,17.0,0.5444854278690172,1.0131619214608563,2.1946259707309856,0.21946259707309856
3,17.25,0.5446949980261038,1.0135518832342423,2.226478090070133,0.22264780900701328
3,17.5,0.544907627601542,1.0139475378802325,2.2583117367671566,0.22583117367671565
3,17.75,0.5451233165953319,1.0143488853988272,2.2901266431026075,0.22901266431026074
3,18.0,0.5453420650074733,1.0147559257900256,2.3219225413570337,0.23219225413570338
3,18.25,0.5455638728379664,1.0151686590538285,2.353699163810985,0.2353699163810985
3,18.5,0.5457887400868111,1.0155870851902356,2.3854562427450086,0.23854562427450085
3,18.75,0.5460166667540075,1.0160112041992466,2.4171935104396534,0.24171935104396533
3,19.0,0.5462476528395555,1.016441016080862,2.448910699175471,0.2448910699175471
3,19.25,0.5464816983434551,1.0168765208350814,2.4806075412330078,0.24806075412330078
3,19.5,0.5467188032657063,1.0173177184619053,2.5122837688928144,0.25122837688928146
3,19.75,0.5469589676063091,1.017764608961333,2.543939114435438,0.2543939114435438
3,20.0,0.5472021913652636,1.018217192333365,2.5755733101414275,0.25755733101414274
3,20.25,0.5474484745425697,1.0186754685780013,2.6071860882913356,0.26071860882913356
3,20.5,0.5476978171382275,1.0191394376952416,2.6387771811657066,0.2638777181165707
3,20.75,0.5479502191522369,1.0196090996850862,2.670346321045092,0.26703463210450923
3,21.0,0.5482056805845978,1.020084454547535,2.7018932402100395,0.27018932402100393
3,21.25,0.5484642014353105,1.020565502282588,2.7334176709410993,0.27334176709410996
3,21.5,0.5487257817043748,1.021052242890245,2.764919345518819,0.27649193455188187
3,21.75,0.5489904213917907,1.0215446763705063,2.7963979962237495,0.27963979962237495
3,22.0,0.5492581204975582,1.0220428027233717,2.827853355336437,0.2827853355336437
3,22.25,0.5495288790216774,1.0225466219488413,2.8592851551374325,0.28592851551374326
3,22.5,0.5498026969641482,1.023056134046915,2.8906931279072845,0.28906931279072845
3,22.75,0.5500795743249706,1.0235713390175931,2.9220770059265426,0.2922077005926543
3,23.0,0.5503595111041446,1.0240922368608754,2.953436521475754,0.2953436521475754
3,23.25,0.5506425073016703,1.0246188275767616,2.9847714068354696,0.29847714068354697
3,23.5,0.5509285629175475,1.025151111165252,3.016081394286236,0.3016081394286236
3,23.75,0.5512176779517765,1.0256890876263467,3.047366216108604,0.3047366216108604
3,24.0,0.551509852404357,1.0262327569600456,3.078625604583123,0.3078625604583123
3,24.25,0.5518050862752892,1.0267821191663487,3.1098592919903396,0.31098592919903395
3,24.5,0.552103379564573,1.027337174245256,3.141067010610805,0.3141067010610805
3,24.75,0.5524047322722085,1.0278979221967675,3.172248492725067,0.3172248492725067
3,25.0,0.5527091443981955,1.0284643630208827,3.203403470613675,0.3203403470613675
3,25.25,0.5530166159425343,1.0290364967176027,3.234531676557178,0.3234531676557178
3,25.5,0.5533271469052246,1.0296143232869266,3.2656328428361254,0.32656328428361253
3,25.75,0.5536407372862665,1.0301978427288545,3.296706701731064,0.32967067017310636
3,26.0,0.5539573870856601,1.0307870550433869,3.327752985522545,0.3327752985522545
3,26.25,0.5542770963034054,1.0313819602305234,3.358771426491116,0.3358771426491116
3,26.5,0.5545998649395022,1.031982558290264,3.389761756917328,0.3389761756917328
3,26.75,0.5549256929939507,1.0325888492226087,3.420723709081728,0.34207237090817283
3,27.0,0.5552545804667508,1.033200833027558,3.451657015264865,0.3451657015264865
3,27.25,0.5555865273579025,1.033818509705111,3.4825614077472884,0.34825614077472883
3,27.5,0.5559215336674058,1.0344418792552683,3.513436618809547,0.3513436618809547
3,27.75,0.5562595993952608,1.0350709416780297,3.5442823807321906,0.35442823807321905
3,28.0,0.5566007245414675,1.0357056969733955,3.575098425795766,0.3575098425795766
3,28.25,0.5569449091060257,1.0363461451413654,3.605884486280825,0.3605884486280825
3,28.5,0.5572921530889355,1.0369922861819394,3.636640294467915,0.3636640294467915
3,28.75,0.5576424564901971,1.0376441200951176,3.6673655826375846,0.36673655826375845
3,29.0,0.5579958193098102,1.0383016468809,3.6980600830703834,0.36980600830703836
3,29.25,0.558352241547775,1.0389648665392865,3.72872352804686,0.372872352804686
3,29.5,0.5587117232040913,1.0396337790702772,3.7593556498475644,0.37593556498475644
3,29.75,0.5590742642787594,1.0403083844738723,3.789956180753044,0.3789956180753044
3,30.0,0.559439864771779,1.0409886827500712,3.8205248530438487,0.38205248530438485
3,30.25,0.5598085246831503,1.0416746738988747,3.8510613990005274,0.3851061399000527
3,30.5,0.5601802440128733,1.0423663579202822,3.881565550903627,0.3881565550903627
3,30.75,0.5605550227609477,1.0430637348142937,3.9120370410337006,0.3912037041033701
3,31.0,0.5609328609273739,1.0437668045809096,3.942475601671293,0.3942475601671293
3,31.25,0.5613137585121517,1.0444755672201296,3.972880965096957,0.3972880965096957
3,31.5,0.5616977155152811,1.0451900227319537,4.003252863591237,0.40032528635912373
3,31.75,0.5620847319367621,1.0459101711163818,4.033591029434687,0.4033591029434687
3,32.0,0.5624748077765949,1.0466360123734146,4.063895194907852,0.4063895194907852
3,32.25,0.5628679430347792,1.0473675465030512,4.0941650922912824,0.40941650922912826
3,32.5,0.5632641377113151,1.0481047735052922,4.124400453865526,0.4124400453865526
3,32.75,0.5636633918062026,1.048847693380137,4.1546010119111365,0.41546010119111365
3,33.0,0.5640657053194419,1.0495963061275864,4.184766498708656,0.41847664987086564
3,33.25,0.5644710782510327,1.0503506117476398,4.214896646538639,0.4214896646538639
3,33.5,0.5648795106009751,1.0511106102402972,4.244991187681629,0.42449911876816293
3,33.75,0.5652910023692692,1.051876301605559,4.27504985441818,0.427504985441818
3,34.0,0.5657055535559149,1.052647685843425,4.305072379028841,0.43050723790288414
3,34.25,0.5661231641609122,1.053424762953895,4.335058493794154,0.4335058493794154
3,34.5,0.5665438341842612,1.0542075329369693,4.365007930994677,0.4365007930994677
3,34.75,0.5669675636259618,1.0549959957926478,4.394920422910953,0.43949204229109534
3,35.0,0.567394352486014,1.0557901515209305,4.424795701823534,0.4424795701823534
3,35.25,0.5678242007644179,1.0565900001218171,4.454633500012967,0.4454633500012967
3,35.5,0.5682571084611734,1.0573955415953082,4.484433549759801,0.44844335497598015
3,35.75,0.5686930755762805,1.0582067759414033,4.514195583344586,0.45141955833445857
3,36.0,0.5691321021097392,1.0590237031601026,4.543919333047873,0.4543919333047873
3,36.25,0.5695741880615496,1.0598463232514062,4.573604531150204,0.45736045311502044
3,36.5,0.5700193334317116,1.060674636215314,4.603250909932136,0.4603250909932136
3,36.75,0.5704675382202252,1.0615086420518258,4.632858201674214,0.46328582016742137
3,37.0,0.5709188024270905,1.062348340760942,4.662426138656986,0.46624261386569865
3,37.25,0.5713731260523074,1.0631937323426621,4.691954453161005,0.46919544531610047
3,37.5,0.5718305090958758,1.0640448167969865,4.721442877466814,0.4721442877466814
3,37.75,0.572290951557796,1.064901594123915,4.750891143854966,0.4750891143854966
3,38.0,0.5727544534380677,1.0657640643234478,4.780298984606009,0.47802989846060095
3,38.25,0.5732210147366912,1.0666322273955848,4.809666132000494,0.4809666132000494
3,38.5,0.5736906354536662,1.0675060833403258,4.838992318318967,0.4838992318318967
3,38.75,0.5741633155889929,1.0683856321576712,4.868277275841976,0.48682772758419757
3,39.0,0.5746390551426711,1.0692708738476204,4.897520736850076,0.4897520736850076
3,39.25,0.5751178541147011,1.0701618084101743,4.926722433623809,0.49267224336238086
3,39.5,0.5755997125050826,1.071058435845332,4.95588209844373,0.495588209844373
3,39.75,0.5760846303138157,1.071960756153094,4.9849994635903805,0.49849994635903805
3,40.0,0.5765726075409006,1.0728687693334602,5.014074261344314,0.5014074261344315
3,40.25,0.577063644186337,1.0737824753864307,5.043106223986083,0.5043106223986082
3,40.5,0.5775577402501251,1.0747018743120051,5.0720950837962295,0.507209508379623
3,40.75,0.5780548957322648,1.0756269661101838,5.101040573055309,0.5101040573055309
3,41.0,0.5785551106327561,1.0765577507809667,5.129942424043865,0.5129942424043865
3,41.25,0.579058384951599,1.0774942283243536,5.158800369042446,0.5158800369042446
3,41.5,0.5795647186887936,1.078436398740345,5.187614140331608,0.5187614140331608
3,41.75,0.5800741118443398,1.0793842620289402,5.216383470191891,0.5216383470191891
3,42.0,0.5805865644182376,1.08033781819014,5.24510809090385,0.5245108090903849
3,42.25,0.5811020764104871,1.0812970672239435,5.2737877347480335,0.5273787734748033
3,42.5,0.5816206478210881,1.0822620091303514,5.302422134004988,0.5302422134004988
3,42.75,0.5821422786500409,1.0832326439093636,5.331011020955264,0.5331011020955264
3,43.0,0.5826669688973453,1.08420897156098,5.359554127879411,0.5359554127879411
3,43.25,0.5831947185630012,1.0851909920852003,5.388051187057975,0.5388051187057975
3,43.5,0.5837255276470088,1.0861787054820249,5.41650193077151,0.541650193077151
3,43.75,0.5842593961493681,1.087172111751454,5.44490609130056,0.544490609130056
3,44.0,0.5847963240700789,1.0881712108934867,5.473263400925675,0.5473263400925675
3,44.25,0.5853363114091414,1.089176002908124,5.501573591927407,0.5501573591927407
3,44.5,0.5858793581665556,1.0901864877953653,5.529836396586301,0.5529836396586301
3,44.75,0.5864254643423212,1.0912026655552107,5.558051547182911,0.5558051547182912
3,45.0,0.5869746299364387,1.0922245361876606,5.586218775997779,0.5586218775997779
3,45.25,0.5875268549489077,1.0932520996927144,5.614337815311461,0.5614337815311461
3,45.5,0.5880821393797283,1.0942853560703725,5.6424083974045,0.56424083974045
3,45.75,0.5886404832289006,1.0953243053206347,5.6704302545574485,0.5670430254557448
3,46.0,0.5892018864964245,1.096368947443501,5.698403119050855,0.5698403119050856
3,46.25,0.5897663491823,1.0974192824389717,5.726326723165267,0.5726326723165267
3,46.5,0.5903338712865271,1.0984753103070464,5.754200799181236,0.5754200799181236
3,46.75,0.5909044528091059,1.0995370310477253,5.7820250793793075,0.5782025079379307
3,47.0,0.5914780937500363,1.1006044446610086,5.809799296040032,0.5809799296040032
3,47.25,0.5920547941093184,1.1016775511468957,5.837523181443959,0.583752318144396
3,47.5,0.5926345538869521,1.1027563505053872,5.8651964678716375,0.5865196467871637
3,47.75,0.5932173730829373,1.1038408427364828,5.892818887603619,0.5892818887603619
3,48.0,0.5938032516972742,1.1049310278401825,5.920390172920445,0.5920390172920446
3,48.25,0.5943921897299628,1.1060269058164867,5.947910056102672,0.5947910056102672
3,48.5,0.594984187181003,1.1071284766653948,5.975378269430845,0.5975378269430844
3,48.75,0.5955792440503948,1.108235740386907,6.002794545185514,0.6002794545185515
3,49.0,0.5961773603381383,1.1093486969810238,6.030158615647229,0.603015861564723
3,49.25,0.5967785360442333,1.1104673464477444,6.057470213096536,0.6057470213096536
3,49.5,0.59738277116868,1.1115916887870692,6.084729069813988,0.6084729069813988
3,49.75,0.5979900657114783,1.1127217239989982,6.111934918080129,0.6111934918080129
3,50.0,0.5986004196726283,1.1138574520835316,6.139087490175513,0.6139087490175512
3,50.25,0.5992138330521298,1.1149988730406688,6.166186518380686,0.6166186518380685
3,50.5,0.5998303058499831,1.1161459868704104,6.193231734976196,0.6193231734976197
3,50.75,0.6004498380661879,1.1172987935727563,6.220222872242596,0.6220222872242596
3,51.0,0.6010724297007444,1.1184572931477061,6.247159662460431,0.6247159662460431
3,51.25,0.6016980807536525,1.1196214855952604,6.274041837910252,0.6274041837910251
3,51.5,0.6023267912249122,1.1207913709154185,6.300869130872605,0.6300869130872605
3,51.75,0.6029585611145236,1.1219669491081812,6.3276412736280445,0.6327641273628044
3,52.0,0.6035933904224866,1.1231482201735479,6.3543579984571155,0.6354357998457115
3,52.25,0.6042312791488011,1.1243351841115186,6.3810190376403675,0.6381019037640367
3,52.5,0.6048722272934675,1.1255278409220937,6.4076241234583495,0.640762412345835
3,52.75,0.6055162348564853,1.1267261906052728,6.4341729881916105,0.6434172988191611
3,53.0,0.6061633018378548,1.1279302331610561,6.4606653641207,0.64606653641207
3,53.25,0.6068134282375759,1.1291399685894434,6.487100983526166,0.6487100983526166
3,53.5,0.6074666140556487,1.1303553968904354,6.513479578688559,0.6513479578688559
3,53.75,0.6081228592920731,1.1315765180640311,6.539800881888425,0.6539800881888425
3,54.0,0.6087821639468491,1.1328033321102313,6.566064625406315,0.6566064625406315
3,54.25,0.6094445280199767,1.1340358390290355,6.59227054152278,0.659227054152278
3,54.5,0.610109951511456,1.1352740388204436,6.618418362518365,0.6618418362518365
3,54.75,0.6107784344212869,1.1365179314844562,6.644507820673622,0.6644507820673622
3,55.0,0.6114499767494694,1.137767517021073,6.670538648269098,0.6670538648269098
3,55.25,0.6121245784960037,1.1390227954302943,6.696510577585341,0.6696510577585342
3,55.5,0.6128022396608894,1.1402837667121193,6.722423340902903,0.6722423340902903
3,55.75,0.6134829602441269,1.1415504308665485,6.748276670502332,0.6748276670502331
3,56.0,0.6141667402457158,1.142822787893582,6.774070298664176,0.6774070298664177
3,56.25,0.6148535796656566,1.1441008377932196,6.799803957668985,0.6799803957668985
3,56.5,0.6155434785039489,1.1453845805654614,6.825477379797307,0.6825477379797307
3,56.75,0.6162364367605928,1.1466740162103075,6.851090297329691,0.685109029732969
3,57.0,0.6169324544355883,1.1479691447277576,6.876642442546684,0.6876642442546684
3,57.25,0.6176315315289356,1.149269966117812,6.902133547728841,0.6902133547728841
3,57.5,0.6183336680406344,1.1505764803804706,6.927563345156706,0.6927563345156706
3,57.75,0.6190388639706847,1.151888687515733,6.952931567110828,0.6952931567110828
3,58.0,0.6197471193190869,1.1532065875236,6.978237945871758,0.6978237945871758
3,58.25,0.6204584340858406,1.154530180404071,7.0034822137200425,0.7003482213720043
3,58.5,0.6211728082709459,1.1558594661571462,7.028664102936231,0.7028664102936231
3,58.75,0.6218902418744029,1.1571944447828257,7.053783345800877,0.7053783345800877
3,59.0,0.6226107348962115,1.1585351162811095,7.078839674594526,0.7078839674594526
3,59.25,0.6233342873363718,1.159881480651997,7.103832821597724,0.7103832821597724
3,59.5,0.6240608991948835,1.1612335378954888,7.128762519091023,0.7128762519091023
3,59.75,0.624790570471747,1.1625912880115852,7.153628499354971,0.7153628499354971
3,60.0,0.6255233011669622,1.1639547310002856,7.1784304946701205,0.717843049467012
3,60.25,0.6262590912805289,1.16532386686159,7.203168237317017,0.7203168237317017
3,60.5,0.6269979408124473,1.1666986955954985,7.227841459576208,0.7227841459576207
3,60.75,0.6277398497627172,1.1680792172020114,7.252449893728246,0.7252449893728247
3,61.0,0.6284848181313388,1.1694654316811282,7.2769932720536765,0.7276993272053677
3,61.25,0.6292328459183121,1.1708573390328494,7.301471326833054,0.7301471326833054
3,61.5,0.629983933123637,1.1722549392571748,7.32588379034692,0.732588379034692
3,61.75,0.6307380797473136,1.1736582323541045,7.350230394875829,0.7350230394875829
3,62.0,0.6314952857893417,1.1750672183236381,7.374510872700327,0.7374510872700327
3,62.25,0.6322555512497214,1.176481897165776,7.398724956100963,0.7398724956100964
3,62.5,0.6330188761284529,1.177902268880518,7.422872377358292,0.7422872377358292
3,62.75,0.6337852604255358,1.1793283334678641,7.446952868752856,0.7446952868752856
3,63.0,0.6345547041409705,1.1807600909278146,7.4709661625652055,0.7470966162565206
3,63.25,0.6353272072747568,1.1821975412603691,7.494911991075888,0.7494911991075888
3,63.5,0.6361027698268947,1.183640684465528,7.518790086565455,0.7518790086565456
3,63.75,0.6368813917973842,1.185089520543291,7.542600181314456,0.7542600181314456
3,64.0,0.6376630731862254,1.186544049493658,7.56634200760344,0.756634200760344
3,64.25,0.6384478139934182,1.1880042713166292,7.590015297712956,0.7590015297712955
3,64.5,0.6392356142189627,1.189470186012205,7.613619783923546,0.7613619783923546
3,64.75,0.6400264738628587,1.1909417935803845,7.637155198515767,0.7637155198515767
3,65.0,0.6408203929251064,1.1924190940211683,7.660621273770166,0.7660621273770166
3,65.25,0.6416173714057057,1.1939020873345563,7.6840177419672955,0.7684017741967295
3,65.5,0.6424174093046566,1.1953907735205485,7.7073443353876945,0.7707344335387695
3,65.75,0.6432205066219592,1.1968851525791446,7.730600786311921,0.7730600786311921
3,66.0,0.6440266633576134,1.1983852245103452,7.7537868270205195,0.7753786827020519
3,66.25,0.6448358795116192,1.19989098931415,7.776902189794041,0.777690218979404
3,66.5,0.6456481550839768,1.201402446990559,7.799946606913036,0.7799946606913035
3,66.75,0.6464634900746858,1.2029195975395721,7.822919810658046,0.7822919810658047
3,67.0,0.6472818844837465,1.2044424409611891,7.845821533309627,0.7845821533309627
3,67.25,0.6481033383111588,1.2059709772554106,7.8686515071483285,0.7868651507148329
3,67.5,0.6489278515569228,1.207505206422236,7.891409464454696,0.7891409464454696
3,67.75,0.6497554242210385,1.2090451284616661,7.914095137509278,0.7914095137509278
3,68.0,0.6505860563035056,1.2105907433736998,7.936708258592628,0.7936708258592627
3,68.25,0.6514197478043245,1.212142051158338,7.959248559985289,0.7959248559985289
3,68.5,0.652256498723495,1.2136990518155804,7.981715773967812,0.7981715773967812
3,68.75,0.6530963090610171,1.2152617453454269,8.004109632820747,0.8004109632820746
3,69.0,0.6539391788168909,1.2168301317478774,8.026429868824646,0.8026429868824646
3,69.25,0.6547851079911162,1.2184042110229323,8.048676214260055,0.8048676214260055
3,69.5,0.6556340965836933,1.2199839831705914,8.070848401407517,0.8070848401407517
3,69.75,0.656486144594622,1.2215694481908546,8.092946162547591,0.8092946162547591
3,70.0,0.6573412520239021,1.2231606060837217,8.114969229960822,0.8114969229960822
3,70.25,0.6581994188715341,1.2247574568491935,8.136917335927759,0.8136917335927759
3,70.5,0.6590606451375176,1.226360000487269,8.158790212728949,0.8158790212728949
3,70.75,0.6599249308218528,1.227968236997949,8.18058759264494,0.818058759264494
3,71.0,0.6607922759245395,1.229582166381233,8.202309207956286,0.8202309207956286
3,71.25,0.661662680445578,1.2312017886371214,8.223954790943534,0.8223954790943534
3,71.5,0.662536144384968,1.2328271037656138,8.245524073887232,0.8245524073887232
3,71.75,0.6634126677427097,1.2344581117667104,8.267016789067931,0.8267016789067931
3,72.0,0.6642922505188029,1.236094812640411,8.28843266876617,0.828843266876617
3,72.25,0.6651748927132478,1.2377372063867158,8.309771445262513,0.8309771445262513
3,72.5,0.6660605943260444,1.239385293005625,8.331032850837499,0.8331032850837499
3,72.75,0.6669493553571926,1.2410390724971383,8.352216617771685,0.8352216617771685
3,73.0,0.6678411758066924,1.242698544861256,8.37332247834561,0.8373322478345611
3,73.25,0.6687360556745439,1.2443637100979776,8.394350164839828,0.8394350164839828
3,73.5,0.6696339949607468,1.246034568207303,8.415299409534889,0.8415299409534889
3,73.75,0.6705349936653016,1.2477111191892332,8.436169944711342,0.8436169944711341
3,74.0,0.6714390517882078,1.2493933630437672,8.456961502649733,0.8456961502649734
3,74.25,0.6723461693294659,1.251081299770906,8.477673815630613,0.8477673815630613
3,74.5,0.6732563462890755,1.2527749293706485,8.498306615934528,0.8498306615934528
3,74.75,0.6741695826670366,1.254474251842995,8.518859635842034,0.8518859635842034
3,75.0,0.6750858784633496,1.2561792671879461,8.539332607633671,0.8539332607633672
3,75.25,0.676005233678014,1.257889975405501,8.55972526359,0.855972526359
3,75.5,0.67692764831103,1.2596063764956602,8.580037335991555,0.8580037335991555
3,75.75,0.6778531223623978,1.2613284704584238,8.600268557118895,0.8600268557118895
3,76.0,0.6787816558321171,1.2630562572937913,8.620418659252564,0.8620418659252564
3,76.25,0.6797132487201881,1.2647897370017631,8.640487374673118,0.8640487374673118
3,76.5,0.6806479010266108,1.266528909582339,8.660474435661099,0.8660474435661099
3,76.75,0.681585612751385,1.268273775035519,8.68037957449706,0.868037957449706
3,77.0,0.6825263838945108,1.2700243333613033,8.700202523461545,0.8700202523461545
3,77.25,0.6834702144559883,1.271780584559692,8.719943014835104,0.8719943014835104
3,77.5,0.6844171044358175,1.2735425286306845,8.73960078089829,0.8739600780898289
3,77.75,0.6853670538339982,1.2753101655742813,8.759175553931652,0.8759175553931652
3,78.0,0.6863200626505306,1.2770834953904822,8.778667066215736,0.8778667066215735
3,78.25,0.6872761308854146,1.2788625180792874,8.798075050031091,0.8798075050031091
3,78.5,0.6882352585386503,1.2806472336406969,8.817399237658268,0.8817399237658268
3,78.75,0.6891974456102375,1.2824376420747103,8.836639361377813,0.8836639361377813
3,79.0,0.6901626921001764,1.284233743381328,8.855795153470279,0.8855795153470278
3,79.25,0.691130998008467,1.2860355375605501,8.874866346216212,0.8874866346216213
3,79.5,0.6921023633351091,1.287843024612376,8.893852671896159,0.8893852671896159
3,79.75,0.693076788080103,1.2896562045368063,8.912753862790671,0.8912753862790671
3,80.0,0.6940542722434484,1.2914750773338408,8.9315696511803,0.89315696511803
3,80.25,0.6950348158251454,1.2932996430034793,8.950299769345598,0.8950299769345598
3,80.5,0.6960184188251941,1.295129901545722,8.968943949567098,0.8968943949567099
3,80.75,0.6970050812435944,1.296965852960569,8.987501924125365,0.8987501924125365
3,81.0,0.6979948030803463,1.2988074972480201,9.00597342530094,0.900597342530094
3,81.25,0.6989875843354498,1.3006548344080753,9.024358185374375,0.9024358185374375
3,81.5,0.6999834250089051,1.302507864440735,9.042655936626222,0.9042655936626222
3,81.75,0.7009823251007119,1.3043665873459986,9.060866411337024,0.9060866411337024
3,82.0,0.7019842846108704,1.3062310031238664,9.078989341787327,0.9078989341787327
3,82.25,0.7029893035393804,1.3081011117743384,9.097024460257687,0.9097024460257688
3,82.5,0.7039973818862422,1.3099769132974146,9.114971499028655,0.9114971499028656
3,82.75,0.7050085196514555,1.311858407693095,9.132830190380773,0.9132830190380773
3,83.0,0.7060227168350204,1.3137455949613794,9.150600266594594,0.9150600266594594
3,83.25,0.707039973436937,1.3156384751022683,9.168281459950666,0.9168281459950667
3,83.5,0.7080602894572052,1.3175370481157611,9.185873502729535,0.9185873502729536
3,83.75,0.7090836648958251,1.3194413140018582,9.203376127211754,0.9203376127211754
3,84.0,0.7101100997527965,1.3213512727605592,9.22078906567787,0.922078906567787
3,84.25,0.7111395940281197,1.3232669243918649,9.23811205040844,0.9238112050408439
3,84.5,0.7121721477217944,1.3251882688957743,9.255344813683998,0.9255344813683998
3,84.75,0.7132077608338208,1.3271153062722882,9.272487087785098,0.9272487087785098
3,85.0,0.7142464333641987,1.329048036521406,9.289538604992295,0.9289538604992295
5,0.0,0.5374120526400513,1.0,0.0,0.0
5,0.25,0.5374135823423093,1.0000028464234296,0.03248018917154798,0.0032480189171547975
5,0.5,0.5374181713660691,1.000011385539248,0.06496011063064436,0.006496011063064436
5,0.75,0.5374258194622886,1.0000256168840458,0.0974394966928353,0.00974394966928353
5,1.0,0.5374365262158974,1.0000455396854722,0.12991807972966268,0.012991807972966268
5,1.25,0.537450291045797,1.0000711528622364,0.16239559219666194,0.016239559219666196
5,1.5,0.5374671132048606,1.0001024550241082,0.19487176666135952,0.019487176666135954
5,1.75,0.5374869917799335,1.000139444471917,0.2273463358312711,0.02273463358312711
5,2.0,0.5375099256918328,1.0001821191975517,0.2598190325818992,0.02598190325818992
5,2.25,0.5375359136953474,1.0002304768839618,0.2922895899847311,0.02922895899847311
5,2.5,0.5375649543792377,1.0002845149051556,0.3247577413352367,0.03247577413352367
5,2.75,0.5375970461662366,1.0003442303262022,0.3572232201808661,0.03572232201808661
5,3.0,0.5376321873130486,1.0004096199032304,0.38968576034904745,0.038968576034904744
5,3.25,0.5376703759103498,1.0004806800834285,0.4221450959751855,0.04221450959751855
5,3.5,0.5377116098827884,1.000557407005045,0.4546009615306578,0.04546009615306578
5,3.75,0.5377558869889845,1.0006397964973879,0.48705309185081436,0.04870530918508144
5,4.0,0.5378032048215299,1.0007278440808258,0.5195012221629747,0.05195012221629747
5,4.25,0.5378535608069882,1.0008215449667865,0.5519450881144243,0.05519450881144243
5,4.5,0.5379069522058951,1.000920894057758,0.5843844258004152,0.058438442580041515
5,4.75,0.5379633761127579,1.001025885947288,0.6168189717921617,0.06168189717921617
5,5.0,0.538022829456056,1.001136514919984,0.649248463164839,0.0649248463164839
5,5.25,0.5380853089982403,1.0012527749515134,0.6816726375255806,0.06816726375255806
5,5.5,0.538150811335734,1.0013746597086044,0.7140912330414764,0.07140912330414764
5,5.75,0.5382193328989318,1.0015021625490435,0.7465039884675706,0.07465039884675706
5,6.0,0.5382908699522002,1.0016352765216776,0.7789106431748589,0.0778910643174859
5,6.25,0.5383654185938779,1.0017739943664141,0.8113109371782872,0.08113109371782871
5,6.5,0.5384429747562753,1.0019183085142203,0.8437046111647489,0.08437046111647489
5,6.75,0.5385235342056746,1.0020682110871222,0.8760914065210833,0.08760914065210833
5,7.0,0.5386070925423297,1.0022236938982068,0.9084710653620721,0.09084710653620721
5,7.25,0.5386936452004669,1.0023847484516206,0.9408433305584378,0.09408433305584378
5,7.5,0.5387831874482837,1.0025513659425698,0.9732079457648433,0.09732079457648432
5,7.75,0.5388757143879497,1.0027235372573207,1.0055646554478868,0.10055646554478867
5,8.0,0.5389712209556063,1.002901252973199,1.0379132049141018,0.10379132049141018
5,8.25,0.5390697019213673,1.0030845033585918,1.070253340337953,0.1070253340337953
5,8.5,0.5391711518893173,1.0032732783729437,1.102584808789838,0.1102584808789838
5,8.75,0.5392755652975139,1.0034675676667615,1.1349073582640772,0.11349073582640772
5,9.0,0.5393829364179855,1.00366736058161,1.167220737706923,0.1167220737706923
5,9.25,0.539493259356733,1.0038726461501146,1.1995246970445468,0.11995246970445468
5,9.5,0.5396065280537291,1.0040834130959613,1.2318189872110428,0.12318189872110427
5,9.75,0.5397227362829181,1.0042996498338947,1.264103360176426,0.1264103360176426
5,10.0,0.5398418776522165,1.0045213444697203,1.2963775689746244,0.12963775689746243
5,10.25,0.5399639456035121,1.0047484848003028,1.328641367731486,0.1328641367731486
5,10.5,0.5400889334126654,1.0049810583135674,1.3608945116927673,0.13608945116927673
5,10.75,0.5402168341895078,1.0052190521884985,1.3931367572521376,0.13931367572521375
5,11.0,0.5403476408778431,1.0054624532951404,1.4253678619791739,0.14253678619791738
5,11.25,0.5404813462554471,1.0057112481945982,1.4575875846473587,0.14575875846473588
5,11.5,0.540617942934067,1.0059654231390358,1.4897956852620786,0.14897956852620786
5,11.75,0.540757423359422,1.0062249640716774,1.5219919250886234,0.15219919250886232
5,12.0,0.5408997798112034,1.0064898566268072,1.5541760666801805,0.15541760666801804
5,12.25,0.5410450044030739,1.0067600861297687,1.5863478739058365,0.15863478739058365
5,12.5,0.5411930890826685,1.0070356375969662,1.6185071119785701,0.16185071119785702
5,12.75,0.5413440256315939,1.0073164957358636,1.6506535474832575,0.16506535474832576
5,13.0,0.5414978056654286,1.0076026449449837,1.6827869484046625,0.16827869484046626
5,13.25,0.5416544206337228,1.0078940693139105,1.7149070841554384,0.17149070841554384
5,13.5,0.5418138618199991,1.0081907526232874,1.7470137256041256,0.17470137256041257
5,13.75,0.5419761203417511,1.008492678344817,1.779106645103147,0.1779106645103147
5,14.0,0.542141187150445,1.0087998296412626,1.81118561651681,0.181118561651681
5,14.25,0.5423090530315186,1.0091121893664472,1.8432504152492997,0.18432504152492996
5,14.5,0.5424797086043813,1.0094297400652534,1.875300818272681,0.1875300818272681
5,14.75,0.5426531443224148,1.0097524639736242,1.9073366041548925,0.19073366041548925
5,15.0,0.5428293504729724,1.0100803430185619,1.9393575530877474,0.19393575530877474
5,15.25,0.5430083171773792,1.0104133588181285,1.9713634469149284,0.19713634469149283
5,15.5,0.5431900343909323,1.0107514926814472,2.0033540691599914,0.20033540691599913
5,15.75,0.5433744919029005,1.0110947256086993,2.035329205054354,0.2035329205054354
5,16.0,0.5435616793365248,1.0114430382911272,2.067288641565299,0.2067288641565299
5,16.25,0.5437515861490174,1.011796411111033,2.0992321674239767,0.20992321674239767
5,16.5,0.5439442016315631,1.012154824141778,2.1311595731533943,0.21311595731533944
5,16.75,0.544139514909318,1.0125182571477842,2.1630706510964135,0.21630706510964134
5,17.0,0.5443375149414101,1.0128866895845325,2.194965195443758,0.2194965195443758
5,17.25,0.5445381905209398,1.013260100598565,2.226843002262002,0.22268430022620017
5,17.5,0.5447415302749787,1.0136384690274831,2.2587038695215718,0.22587038695215716
5,17.75,0.5449475226645706,1.014021773399947,2.2905475971247444,0.22905475971247444
5,18.0,0.5451561559847308,1.0144099919356784,2.3223739869336404,0.23223739869336404
5,18.25,0.545367418364447,1.0148031025454578,2.35418284279823,0.235418284279823
5,18.5,0.5455812977666784,1.0152010828311264,2.385973970584322,0.23859739705843222
5,18.75,0.545797781988356,1.0156039100855845,2.4177471782015685,0.24177471782015686
5,19.0,0.5460168586603829,1.0160115612927925,2.4495022756314597,0.24495022756314597
5,19.25,0.5462385152476338,1.0164240131277709,2.4812390749553206,0.24812390749553206
5,19.5,0.5464627390489554,1.0168412419565998,2.5129573903823132,0.2512957390382313
5,19.75,0.5466895171971661,1.0172632238364192,2.5446570382774274,0.25446570382774275
5,20.0,0.5469188366590565,1.0176899345154298,2.5763378371894836,0.25763378371894835
5,20.25,0.5471506842353887,1.0181213494328907,2.607999607879136,0.26079996078791357
5,20.5,0.5473850465608968,1.0185574437191218,2.6396421733468545,0.26396421733468545
5,20.75,0.5476219101042867,1.018998192195503,2.6712653588609383,0.2671265358860938
5,21.0,0.5478612611682362,1.0194435693744732,2.702868991985506,0.2702868991985506
5,21.25,0.5481030858893949,1.0198935494595323,2.7344529026084956,0.27344529026084957
5,21.5,0.5483473702383843,1.020348106345239,2.7660169229696594,0.27660169229696596
5,21.75,0.5485941000197977,1.0208072136172128,2.7975608876885696,0.27975608876885694
5,22.0,0.5488432608722004,1.0212708445521326,2.829084633792602,0.2829084633792602
5,22.25,0.5490948382681292,1.021738972117737,2.86058800074495,0.28605880007449497
5,22.5,0.5493488175140933,1.022211568972825,2.892070830472613,0.2892070830472613
5,22.75,0.5496051837505731,1.0226886074672548,2.9235329673943937,0.2923532967394394
5,23.0,0.5498639219520215,1.0231700596419453,2.9549742584489005,0.29549742584489
5,23.25,0.5501250169268628,1.0236558972288743,2.986394553122542,0.2986394553122542
5,23.5,0.5503884533174931,1.02414609165108,3.017793703477526,0.3017793703477526
5,23.75,0.5506542156002808,1.0246406140226612,3.0491715641798596,0.30491715641798595
5,24.0,0.550922288085566,1.025139435148775,3.080527992527342,0.3080527992527342
5,24.25,0.5511926549176603,1.0256425255256398,3.111862848477564,0.3111862848477564
5,24.5,0.5514653000748474,1.0261498553405326,3.1431759946759117,0.3143175994675912
5,24.75,0.5517402073693832,1.0266613944717922,3.1744672964835545,0.31744672964835546
5,25.0,0.5520173604474946,1.0271771124888143,3.205736622005448,0.3205736622005448
5,25.25,0.5522967427893812,1.0276969786520576,3.2369838421183363,0.3236983842118336
5,25.5,0.552578337709214,1.0282209619130385,3.2682088304987413,0.3268208830498741
5,25.75,0.552862128355136,1.0287490309143343,3.2994114636509626,0.32994114636509625
5,26.0,0.553148097709262,1.0292811539895819,3.3305916209350843,0.33305916209350844
5,26.25,0.5534362285876787,1.0298172991634784,3.3617491845949576,0.33617491845949576
5,26.5,0.5537265036404445,1.0303574341517798,3.3928840397862112,0.33928840397862114
5,26.75,0.5540189053515898,1.030901526361303,3.4239960746042444,0.3423996074604244
5,27.0,0.554313416039117,1.0314495428899246,3.455085180112223,0.3455085180112223
5,27.25,0.5546100178549999,1.0320014505265802,3.4861512503690784,0.34861512503690784
5,27.5,0.5549086927851846,1.0325572157512668,3.517194182457512,0.3517194182457512
5,27.75,0.5552094226495888,1.0331168047350399,3.54821387651198,0.354821387651198
5,28.0,0.5555121891021022,1.0336801833400153,3.579210235746703,0.35792102357467026
5,28.25,0.5558169736305862,1.0342473171193691,3.6101831664836603,0.36101831664836603
5,28.5,0.5561237575568743,1.0348181713173368,3.6411325781805814,0.36411325781805814
5,28.75,0.5564325220367714,1.0353927108692138,3.6720583834589524,0.36720583834589526
5,29.0,0.5567432480600548,1.0359709004013558,3.7029604981320112,0.37029604981320113
5,29.25,0.5570559164504733,1.0365527042311777,3.7338388412327435,0.37338388412327433
5,29.5,0.5573705078657474,1.0371380863671547,3.7646933350418816,0.37646933350418815
5,29.75,0.5576870027975701,1.0377270105088219,3.795523905115903,0.3795523905115903
5,30.0,0.5580053815716055,1.038319440046774,3.8263304803150247,0.38263304803150244
5,30.25,0.5583256243474902,1.0389153380626661,3.85711299283121,0.385711299283121
5,30.5,0.5586477111188322,1.0395146673292124,3.8878713782161523,0.3887871378216152
5,30.75,0.5589716217132112,1.0401173903101875,3.918605575409292,0.3918605575409292
5,31.0,0.5592973357921797,1.040723469160426,3.949315526765788,0.39493155267657876
5,31.25,0.5596248328512607,1.0413328657258216,3.980001178084546,0.39800011780845457
5,31.5,0.5599540922199503,1.041945541543329,4.010662478636187,0.40106624786361866
5,31.75,0.5602850930617156,1.0425614578409617,4.041299381191072,0.4041299381191072
5,32.0,0.5606178143739959,1.0431805755377939,4.071911842047276,0.40719118420472766
5,32.25,0.5609522349882025,1.043802855243959,4.102499821058606,0.4102499821058606
5,32.5,0.5612883335697182,1.0444282572606514,4.133063281662581,0.4133063281662581
5,32.75,0.5616260886178976,1.045056741580123,4.163602190908447,0.41636021909084475
5,33.0,0.5619654784660679,1.045688267885689,4.194116519485158,0.4194116519485158
5,33.25,0.5623064812815272,1.0463227955517211,4.224606241749386,0.4224606241749386
5,33.5,0.5626490750655458,1.046960283643653,4.255071335753515,0.42550713357535147
5,33.75,0.5629932376533664,1.0476006909179778,4.285511783273639,0.42855117832736395
5,34.0,0.5633389467142025,1.0482439758222477,4.3159275698375605,0.43159275698375604
5,34.25,0.5636861797512405,1.0488900964950763,4.3463186847527755,0.43463186847527757
5,34.5,0.5640349141016379,1.0495390107661355,4.3766851211345035,0.43766851211345037
5,34.75,0.5643851269365242,1.050190676156158,4.407026875933649,0.44070268759336495
5,35.0,0.5647367952610013,1.050845049876936,4.4373439499648235,0.4437343949964824
5,35.25,0.5650898959141422,1.0515020888313216,4.467636347934327,0.44676363479343273
5,35.5,0.5654444055689922,1.0521617496132274,4.497904078468164,0.44979040784681634
5,35.75,0.5658003007325684,1.0528239885076247,4.528147154140022,0.4528147154140022
5,36.0,0.5661575577458595,1.0534887614905455,4.558365591499285,0.45583655914992854
5,36.25,0.5665161527838264,1.0541560242290815,4.58855941109902,0.45885594110990197
5,36.5,0.5668760618554016,1.0548257320813843,4.6187286375239855,0.46187286375239855
5,36.75,0.5672372608034896,1.0554978400966653,4.648873299418616,0.4648873299418616
5,37.0,0.5675997253049666,1.0561723030151957,4.678993429515032,0.46789934295150315
5,37.25,0.5679634308706809,1.0568490752683068,4.709089064661031,0.47090890646610306
5,37.5,0.5683283528454524,1.0575281109783896,4.739160245848089,0.47391602458480886
5,37.75,0.5686944664080729,1.058209363958895,4.769207018239356,0.47692070182393564
5,38.0,0.5690617465713061,1.0588927877143337,4.799229431197656,0.4799229431197656
5,38.25,0.5694301681818877,1.0595783354402764,4.829227538313482,0.4829227538313482
5,38.5,0.569799705920525,1.0602659600233535,4.859201397432994,0.4859201397432994
5,38.75,0.5701703343018973,1.0609556140412557,4.889151070686015,0.48891510706860153
5,39.0,0.5705420276746557,1.0616472497627332,4.9190766245140445,0.49190766245140444
5,39.25,0.5709147602214231,1.062340819147596,4.948978129698226,0.4948978129698226
5,39.5,0.5712885059587943,1.063036273846714,4.978855661387382,0.49788556613873813
5,39.75,0.571663238737336,1.0637335652020175,5.008709299125966,0.5008709299125966
5,40.0,0.5720389322415869,1.064432644246496,5.03853912688211,0.503853912688211
5,40.25,0.5724155599900571,1.065133461704199,5.068345233075597,0.5068345233075597
5,40.5,0.5727930953352289,1.0658359679902363,5.098127710605848,0.5098127710605848
5,40.75,0.5731715114635564,1.066540113210777,5.127886656879939,0.5127886656879939
5,41.0,0.5735507813954656,1.0672458471630506,5.157622173840593,0.5157622173840594
5,41.25,0.5739308779853539,1.067953119335346,5.187334367994174,0.5187334367994174
5,41.5,0.5743117739215914,1.0686618789070121,5.2170233504387,0.52170233504387
5,41.75,0.5746934417265194,1.0693720747484583,5.246689236891804,0.5246689236891804
5,42.0,0.5750758537564512,1.070083655421153,5.276332147718781,0.5276332147718781
5,42.25,0.575458982201672,1.0707965691776247,5.305952207960553,0.5305952207960554
5,42.5,0.5758427990864388,1.0715107639614618,5.335549547361673,0.5335549547361673
5,42.75,0.5762272762689806,1.0722261874073133,5.365124300398326,0.5365124300398326
5,43.0,0.5766123854414981,1.072942786840887,5.394676606306325,0.5394676606306325
5,43.25,0.5769980981301637,1.0736605092789506,5.42420660910911,0.542420660910911
5,43.5,0.577384385695122,1.0743793014293324,5.453714457645749,0.5453714457645749
5,43.75,0.5777712193304894,1.0750991096909206,5.483200305598928,0.5483200305598928
5,44.0,0.5781585700643537,1.0758198801536623,5.512664311522951,0.5512664311522951
5,44.25,0.5785464087587754,1.0765415585985658,5.542106638871754,0.5542106638871754
5,44.5,0.5789347061097859,1.077264090497698,5.571527456026869,0.5571527456026869
5,44.75,0.579323432647389,1.0779874210141862,5.600926936325454,0.5600926936325454
5,45.0,0.5797125587355605,1.078711495002218,5.630305258088274,0.5630305258088274
5,45.25,0.5801020545722475,1.0794362570070404,5.65966260464771,0.5659662604647709
5,45.5,0.5804918901893694,1.0801616512649599,5.688999164375737,0.5688999164375736
5,45.75,0.5808820354528174,1.0808876217033438,5.718315130711944,0.5718315130711944
5,46.0,0.5812724600624543,1.0816141119406188,5.747610702191523,0.5747610702191522
5,46.25,0.5816631335521149,1.0823410652862713,5.776886082473263,0.5776886082473263
5,46.5,0.5820540252896059,1.0830684247408477,5.8061414803675575,0.5806141480367557
5,46.75,0.5824451044767058,1.0837961329959542,5.835377109864384,0.5835377109864384
5,47.0,0.5828363401491652,1.0845241324342576,5.864593190161323,0.5864593190161324
5,47.25,0.583227701176706,1.0852523651294832,5.893789945691546,0.5893789945691547
5,47.5,0.5836191562630223,1.085980772846417,5.922967606151813,0.5922967606151813
5,47.75,0.5840106739457802,1.0867092970409054,5.952126406530475,0.5952126406530475
5,48.0,0.5844022225966173,1.0874378788598535,5.9812665871354564,0.5981266587135456
5,48.25,0.5847937704211434,1.0881664591412272,6.010388393622279,0.6010388393622279
5,48.5,0.58518528545894,1.0888949784140518,6.039492077022038,0.6039492077022037
5,48.75,0.5855767355835602,1.0896233768984125,6.068577893769403,0.6068577893769402
5,49.0,0.5859680885025293,1.0903515945054547,6.097646105730634,0.6097646105730634
5,49.25,0.5863593117573443,1.091079570837383,6.126696980231552,0.6126696980231552
5,49.5,0.5867503727234742,1.0918072451874627,6.1557307900855545,0.6155730790085554
5,49.75,0.5871412386103596,1.0925345565400186,6.184747813621604,0.6184747813621604
5,50.0,0.5875318764614132,1.0932614435704353,6.213748334712246,0.6213748334712246
5,50.25,0.5879222531540194,1.093987844645157,6.242732642801576,0.6242732642801576
5,50.5,0.5883123353995344,1.0947136978216885,6.271701032933256,0.6271701032933257
5,50.75,0.5887020897432864,1.0954389408485936,6.3006538057785155,0.6300653805778516
5,51.0,0.5890914825645756,1.096163511165497,6.329591267664139,0.6329591267664139
5,51.25,0.5894804800766735,1.0968873459030826,6.358513730600461,0.6358513730600461
5,51.5,0.589869048326824,1.0976103818830936,6.387421512309381,0.6387421512309381
5,51.75,0.5902571531962426,1.0983325556183348,6.416314936252354,0.6416314936252354
5,52.0,0.5906447604001168,1.0990538033126693,6.445194331658368,0.6445194331658368
5,52.25,0.5910318354876056,1.0997740608610203,6.474060033551972,0.6474060033551972
5,52.5,0.5914183438418404,1.1004932638493716,6.502912382781263,0.6502912382781263
5,52.75,0.5918042506799241,1.1012113475547667,6.531751726045869,0.6531751726045869
5,53.0,0.5921895210529314,1.1019282469453082,6.560578415924976,0.6560578415924976
5,53.25,0.5925741198459089,1.102643896680159,6.589392810905295,0.6589392810905295
5,53.5,0.5929580117778754,1.1033582311095427,6.618195275409079,0.6618195275409079
5,53.75,0.593341161401821,1.1040711842747413,6.646986179822118,0.6646986179822119
5,54.0,0.5937235331047082,1.104782689908098,6.675765900521738,0.6675765900521738
5,54.25,0.5941050911074706,1.1054926814330144,6.70453481990479,0.670453481990479
5,54.5,0.5944857994650145,1.1062010919639536,6.733293326415647,0.6733293326415647
5,54.75,0.5948656220662175,1.1069078543064377,6.762041814574227,0.6762041814574227
5,55.0,0.5952445226339295,1.1076129009570488,6.790780685003952,0.6790780685003952
5,55.25,0.5956224647249717,1.108316164103429,6.819510344459781,0.681951034445978
5,55.5,0.5959994117301375,1.1090175756242797,6.84823120585618,0.684823120585618
5,55.75,0.596375326874192,1.1097170670893628,6.876943688295144,0.6876943688295144
5,56.0,0.5967501732158724,1.1104145697595,6.905648217094178,0.6905648217094178
5,56.25,0.5971239136478875,1.1111100145865729,6.934345223814297,0.6934345223814298
5,56.5,0.597496510896918,1.1118033322135226,6.963035146288032,0.6963035146288032
5,56.75,0.5978679275236166,1.1124944529743503,6.991718428647424,0.6991718428647424
5,57.0,0.5982381259226076,1.113183306894117,7.020395521352011,0.7020395521352011
5,57.25,0.5986070683224874,1.113869823688944,7.049066881216849,0.7049066881216849
5,57.5,0.5989747167858241,1.114553932766012,7.077732971440486,0.7077732971440487
5,57.75,0.5993410332091577,1.115235563223561,7.106394261632972,0.7106394261632972
5,58.0,0.5997059793230001,1.1159146438508927,7.1350512278438565,0.7135051227843856
5,58.25,0.6000695166918348,1.1165911031283668,7.163704352590187,0.7163704352590188
5,58.5,0.6004316067141177,1.1172648692274039,7.1923541248844955,0.7192354124884496
5,58.75,0.600792210622276,1.1179358700104842,7.221001040262822,0.7221001040262822
5,59.0,0.6011512894827088,1.1186040330311475,7.249645600812677,0.7249645600812678
5,59.25,0.6015088041957874,1.119269285533994,7.278288315201067,0.7278288315201067
5,59.5,0.6018647154958546,1.119931554454683,7.306929698702483,0.7306929698702482
5,59.75,0.6022189839512255,1.120590766419935,7.335570273226898,0.7335570273226898
5,60.0,0.6025715699641867,1.121246847747529,7.364210567347765,0.7364210567347765
5,60.25,0.6029224337709964,1.1218997244463045,7.392851116330017,0.7392851116330017
5,60.5,0.6032715354418853,1.1225493222161607,7.42149246215806,0.742149246215806
5,60.75,0.6036188348810553,1.1231955664480566,7.4501351535637745,0.7450135153563775
5,61.0,0.6039642918266808,1.123838382224012,7.478779746054514,0.7478779746054514
5,61.25,0.6043078658509075,1.1244776943171049,7.507426801941103,0.7507426801941103
5,61.5,0.6046495163598533,1.1251134271914747,7.536076890365825,0.7536076890365825
5,61.75,0.6049892025936079,1.12574550500232,7.564730587330441,0.7564730587330442
5,62.0,0.6053268836262324,1.1263738515958988,7.593388475724167,0.7593388475724167
5,62.25,0.6056625183657606,1.1269983905095298,7.622051145351677,0.7622051145351677
5,62.5,0.6059960655541974,1.1276190449715917,7.650719192961118,0.7650719192961117
5,62.75,0.6063274837675198,1.1282357379015218,7.679393222272073,0.7679393222272073
5,63.0,0.6066567314156768,1.1288483919098187,7.708073844003593,0.7708073844003593
5,63.25,0.6069837667425891,1.1294569292980403,7.7367616759021764,0.7736761675902176
5,63.5,0.6073085478261495,1.1300612720588044,7.765457342769777,0.7765457342769777
5,63.75,0.607631032578222,1.130661341875788,7.794161476491785,0.7794161476491784
5,64.0,0.6079511787446432,1.131257060123729,7.82287471606505,0.7822874716065049
5,64.25,0.6082689439052212,1.1318483478684251,7.851597707625854,0.7851597707625854
5,64.5,0.608584285473736,1.1324351258667333,7.880331104477916,0.7880331104477916
5,64.75,0.6088971606979394,1.1330173145665705,7.9090755671204125,0.7909075567120413
5,65.0,0.6092075266595551,1.133594834106914,7.937831763275943,0.7937831763275943
5,65.25,0.6095153402742787,1.1341676043178004,7.966600367918543,0.7966600367918544
5,65.5,0.6098205582917774,1.1347355447203265,7.9953820633016806,0.799538206330168
5,65.75,0.6101231372956908,1.135298574526649,8.024177538986253,0.8024177538986252
5,66.0,0.6104230337036297,1.1358566126399845,8.052987491868594,0.8052987491868594
5,66.25,0.6107202037671773,1.136409577654609,8.081812626208453,0.8081812626208453
5,66.5,0.6110146035718883,1.1369573878558592,8.110653653657007,0.8110653653657007
5,66.75,0.6113061890372893,1.1374999612201309,8.139511293284851,0.8139511293284851
5,67.0,0.6115949159168788,1.1380372154148797,8.168386271610004,0.8168386271610004
5,67.25,0.6118807397981273,1.1385690677986222,8.197279322625906,0.8197279322625907
5,67.5,0.6121636161024769,1.1390954354209335,8.2261911878294,0.82261911878294
5,67.75,0.6124435000853419,1.1396162350224497,8.255122616248745,0.8255122616248745
5,68.0,0.6127203468361078,1.1401313830348656,8.284074364471625,0.8284074364471625
5,68.25,0.6129941112781327,1.1406407955809374,8.31304719667311,0.8313047196673111
5,68.5,0.6132647481687462,1.1411443884744796,8.342041884643692,0.8342041884643692
5,68.75,0.6135322120992497,1.1416420772203675,8.371059207817254,0.8371059207817254
5,69.0,0.6137964574949165,1.1421337770145361,8.400099953299101,0.84000999532991
5,69.25,0.6140574386149917,1.14261940274398,8.42916491589392,0.8429164915893921
5,69.5,0.6143151095526926,1.143098868986754,8.458254898133791,0.8458254898133791
5,69.75,0.614569424235208,1.143572090011973,8.487370710306216,0.8487370710306216
5,70.0,0.6148203364236984,1.144038979779811,8.516513170482062,0.8516513170482062
5,70.25,0.6150677997132967,1.1444994519415026,8.545683104543606,0.8545683104543607
5,70.5,0.6153117675331071,1.1449534198393418,8.574881346212495,0.8574881346212495
5,70.75,0.615552193146206,1.1454007965066826,8.604108737077777,0.8604108737077777
5,71.0,0.6157890296496414,1.145841494667939,8.633366126623883,0.8633366126623884
5,71.25,0.6160222299744337,1.1462754267385848,8.662654372258618,0.8662654372258618
5,71.5,0.6162517468855743,1.1467025048251538,8.69197433934118,0.869197433934118
5,71.75,0.6164775329820271,1.1471226407252395,8.721326901210134,0.8721326901210134
5,72.0,0.6166995406967276,1.1475357459274953,8.750712939211407,0.8750712939211407
5,72.25,0.6169177222965831,1.147941731611634,8.780133342726344,0.8780133342726344
5,72.5,0.6171320298824732,1.1483405086484297,8.809589009199616,0.8809589009199617
5,72.75,0.6173424153892486,1.1487319875997146,8.839080844167295,0.8839080844167295
5,73.0,0.6175488305857326,1.1491160787183823,8.868609761284784,0.8868609761284784
5,73.25,0.6177512270747197,1.149492691948385,8.898176682354887,0.8898176682354887
5,73.5,0.6179495562929767,1.1498617369247353,8.927782537355746,0.8927782537355746
5,73.75,0.6181437695112422,1.1502231229735063,8.957428264468884,0.8957428264468884
5,74.0,0.6183338178342264,1.1505767591118299,8.987114810107158,0.8987114810107159
5,74.25,0.6185196522006117,1.1509225540478987,9.01684312894281,0.901684312894281
5,74.5,0.618701223383052,1.1512604161809648,9.046614183935393,0.9046614183935393
5,74.75,0.6188784819881732,1.1515902536013396,9.076428946359867,0.9076428946359867
5,75.0,0.6190513784565733,1.151911974090396,9.106288395834493,0.9106288395834493
5,75.25,0.6192198630628217,1.1522254851205649,9.136193520348911,0.9136193520348911
5,75.5,0.6193838859154599,1.1525306938553381,9.16614531629208,0.916614531629208
5,75.75,0.6195433969570014,1.1528275071492677,9.196144788480325,0.9196144788480325
5,76.0,0.6196983459639313,1.1531158315479646,9.2261929501853,0.92261929501853
5,76.25,0.6198486825467064,1.1533955732880998,9.256290823161997,0.9256290823161997
5,76.5,0.619994356149756,1.1536666382974048,9.286439437676751,0.9286439437676751
5,76.75,0.6201353160514804,1.1539289321946704,9.316639832535227,0.9316639832535227
5,77.0,0.6202715113642525,1.1541823602897476,9.346893055110414,0.9346893055110413
5,77.25,0.6204028910344166,1.154426827583547,9.377200161370638,0.9377200161370638
5,77.5,0.6205294038422892,1.1546622387680394,9.407562215907564,0.9407562215907564
5,77.75,0.620650998402158,1.154888498226255,9.437980291964166,0.9437980291964166
5,78.0,0.6207676231622834,1.1551055100322845,9.468455471462747,0.9468455471462747
5,78.25,0.6208792264048971,1.155313177951278,9.498988845032926,0.9498988845032926
5,78.5,0.6209857562462028,1.155511405439445,9.529581512039655,0.9529581512039655
5,78.75,0.621087160636376,1.1557000956440564,9.56023458061118,0.956023458061118
5,79.0,0.6211833873595642,1.1558791514034417,9.59094916766708,0.959094916766708
5,79.25,0.6212743840338867,1.1560484752469904,9.621726398946251,0.9621726398946251
5,79.5,0.6213600981114343,1.1562079693951521,9.652567409034866,0.9652567409034866
5,79.75,0.6214404768782704,1.1563575357594367,9.683473341394448,0.9683473341394448
5,80.0,0.6215154674544294,1.156497075942413,9.714445348389802,0.9714445348389802
5,80.25,0.6215850167939181,1.15662649123771,9.745484591317041,0.9745484591317041
5,80.5,0.6216490716847153,1.156745682630018,9.776592240431572,0.9776592240431572
5,80.75,0.6217075787487709,1.1568545507950845,9.807769474976116,0.9807769474976116
5,81.0,0.6217604844420074,1.1569529960997191,9.839017483208682,0.9839017483208682
5,81.25,0.6218077350543187,1.1570409186017905,9.870337462430573,0.9870337462430573
5,81.5,0.6218492767095709,1.1571182180502269,9.90173061901439,0.9901730619014391
5,81.75,0.6218850553656017,1.157184793885017,9.933198168432021,0.9933198168432021
5,82.0,0.6219150168142208,1.1572405452372092,9.964741335282632,0.9964741335282632
5,82.25,0.6219391066812093,1.1572853709289113,9.996361353320696,0.9996361353320695
5,82.5,0.6219572704263211,1.1573191694732916,10.028059465483963,1.0028059465483963
5,82.75,0.621969453343281,1.1573418390745782,10.059836923921448,1.0059836923921448
5,83.0,0.6219756005597861,1.1573532776280584,10.09169499002147,1.009169499002147
5,83.25,0.6219756570375052,1.1573533827200804,10.123634934439611,1.0123634934439611
5,83.5,0.6219695675720793,1.1573420516280513,10.155658037126727,1.0155658037126727
5,83.75,0.6219572767931207,1.1573191813204389,10.18776558735695,1.018776558735695
5,84.0,0.621938729164214,1.15728466845677,10.219958883755695,1.0219958883755695
5,84.25,0.6219138689829156,1.1572384093876324,10.252239234327622,1.0252239234327623
5,84.5,0.6218826403807532,1.1571803001546725,10.284607956484678,1.0284607956484677
5,84.75,0.6218449873232273,1.1571102364905979,10.317066377074049,1.031706637707405
5,85.0,0.6218008536098094,1.1570281138191743,10.349615832406226,1.0349615832406225
7,0.0,0.5374120526400513,1.0,0.0,0.0
7,0.25,0.5374135823423093,1.0000028464234296,0.03248018917154798,0.0032480189171547975
7,0.5,0.5374181713660723,1.000011385539254,0.06496011063064414,0.006496011063064413
7,0.75,0.5374258194623253,1.000025616884114,0.0974394966928318,0.009743949669283181
7,1.0,0.5374365262161032,1.000045539685855,0.12991807972963654,0.012991807972963653
7,1.25,0.5374502910465817,1.0000711528636965,0.16239559219653732,0.016239559219653733
7,1.5,0.5374671132072038,1.0001024550284683,0.194871766660913,0.0194871766660913
7,1.75,0.537486991785842,1.0001394444829113,0.22734633582995736,0.022734633582995736
7,2.0,0.537509925704998,1.0001821192220492,0.25981903257855377,0.025981903257855377
7,2.25,0.537535913722037,1.0002304769336252,0.2922895899771012,0.02922895899771012
7,2.5,0.537564954429459,1.0002845149986057,0.3247577413192847,0.03247577413192847
7,2.75,0.5375970462552067,1.000344230491755,0.35722322014978003,0.035722322014978006
7,3.0,0.5376321874630086,1.0004096201822714,0.3896857602918883,0.03896857602918883
7,3.25,0.5376703761527584,1.000480680534495,0.4221450958750888,0.04221450958750888
7,3.5,0.5377116102609314,1.0005574077086818,0.4546009613625018,0.045460096136250176
7,3.75,0.5377558875610362,1.0006397975618444,0.4870530915782587,0.04870530915782587
7,4.0,0.5378032056641032,1.0007278456486608,0.5195012217347654,0.05195012217347654
7,4.25,0.5378535620192079,1.000821547222448,0.5519450874598502,0.05519450874598501
7,4.5,0.5379069539140326,1.0009208972362085,0.584384424823799,0.05843844248237991
7,4.75,0.5379633784754624,1.0010258903437366,0.6168189703662539,0.06168189703662539
7,5.0,0.538022832670218,1.001136520900799,0.6492484611229776,0.06492484611229776
7,5.25,0.5380853133055248,1.0012527829663775,0.6816726346524766,0.06816726346524767
7,5.5,0.538150817029818,1.0013746703039828,0.7140912290624659,0.0714091229062466
7,5.75,0.5382193403334838,1.0015021763830319,0.7465039830361788,0.07465039830361789
7,6.0,0.5382908795496366,1.0016352943802953,0.7789106358585003,0.07789106358585003
7,6.25,0.5383654308549329,1.0017740171814125,0.8113109274419332,0.08113109274419332
7,6.5,0.5384429902704215,1.0019183373824716,0.8437045983523711,0.08437045983523711
7,6.75,0.5385235536624281,1.0020682472916573,0.8760913898346835,0.08760913898346835
7,7.0,0.5386071167434785,1.002223738930968,0.9084710438380955,0.09084710438380955
7,7.25,0.5386936750732565,1.0023848040379988,0.9408433030413621,0.09408433030413621
7,7.5,0.5387832240595981,1.0025514340677901,0.9732079108777267,0.09732079108777267
7,7.75,0.5388757589595221,1.002723620194747,1.005564611559648,0.1005564611559648
7,8.0,0.538971274880297,1.0029013533146232,1.0379131501033014,0.10379131501033015
7,8.25,0.539069766780544,1.003084624046575,1.0702532723528315,0.10702532723528316
7,8.5,0.5391712294713751,1.0032734227352769,1.1025847250043666,0.11025847250043666
7,8.75,0.5392756576175697,1.003467739453113,1.1349072556297584,0.11349072556297583
7,9.0,0.5393830457387845,1.0036675640024273,1.167220612700076,0.11672206127000759
7,9.25,0.5394933882108018,1.0038728859178463,1.199524545608814,0.1199524545608814
7,9.5,0.5396066792668135,1.0040836944686689,1.2318188046948202,0.12318188046948202
7,9.75,0.5397229129987399,1.0042999786613203,1.2641031412649424,0.12641031412649423
7,10.0,0.5398420833585864,1.004521727241876,1.2963773076163614,0.12963773076163615
7,10.25,0.5399641841598354,1.0047489286986524,1.3286410570586424,0.13286410570586424
7,10.5,0.540089209078875,1.0049815712648649,1.3608941439354454,0.13608941439354455
7,10.75,0.5402171516564623,1.0052196429213505,1.3931363236459364,0.13931363236459365
7,11.0,0.5403480052992256,1.0054631313993634,1.425367352665858,0.14253673526658578
7,11.25,0.5404817632811999,1.0057120241834334,1.4575869885682624,0.14575869885682624
7,11.5,0.5406184187454005,1.0059663085142914,1.4897949900439036,0.14897949900439036
7,11.75,0.5407579647054318,1.006225971391865,1.5219911169212732,0.15219911169212733
7,12.0,0.5409003940471327,1.00649099957834,1.5541751301862714,0.15541751301862713
7,12.25,0.5410456995302578,1.0067613796012875,1.5863467920015148,0.15863467920015148
7,12.5,0.5411938737901953,1.0070370977568621,1.6185058657252571,0.1618505865725257
7,12.75,0.5413449093397208,1.0073181401130644,1.650652115929939,0.1650652115929939
7,13.0,0.5414987985707863,1.0076044925130703,1.682785308420323,0.16827853084203231
7,13.25,0.5416555337563472,1.00789614057863,1.714905210251247,0.1714905210251247
7,13.5,0.5418151070522246,1.0081930697135337,1.7470115897449536,0.17470115897449537
7,13.75,0.5419775104990022,1.0084952651071426,1.779104216508005,0.1779104216508005
7,14.0,0.5421427360239628,1.0088027117379892,1.8111828614477823,0.18111828614477823
7,14.25,0.542310775443058,1.0091153943774456,1.8432472967885287,0.18432472967885288
7,14.5,0.5424816204629144,1.0094332975934548,1.8752972960869743,0.18752972960869743
7,14.75,0.542655262682878,1.0097564057543356,1.9073326342474912,0.1907332634247491
7,15.0,0.5428316935970924,1.0100847030326487,1.939353087536805,0.1939353087536805
7,15.25,0.5430109045966144,1.0104181734091346,1.9713584335982297,0.19713584335982298
7,15.5,0.5431928869715654,1.0107568006767165,2.0033484514654383,0.20033484514654382
7,15.75,0.5433776319133192,1.0111005684445702,2.0353229215757356,0.20353229215757357
7,16.0,0.5435651305167257,1.0114494601422637,2.0672816257828552,0.20672816257828552
7,16.25,0.5437553737823706,1.0118034590239604,2.0992243473692573,0.20992243473692573
7,16.5,0.5439483526188722,1.012162548172694,2.131150871057912,0.2131150871057912
7,16.75,0.544144057845213,1.012526710504706,2.16306098302356,0.216306098302356
7,17.0,0.5443424801931082,1.0128959287738541,2.194954470903486,0.2194954470903486
7,17.25,0.5445436103094108,1.0132701855760873,2.2268311238077168,0.22268311238077168
7,17.5,0.544747438758552,1.0136494633539859,2.2586907323287138,0.22586907323287136
7,17.75,0.544953956025018,1.014033744401371,2.290533088550501,0.2290533088550501
7,18.0,0.5451631525158631,1.0144230108679817,2.3223579860572423,0.23223579860572424
7,18.25,0.5453750185632597,1.0148172447642179,2.354165219941266,0.2354165219941266
7,18.5,0.5455895444270821,1.0152164279659501,2.385954586810503,0.2385954586810503
7,18.75,0.5458067202975296,1.0156205422194,2.417725884795355,0.2417725884795355
7,19.0,0.5460265362977836,1.0160295691460834,2.4494789135549766,0.24494789135549766
7,19.25,0.5462489824867013,1.0164434902478243,2.481213474282953,0.24812134742829528
7,19.5,0.5464740488615459,1.016862286911835,2.5129293697123893,0.25129293697123894
7,19.75,0.5467017253607528,1.017285940415861,2.544626404120379,0.2544626404120379
7,20.0,0.5469320018667321,1.0177144319333995,2.576304383331851,0.2576304383331851
7,20.25,0.5471648682087068,1.0181477425389782,2.6079631147228044,0.26079631147228044
7,20.5,0.5474003141655877,1.0185858532135048,2.639602407222881,0.26396024072228813
7,20.75,0.5476383294688839,1.0190287448496842,2.671222071317331,0.26712220713173307
7,21.0,0.5478789038056502,1.0194763982575012,2.702821919048292,0.27028219190482916
7,21.25,0.5481220268214703,1.0199287941697732,2.734401764015434,0.2734401764015434
7,21.5,0.5483676881234754,1.0203859132477662,2.7659614213759234,0.2765961421375923
7,21.75,0.5486158772834004,1.0208477360868817,2.7975007078437173,0.27975007078437175
7,22.0,0.5488665838406754,1.021314243222409,2.829019441688173,0.2829019441688173
7,22.25,0.5491197973055529,1.0217854151353454,2.8605174427319646,0.28605174427319646
7,22.5,0.5493755071622727,1.022261232258284,2.8919945323483054,0.28919945323483054
7,22.75,0.5496337028722609,1.0227416749813674,2.923450533457456,0.29234505334574556
7,23.0,0.5498943738773673,1.0232267236583106,2.95488527052252,0.295488527052252
7,23.25,0.5501575096031369,1.0237163586124896,2.986298569544516,0.2986298569544516
7,23.5,0.5504230994621188,1.0242105601430975,3.0176902580567164,0.30176902580567166
7,23.75,0.5506911328572112,1.0247093085313699,3.049060165118261,0.30490601651182614
7,24.0,0.5509615991850421,1.0252125840468747,3.080408121306988,0.3080408121306988
7,24.25,0.5512344878393861,1.0257203669538704,3.111733958711545,0.3111733958711545
7,24.5,0.5515097882146177,1.0262326375177313,3.143037510922725,0.3143037510922725
7,24.75,0.5517874897092016,1.0267493760114432,3.174318613024018,0.3174318613024018
7,25.0,0.5520675817292162,1.0272705627221592,3.2055771015814036,0.3205577101581404
7,25.25,0.5523500536919177,1.0277961779578315,3.2368128146323363,0.3236812814632336
7,25.5,0.5526348950293362,1.028326202053903,3.2680255916739442,0.3268025591673944
7,25.75,0.5529220951919104,1.0288606153800712,3.2992152736504283,0.3299215273650428
7,26.0,0.5532116436521576,1.0293993983471161,3.3303817029396483,0.3330381702939648
7,26.25,0.5535035299083804,1.029942531413799,3.3615247233388637,0.33615247233388634
7,26.5,0.5537977434884086,1.0304899950938244,3.3926441800496905,0.33926441800496904
7,26.75,0.5540942739533782,1.0310417699628711,3.4237399196621947,0.3423739919662195
7,27.0,0.5543931109015463,1.0315978366656926,3.45481179013813,0.345481179013813
7,27.25,0.5546942439721417,1.0321581759232812,3.485859640793356,0.3485859640793356
7,27.5,0.5549976628492526,1.0327227685401015,3.5168833222793783,0.3516883322279378
7,27.75,0.5553033572657491,1.033291595411391,3.547882686564006,0.3547882686564006
7,28.0,0.5556113170072433,1.0338646375305274,3.5788575869111665,0.35788575869111666
7,28.25,0.5559215319160847,1.0344418759964633,3.60980787785981,0.360980787785981
7,28.5,0.5562339918953921,1.0350232920212294,3.6407334152019226,0.3640733415201923
7,28.75,0.556548686913121,1.0356088669375025,3.671634055959654,0.3671634055959654
7,29.0,0.5568656070061684,1.0361985822062436,3.702509658361527,0.3702509658361527
7,29.25,0.5571847422845124,1.0367924194244011,3.733360081817729,0.37333600818177287
7,29.5,0.5575060829353891,1.037390360332682,3.7641851868944807,0.3764185186894481
7,29.75,0.5578296192275051,1.0379923868233916,3.7949848352874795,0.37949848352874793
7,30.0,0.5581553415152857,1.0385984809483382,3.8257588897943826,0.3825758889794383
7,30.25,0.5584832402431605,1.0392086249268069,3.856507214286371,0.3856507214286371
7,30.5,0.558813305949884,1.0398228011535997,3.8872296736787266,0.38872296736787265
7,30.75,0.5591455292728927,1.0404409922071438,3.9179261339004725,0.39179261339004723
7,31.0,0.5594799009526992,1.0410631808576658,3.9485964618630014,0.39485964618630015
7,31.25,0.5598164118373203,1.0416893500754347,3.979240525427781,0.39792405254277813
7,31.5,0.5601550528867445,1.0423194830390714,4.009858193373004,0.40098581933730043
7,31.75,0.5604958151774322,1.042953563143925,4.040449335359305,0.4040449335359305
7,32.0,0.5608386899068547,1.0435915740105184,4.071013821894423,0.40710138218944236
7,32.25,0.5611836683980682,1.0442334994930578,4.101551524296868,0.4101551524296868
7,32.5,0.5615307421043235,1.0448793236880127,4.132062314658583,0.41320623146585833
7,32.75,0.561879902613713,1.0455290309427612,4.162546065806554,0.4162546065806554
7,33.0,0.5622311416538539,1.046182605864305,4.193002651263381,0.4193002651263381
7,33.25,0.5625844510966054,1.0468400333280468,4.223431945206844,0.4223431945206844
7,33.5,0.5629398229628251,1.0475012984866414,4.2538338224283425,0.42538338224283423
7,33.75,0.56329724942716,1.04816638677891,4.284208158290362,0.4284208158290362
7,34.0,0.5636567228228722,1.0488352839388198,4.314554828682796,0.4314554828682796
7,34.25,0.564018235646705,1.049507976004539,4.344873709978218,0.4344873709978218
7,34.5,0.5643817805637797,1.0501844493275483,4.3751646789861045,0.43751646789861043
7,34.75,0.5647473504125334,1.0508646905818295,4.405427612905902,0.44054276129059017
7,35.0,0.5651149382096902,1.0515486867731152,4.435662389279019,0.44356623892790187
7,35.25,0.5654845371552685,1.0522364252482064,4.465868885939729,0.4465868885939729
7,35.5,0.5658561406376266,1.0529278937043614,4.496046980964934,0.4496046980964934
7,35.75,0.5662297422385423,1.0536230801987474,4.526196552622796,0.4526196552622796
7,36.0,0.5666053357383294,1.0543219731579618,4.556317479320256,0.45563174793202565
7,36.25,0.5669829151209906,1.05502456138762,4.5864096395493945,0.4586409639549395
7,36.5,0.5673624745794067,1.0557308340820104,4.616472911832655,0.4616472911832655
7,36.75,0.5677440085205606,1.0564407808338179,4.646507174666899,0.46465071746668996
7,37.0,0.5681275115707998,1.0571543916439126,4.676512306466288,0.4676512306466288
7,37.25,0.5685129785811326,1.0578716569312079,4.70648818550403,0.470648818550403
7,37.5,0.5689004046325624,1.0585925675425842,4.7364346898528975,0.47364346898528975
7,37.75,0.5692897850414568,1.0593171147628813,4.766351697324579,0.4766351697324579
7,38.0,0.5696811153649539,1.0600452903249564,4.796239085407834,0.47962390854078335
7,38.25,0.5700743914064038,1.0607770864198112,4.826096731205428,0.4826096731205428
7,38.5,0.5704696092208472,1.0615124957067854,4.855924511369876,0.4855924511369876
7,38.75,0.5708667651205294,1.0622515113238173,4.88572230203793,0.48857223020379303
7,39.0,0.5712658556804506,1.0629941268977716,4.915489978763885,0.4915489978763885
7,39.25,0.5716668777439531,1.0637403365548355,4.945227416451589,0.49452274164515886
7,39.5,0.5720698284283434,1.0644901349309805,4.974934489285268,0.49749344892852676
7,39.75,0.5724747051305518,1.0652435171824939,5.0046110706590206,0.5004611070659021
7,40.0,0.5728815055328269,1.0660004789965742,5.034257033105149,0.503425703310515
7,40.25,0.573290227608467,1.066761016601997,5.063872248221138,0.5063872248221137
7,40.5,0.573700869627588,1.067525126779846,5.093456586595369,0.509345658659537
7,40.75,0.5741134301629262,1.0682928068743125,5.12300991773159,0.512300991773159
7,41.0,0.5745279080956786,1.069064054803562,5.15253210997205,0.515253210997205
7,41.25,0.5749443026213783,1.069838869070667,5.1820230304193355,0.5182023030419336
7,41.5,0.5753626132558075,1.0706172487746097,5.211482544856942,0.5211482544856942
7,41.75,0.5757828398409446,1.0713991936213483,5.240910517668425,0.5240910517668425
7,42.0,0.576204982550949,1.0721847039349532,5.270306811755367,0.5270306811755366
7,42.25,0.5766290418981818,1.0729737806688107,5.299671288453874,0.5299671288453874
7,42.5,0.5770550187392621,1.0737664254168913,5.329003807449807,0.5329003807449807
7,42.75,0.5774829142811607,1.0745626404250894,5.358304226692653,0.5358304226692653
7,43.0,0.5779127300873279,1.075362428602626,5.387572402308015,0.5387572402308015
7,43.25,0.5783444680838592,1.076165793533521,5.416808188508751,0.5416808188508752
7,43.5,0.5787781305656972,1.0769727394881337,5.446011437504742,0.5446011437504742
7,43.75,0.5792137202028682,1.077783271434768,5.475181999411269,0.5475181999411269
7,44.0,0.5796512400467561,1.0785973950513457,5.504319722155985,0.5504319722155986
7,44.25,0.580090693536413,1.079415116737151,5.533424451384533,0.5533424451384533
7,44.5,0.5805320845049036,1.080236443624634,5.562496030364695,0.5562496030364695
7,44.75,0.5809754171856883,1.0810613835912888,5.591534299889187,0.5591534299889187
7,45.0,0.5814206962190424,1.0818899452715982,5.6205390981769785,0.5620539098176979
7,45.25,0.5818679266585081,1.0827221380690404,5.6495102607732335,0.5649510260773234
7,45.5,0.5823171139773874,1.0835579721681692,5.678447620447754,0.5678447620447754
7,45.75,0.5827682640752677,1.084397458546757,5.707351007092023,0.5707351007092023
7,46.0,0.5832213832845851,1.0852406089880087,5.73622024761478,0.5736220247614779
7,46.25,0.5836764783772229,1.0860874360928385,5.765055165836106,0.5765055165836106
7,46.5,0.5841335565711481,1.0869379532922199,5.793855582380097,0.5793855582380096
7,46.75,0.5845926255370812,1.0877921748595962,5.822621314565977,0.5822621314565977
7,47.0,0.5850536934052053,1.0886501159233648,5.851352176297803,0.5851352176297804
7,47.25,0.5855167687719082,1.0895117924794226,5.880047977952634,0.5880047977952634
7,47.5,0.5859818607065638,1.090377221403785,5.908708526267178,0.5908708526267178
7,47.75,0.5864489787583472,1.0912464204652663,5.937333624222985,0.5937333624222985
7,48.0,0.5869181329630873,1.0921194083382313,5.965923070930053,0.5965923070930053
7,48.25,0.5873893338501549,1.0929962046154136,5.994476661508977,0.5994476661508977
7,48.5,0.5878625924493872,1.0938768298207981,6.022994186971495,0.6022994186971495
7,48.75,0.5883379202980489,1.0947613054225762,6.05147543409953,0.6051475434099529
7,49.0,0.5888153294478283,1.0956496538461633,6.07992018532269,0.607992018532269
7,49.25,0.5892948324718711,1.096541898487286,6.108328218594162,0.6108328218594161
7,49.5,0.5897764424718488,1.097438063725136,6.136699307265079,0.6136699307265079
7,49.75,0.5902601730850648,1.0983381749355932,6.165033219957294,0.6165033219957294
7,50.0,0.5907460384915951,1.099242258504511,6.193329720434594,0.6193329720434594
7,50.25,0.5912340534214662,1.100150341841075,6.221588567472278,0.6221588567472278
7,50.5,0.5917242331618691,1.101062453391225,6.249809514725152,0.6249809514725152
7,50.75,0.592216593564409,1.101978622651146,6.277992310593962,0.6277992310593963
7,51.0,0.5927111510523917,1.102898880180826,6.306136698090144,0.6306136698090145
7,51.25,0.5932079226281453,1.1038232576176794,6.3342424146989735,0.6334242414698974
7,51.5,0.593706925880379,1.1047517876902417,6.362309192241109,0.6362309192241109
7,51.75,0.594208178991578,1.105684504231928,6.390336756732472,0.6390336756732472
7,52.0,0.5947117007454337,1.1066214421948601,6.4183248282424525,0.6418324828242452
7,52.25,0.5952175105343104,1.1075626376637595,6.446273120750517,0.6446273120750516
7,52.5,0.5957256283667496,1.1085081278699114,6.474181342001128,0.6474181342001127
7,52.75,0.5962360748750076,1.109457951205191,6.502049193356943,0.6502049193356944
7,53.0,0.596748871322632,1.1104121472361608,6.529876369650427,0.6529876369650427
7,53.25,0.5972640396120725,1.1113707567182327,6.557662559033687,0.6557662559033688
7,53.5,0.59778160229233,1.112333821609902,6.585407442826671,0.6585407442826672
7,53.75,0.598301582566638,1.1133013850870392,6.61311069536362,0.661311069536362
7,54.0,0.5988240043001853,1.1142734915572625,6.640771983837855,0.6640771983837854
7,54.25,0.59934889202787,1.1152501866743634,6.668390968144786,0.6668390968144786
7,54.5,0.5998762709620934,1.1162315173528112,6.695967300723239,0.6695967300723239
7,54.75,0.6004061670005876,1.1172175317823185,6.723500626395031,0.6723500626395031
7,55.0,0.6009386067342805,1.1182082794424748,6.7509905822027925,0.6750990582202793
7,55.25,0.6014736174551963,1.1192038111174487,6.778436797246046,0.6778436797246046
7,55.5,0.602011227164393,1.1202041789107566,6.805838892515517,0.6805838892515517
7,55.75,0.6025514645799349,1.1212094362600995,6.833196480725691,0.6833196480725692
7,56.0,0.6030943591449025,1.122219637952266,6.860509166145582,0.6860509166145582
7,56.25,0.6036399410354375,1.1232348401381023,6.887776544427703,0.6887776544427703
7,56.5,0.6041882411688245,1.1242551003475516,6.914998202435278,0.6914998202435279
7,56.75,0.6047392912116092,1.1252804775047582,6.942173718067622,0.6942173718067621
7,57.0,0.6052931235877513,1.1263110319432406,6.96930266008372,0.696930266008372
7,57.25,0.6058497714868163,1.1273468254211323,6.996384587924014,0.6996384587924014
7,57.5,0.6064092688721995,1.1283879211364864,7.0234190515303165,0.7023419051530316
7,57.75,0.6069716504893902,1.1294343837426524,7.0504055911639245,0.7050405591163924
7,58.0,0.60753695187427,1.1304862793637178,7.077343737221902,0.7077343737221902
7,58.25,0.6081052093614465,1.131543675610015,7.104233010051486,0.7104233010051486
7,58.5,0.6086764600926254,1.1326066415937004,7.13107291976263,0.713107291976263
7,58.75,0.6092507420250167,1.1336752479443954,7.157862966038744,0.7157862966038744
7,59.0,0.6098280939397783,1.1347495668248995,7.184602637945452,0.7184602637945452
7,59.25,0.6104085554504954,1.1358296719469667,7.211291413737591,0.721129141373759
7,59.5,0.6109921670116957,1.1369156385871513,7.237928760664227,0.7237928760664227
7,59.75,0.6115789699274015,1.138007543602722,7.264514134771828,0.7264514134771828
7,60.0,0.6121690063597173,1.13910546544764,7.2910469807054845,0.7291046980705485
7,60.25,0.6127623193374535,1.1402094841886072,7.317526731508285,0.7317526731508285
7,60.5,0.6133589527647872,1.1413196815211806,7.343952808418685,0.7343952808418684
7,60.75,0.6139589514299582,1.142436140785954,7.370324620666018,0.7370324620666018
7,61.0,0.6145623610140012,1.1435589469848078,7.396641565264039,0.7396641565264039
7,61.25,0.615169228099515,1.1446881867972247,7.422903026802516,0.7422903026802515
7,61.5,0.615779600179467,1.1458239485966735,7.449108377236877,0.7449108377236877
7,61.75,0.6163935256660339,1.1469663224670603,7.475256975675906,0.7475256975675906
7,62.0,0.6170110538994791,1.1481154002192462,7.501348168167434,0.7501348168167434
7,62.25,0.6176322351570661,1.1492712754076335,7.527381287482104,0.7527381287482104
7,62.5,0.6182571206620079,1.1504340433468192,7.553355652895119,0.755335565289512
7,62.75,0.618885762592452,1.1516038011283127,7.579270569965959,0.7579270569965959
7,63.0,0.619518214090503,1.152780647637326,7.605125330316196,0.7605125330316196
7,63.25,0.6201545292712802,1.1539646835696264,7.630919211405198,0.7630919211405198
7,63.5,0.6207947632320114,1.1551560114484598,7.656651476303875,0.7656651476303875
7,63.75,0.6214389720611632,1.1563547356415387,7.6823213734663724,0.7682321373466372
7,64.0,0.6220872128476076,1.1575609623780994,7.707928136499747,0.7707928136499748
7,64.25,0.6227395436898248,1.1587747997660265,7.7334709839315705,0.7733470983931571
7,64.5,0.623396023705141,1.1599963578090426,7.758949118975531,0.7758949118975531
7,64.75,0.6240567130390045,1.1612257484239679,7.784361729294943,0.7784361729294943
7,65.0,0.6247216728742953,1.1624630854580449,7.809707986764192,0.7809707986764192
7,65.25,0.6253909654406736,1.163708484706332,7.834987047228108,0.7834987047228108
7,65.5,0.6260646540239625,1.1649620639291636,7.860198050259262,0.7860198050259262
7,65.75,0.6267428029755676,1.1662239428696781,7.8853401189131835,0.7885340118913183
7,66.0,0.6274254777219324,1.1674942432714108,7.910412359481452,0.7910412359481451
7,66.25,0.6281127447740306,1.168773088895959,7.935413861242698,0.7935413861242698
7,66.5,0.6288046717368939,1.1700606055407092,7.960343696211481,0.7960343696211482
7,66.75,0.6295013273191759,1.1713569210566332,7.985200918885063,0.7985200918885063
7,67.0,0.6302027813427528,1.172662165366155,8.00998456598803,0.8009984565988031
7,67.25,0.6309091047523596,1.1739764704810796,8.034693656214824,0.8034693656214824
7,67.5,0.6316203696252628,1.1752999705205913,8.059327189969999,0.8059327189969998
7,67.75,0.6323366491809692,1.1766328017293215,8.08388414910651,0.8083884149106509
7,68.0,0.6330580177909704,1.1779751024954792,8.108363496661688,0.8108363496661688
7,68.25,0.6337845509885249,1.1793270133690548,8.13276417659111,0.813276417659111
7,68.5,0.6345163254784744,1.1806886770800835,8.15708511350028,0.815708511350028
7,68.75,0.6352534191470975,1.182060238556984,8.181325212374102,0.8181325212374102
7,69.0,0.6359959110719998,1.183441844944959,8.205483358304239,0.8205483358304239
7,69.25,0.6367438815320383,1.184833645624464,8.229558416214132,0.8229558416214132
7,69.5,0.6374974120172853,1.186235792229746,8.253549230581903,0.8253549230581904
7,69.75,0.6382565852390244,1.1876484386674462,8.277454625161068,0.8277454625161068
7,70.0,0.639021485139786,1.1890717411352714,8.301273402698916,0.8301273402698917
7,70.25,0.6397921969034173,1.1905058581407333,8.325004344652747,0.8325004344652747
7,70.5,0.6405688069651887,1.191950950519954,8.348646210903803,0.8348646210903803
7,70.75,0.6413514030219367,1.1934071814565388,8.372197739468996,0.8372197739468996
7,71.0,0.6421400740422428,1.194874716500518,8.39565764621037,0.839565764621037
7,71.25,0.6429349102766484,1.1963537235873538,8.419024624542239,0.8419024624542238
7,71.5,0.6437360032679056,1.1978443730570145,8.442297345136147,0.8442297345136147
7,71.75,0.6445434458612652,1.199346837673119,8.465474455623458,0.8465474455623457
7,72.0,0.6453573322147996,1.2008612926421434,8.488554580295656,0.8488554580295655
7,72.25,0.646177757809763,1.2023879156327018,8.511536319802488,0.8511536319802488
7,72.5,0.6470048194609871,1.2039268867948874,8.534418250847558,0.8534418250847559
7,72.75,0.647838615327312,1.2054783887796845,8.557198925881835,0.8557198925881835
7,73.0,0.6486792449220562,1.2070426067584488,8.579876872794653,0.8579876872794653
7,73.25,0.6495268091235192,1.2086197284424514,8.602450594602555,0.8602450594602555
7,73.5,0.6503814101855229,1.2102099441024936,8.624918569135652,0.8624918569135651
7,73.75,0.6512431517479882,1.211813446588588,8.647279248721706,0.8647279248721705
7,74.0,0.6521121388475468,1.213430431349703,8.669531059867815,0.8669531059867814
7,74.25,0.6529884779281917,1.2150610964535835,8.691672402939835,0.8691672402939835
7,74.5,0.6538722768519607,1.216705642606628,8.713701651839251,0.8713701651839252
7,74.75,0.6547636449096583,1.2183642731738413,8.735617153677874,0.8735617153677874
7,75.0,0.6556626928316138,1.2200371941988517,8.75741722844997,0.8757417228449971
7,75.25,0.6565695327984735,1.2217246144239933,8.779100168702133,0.8779100168702133
7,75.5,0.6574842784520314,1.2234267453104597,8.800664239200657,0.8800664239200657
7,75.75,0.6584070449060949,1.2251438010585218,8.822107676596538,0.8822107676596538
7,76.0,0.6593379487573866,1.2268759986278146,8.84342868908806,0.8843428689088061
7,76.25,0.6602771080964823,1.2286235577576892,8.864625456080951,0.8864625456080951
7,76.5,0.6612246425187864,1.230386700987636,8.885696127846074,0.8885696127846074
7,76.75,0.6621806731355409,1.2321656536777699,8.906638825174714,0.8906638825174713
7,77.0,0.6631453225848732,1.2339606440293882,8.92745163903137,0.892745163903137
7,77.25,0.6641187150428789,1.2357719031055923,8.948132630204146,0.8948132630204146
7,77.5,0.66510097623474,1.237599664851976,8.968679828952627,0.8968679828952627
7,77.75,0.6660922334458804,1.2394441661173847,8.989091234653266,0.8989091234653266
7,78.0,0.6670926155331581,1.2413056466747396,9.009364815442346,0.9009364815442347
7,78.25,0.6681022529360913,1.2431843492419286,9.029498507856388,0.9029498507856388
7,78.5,0.6691212776881226,1.2450805195027654,9.049490216470119,0.9049490216470119
7,78.75,0.6701498234279192,1.2469944061280165,9.069337813531837,0.9069337813531837
7,79.0,0.6711880254107082,1.2489262607964946,9.089039138596405,0.9089039138596405
7,79.25,0.6722360205196493,1.250876338216219,9.108591998155585,0.9108591998155585
7,79.5,0.673293947277242,1.252844896145643,9.127994165265854,0.9127994165265854
7,79.75,0.674361945856772,1.2548321954149533,9.147243379173828,0.9147243379173828
7,80.0,0.6754401580937893,1.2568384999474262,9.16633734493891,0.916633734493891
7,80.25,0.6765287274976269,1.2588640767808634,9.185273733053563,0.9185273733053563
7,80.5,0.6776277992629532,1.260909196089087,9.204050179060928,0.9204050179060929
7,80.75,0.6787375202813601,1.2629741312035032,9.222664283169909,0.9222664283169909
7,81.0,0.6798580391529896,1.2650591586347357,9.24111360986764,0.9241113609867639
7,81.25,0.6809895061981945,1.2671645580943245,9.259395687529413,0.9259395687529413
7,81.5,0.6821320734692358,1.2692906125164916,9.277508008025947,0.9277508008025948
7,81.75,0.6832858947620167,1.2714376080799754,9.295448026328124,0.9295448026328124
7,82.0,0.6844511256278527,1.2736058342299321,9.31321316010903,0.931321316010903
7,82.25,0.6856279233852766,1.2757955836999018,9.330800789343476,0.9330800789343476
7,82.5,0.6868164471318822,1.2780071525338474,9.34820825590478,0.934820825590478
7,82.75,0.688016857756201,1.280240840108255,9.365432863158983,0.9365432863158982
7,83.0,0.6892293179496182,1.2824969491543043,9.382471875556423,0.9382471875556423
7,83.25,0.6904539922183222,1.284775785780107,9.399322518220606,0.9399322518220605
7,83.5,0.691691046895292,1.287077659493011,9.415981976534454,0.9415981976534453
7,83.75,0.6929406501523203,1.289402883221972,9.432447395723873,0.9432447395723873
7,84.0,0.6942029720120719,1.291751773339993,9.448715880438675,0.9448715880438675
7,84.25,0.6954781843601802,1.2941246496866319,9.464784494330715,0.9464784494330715
7,84.5,0.696766460957377,1.2965218355905732,9.480650259629492,0.9480650259629492
7,84.75,0.6980679774516619,1.298943657892271,9.496310156714866,0.9496310156714867
7,85.0,0.6993829113905046,1.3013904469666562,9.511761123687279,0.9511761123687279
9,0.0,0.5374120526400513,1.0,0.0,0.0
9,0.25,0.5374135823423093,1.0000028464234296,0.03248018917154798,0.0032480189171547975
9,0.5,0.5374181713660723,1.000011385539254,0.06496011063064414,0.006496011063064413
9,0.75,0.5374258194623253,1.000025616884114,0.0974394966928318,0.009743949669283181
9,1.0,0.5374365262161032,1.000045539685855,0.12991807972963654,0.012991807972963653
9,1.25,0.5374502910465815,1.000071152863696,0.16239559219653737,0.016239559219653737
9,1.5,0.537467113207203,1.0001024550284667,0.1948717666609131,0.01948717666609131
9,1.75,0.5374869917858395,1.0001394444829066,0.22734633582995797,0.022734633582995798
9,2.0,0.5375099257049907,1.0001821192220357,0.2598190325785559,0.025981903257855588
9,2.25,0.5375359137220183,1.0002304769335904,0.2922895899771072,0.02922895899771072
9,2.5,0.5375649544294154,1.0002845149985249,0.3247577413192999,0.032475774131929994
9,2.75,0.5375970462551133,1.0003442304915813,0.3572232201498163,0.03572232201498163
9,3.0,0.5376321874628214,1.000409620181923,0.38968576029196744,0.03896857602919675
9,3.25,0.5376703761524032,1.000480680533834,0.4221450958752514,0.04221450958752514
9,3.5,0.5377116102602888,1.0005574077074861,0.4546009613628183,0.04546009613628183
9,3.75,0.5377558875599203,1.000639797559768,0.4870530915788478,0.04870530915788478
9,4.0,0.5378032056622332,1.000727845645181,0.5195012217358186,0.05195012217358186
9,4.25,0.5378535620161705,1.0008215472167963,0.5519450874616674,0.055194508746166736
9,4.5,0.5379069539092344,1.00092089722728,0.5843844248268388,0.058438442482683886
9,4.75,0.5379633784680674,1.0010258903299762,0.616818970371199,0.061681897037119904
9,5.0,0.5380228326590714,1.0011365208800576,0.649248461130824,0.0649248461130824
9,5.25,0.5380853132890561,1.0012527829357332,0.6816726346646489,0.06816726346646489
9,5.5,0.5381508170059242,1.0013746702595219,0.714091229080967,0.0714091229080967
9,5.75,0.538219340299386,1.0015021763195835,0.7465039830637807,0.07465039830637807
9,6.0,0.5382908795017081,1.0016352942911113,0.7789106358989848,0.07789106358989847
9,6.25,0.5383654307884936,1.0017740170577842,0.8113109275003918,0.08113109275003919
9,6.5,0.5384429901794948,1.001918337213278,0.8437045984355761,0.08437045984355761
9,6.75,0.5385235535394537,1.0020682470628304,0.876091389951543,0.0876091389951543
9,7.0,0.5386071165789774,1.0022237386248696,0.9084710440002058,0.09084710440002058
9,7.25,0.5386936748554411,1.0023848036326943,0.9408433032636783,0.09408433032636783
9,7.5,0.5387832237739215,1.0025514335362118,0.9732079111793603,0.09732079111793604
9,7.75,0.5388757585881595,1.0027236195037266,1.0055646119648243,0.10055646119648243
9,8.0,0.5389712744015518,1.0029013524237886,1.0379131506424875,0.10379131506424874
9,8.25,0.5390697661681708,1.0030846229070896,1.0702532730640684,0.10702532730640683
9,8.5,0.5391712286938114,1.00327342128841,1.102584725934829,0.1102584725934829
9,8.75,0.5392756566370666,1.0034677376286227,1.1349072568375749,0.11349072568375748
9,9.0,0.5393830445104274,1.0036675617167377,1.1672206142564394,0.11672206142564394
9,9.25,0.5394933866814112,1.0038728830720027,1.1995245476004226,0.11995245476004227
9,9.5,0.5396066773737143,1.0040836909460473,1.2318188072266878,0.12318188072266878
9,9.75,0.5397229106683882,1.0042999743250727,1.2641031444636166,0.12641031444636167
9,10.0,0.5398420805050426,1.0045217219320886,1.2963773116336084,0.12963773116336083
9,10.25,0.5399641806830693,1.0047489222291919,1.3286410620756324,0.13286410620756323
9,10.5,0.5400892048628911,1.0049815634198902,1.3608941501675131,0.13608941501675131
9,10.75,0.5402171465672302,1.005219633451462,1.3931363313479563,0.13931363313479564
9,11.0,0.540347999182401,1.0054631200173623,1.4253673621383147,0.14253673621383148
9,11.25,0.5404817559596213,1.0057120105596629,1.4575870001640747,0.14575870001640748
9,11.5,0.5406184100163447,1.00596629227153,1.489795004176079,0.1489795004176079
9,11.75,0.5407579543376111,1.0062259520997396,1.5219911340714767,0.15219911340714767
9,12.0,0.5409003817774166,1.0064909767472254,1.5541751509143804,0.15541751509143803
9,12.25,0.5410456850601004,1.006761352675659,1.5863468169562682,0.15863468169562683
9,12.5,0.5411938567817488,1.0070370661080623,1.6185058956560758,0.16185058956560758
9,12.75,0.5413448894116148,1.007318103031451,1.6506521517000383,0.16506521517000383
9,13.0,0.5414987752935527,1.007604449199502,1.6827853510212103,0.16827853510212104
9,13.25,0.5416555066474674,1.007896090135251,1.7149052608187345,0.17149052608187346
9,13.5,0.541815075570777,1.0081930111338138,1.7470116495767976,0.17470116495767976
9,13.75,0.5419774740398865,1.008495197265129,1.779104287083309,0.1779104287083309
9,14.0,0.5421426939116755,1.008802633376726,1.8111829444482985,0.18111829444482985
9,14.25,0.5423107269249943,1.0091153040965086,1.843247394122009,0.1843247394122009
9,14.5,0.5424815647021699,1.0094331938355579,1.8752974099127173,0.18752974099127173
9,14.75,0.5426551987505221,1.0097562867909526,1.9073327670042548,0.19073327670042547
9,15.0,0.5428316204638854,1.0100845669486018,1.939353241973254,0.1939353241973254
9,15.25,0.5430108211241387,1.010418018086091,1.9713586128060951,0.1971358612806095
9,15.5,0.5431927919027395,1.0107566237755372,2.0033486589155896,0.20033486589155897
9,15.75,0.5433775238622646,1.0111003673864547,2.035323161157355,0.2035323161157355
9,16.0,0.5435650079579522,1.011449232088626,2.067281901845927,0.2067281901845927
9,16.25,0.543755235039247,1.0118032008549764,2.0992246647706025,0.20992246647706025
9,16.5,0.5439481958513482,1.012162256464454,2.1311512352109787,0.21311512352109788
9,16.75,0.5441438810367552,1.012526381504906,2.1630613999522454,0.21630613999522455
9,17.0,0.5443422811368132,1.0128955583759556,2.19495494730021,0.219495494730021
9,17.25,0.5445433865932588,1.013269769291877,2.226831667096037,0.2226831667096037
9,17.5,0.5447471877497594,1.01364899628446,2.258691350730752,0.22586913507307518
9,17.75,0.5449536748534489,1.0140332212058683,2.290533791159472,0.2290533791159472
9,18.0,0.5451628380564598,1.0144224257314896,2.3223587829153933,0.23223587829153933
9,18.25,0.5453746674174457,1.0148165913627687,2.354166122123547,0.23541661221235471
9,18.5,0.545589152903097,1.0152156994300283,2.385955606514284,0.23859556065142842
9,18.75,0.5458062843896478,1.0156197310952735,2.4177270354365605,0.24177270354365604
9,19.0,0.546026051664371,1.0160286673549712,2.4494802098709796,0.24494802098709795
9,19.25,0.5462484444270622,1.0164424890428152,2.4812149324426107,0.24812149324426108
9,19.5,0.54647345229151,1.0168611768324591,2.5129310074336093,0.2512931007433609
9,19.75,0.5467010647869521,1.0172847112402268,2.5446282407956273,0.2544628240795627
9,20.0,0.5469312713595156,1.0177130726277925,2.5763064401620257,0.25763064401620256
9,20.25,0.5471640613736394,1.0181462412048279,2.6079654148598994,0.26079654148598996
9,20.5,0.5473994241134785,1.0185841970316147,2.6396049759219222,0.2639604975921922
9,20.75,0.5476373487842882,1.01902692002162,2.6712249360980387,0.2671224936098039
9,21.0,0.5478778245137865,1.0194743899440324,2.7028251098669758,0.2702825109866976
9,21.25,0.5481208403534952,1.0199265864262563,2.7344053134476214,0.27344053134476215
9,21.5,0.5483663852800534,1.0203834889563579,2.7659653648102562,0.2765965364810256
9,21.75,0.5486144481965092,1.0208450768854658,2.797505083687664,0.2797505083687664
9,22.0,0.5488650179335807,1.0213113294301204,2.829024291586133,0.2829024291586133
9,22.25,0.5491180832508905,1.0217822256745694,2.860522811796346,0.2860522811796346
9,22.5,0.5493736328381694,1.0222577445730079,2.8920004694041905,0.28920004694041906
9,22.75,0.549631655316427,1.0227378649517564,2.9234570913014783,0.29234570913014785
9,23.0,0.549892139239091,1.0232225655113816,2.954892506196627,0.2954892506196627
9,23.25,0.5501550730931095,1.023711824828747,2.986306544625262,0.29863065446252623
9,23.5,0.5504204453000187,1.0242056213589987,3.0176990389608225,0.30176990389608227
9,23.75,0.5506882442169707,1.0247039334374801,3.049069823425122,0.30490698234251223
9,24.0,0.5509584581377234,1.0252067392815718,3.080418734098907,0.3080418734098907
9,24.25,0.5512310752935864,1.0257140169924526,3.111745608932451,0.31117456089324513
9,24.5,0.5515060838543264,1.0262257445567844,3.1430502877561626,0.3143050287756163
9,24.75,0.5517834719290274,1.0267418998483122,3.174332612291233,0.3174332612291233
9,25.0,0.552063227566902,1.0272624606293743,3.2055924261603916,0.3205592426160392
9,25.25,0.5523453387580584,1.0277874045523296,3.2368295748986835,0.32368295748986836
9,25.5,0.5526297934342143,1.0283167091608858,3.2680439059644097,0.32680439059644095
9,25.75,0.5529165794693612,1.0288503518913346,3.2992352687501447,0.3299235268750145
9,26.0,0.5532056846803739,1.0293883100736874,3.3304035145939412,0.33304035145939415
9,26.25,0.5534970968275661,1.029930560932708,3.361548496790644,0.3361548496790644
9,26.5,0.5537908036151878,1.0304770815888395,3.392670070603444,0.3392670070603444
9,26.75,0.5540867926918651,1.0310278490590203,3.4237680932756094,0.3423768093275609
9,27.0,0.5543850516509784,1.0315828402573906,3.4548424240424334,0.34548424240424336
9,27.25,0.5546855680309786,1.0321420319958785,3.4858929241434677,0.3485892924143468
9,27.5,0.5549883293156389,1.0327054009846703,3.5169194568350166,0.35169194568350165
9,27.75,0.5552933229342405,1.0332729238325544,3.5479218874029055,0.35479218874029056
9,28.0,0.5556005362616897,1.033844577047141,3.578900083175621,0.3578900083175621
9,28.25,0.5559099566185656,1.034420337034949,3.6098539135377687,0.3609853913537769
9,28.5,0.5562215712710952,1.0350001801013609,3.6407832499438975,0.36407832499438975
9,28.75,0.5565353674310546,1.035584082450439,3.6716879659327555,0.36716879659327556
9,29.0,0.5568513322555954,1.0361720201846014,3.702567937141966,0.3702567937141966
9,29.25,0.5571694528469908,1.0367639693041508,3.733423041323137,0.37334230413231373
9,29.5,0.5574897162523044,1.0373599057066565,3.764253158357488,0.3764253158357488
9,29.75,0.5578121094629755,1.0379598051861851,3.7950581702719735,0.3795058170271973
9,30.0,0.5581366194143204,1.0385636434323702,3.8258379612559423,0.38258379612559423
9,30.25,0.5584632329849485,1.0391713960293274,3.8565924176784034,0.38565924176784033
9,30.5,0.5587919369960891,1.0397830384544011,3.887321428105855,0.3887321428105855
9,30.75,0.5591227182108292,1.0403985460767462,3.9180248833207942,0.3918024883320794
9,31.0,0.559455563333258,1.0410178941557364,3.948702676340842,0.39487026763408417
9,31.25,0.559790459007517,1.0416410578391966,3.9793547024386378,0.3979354702438638
9,31.5,0.5601273918167542,1.0422680121614563,4.0099808591624,0.40099808591624003
9,31.75,0.5604663482819784,1.042898732041219,4.040581046357321,0.4040581046357321
9,32.0,0.5608073148608134,1.043533192279243,4.071155166187728,0.40711551661877277
9,32.25,0.5611502779461487,1.044171367555831,4.101703123160069,0.4101703123160069
9,32.5,0.5614952238646842,1.0448132324281223,4.1322248241468404,0.41322248241468407
9,32.75,0.561842138875368,1.045458761327185,4.1627201784113765,0.41627201784113765
9,33.0,0.5621910091677251,1.0461079285549078,4.193189097633589,0.41931890976335884
9,33.25,0.5625418208600703,1.0467607082806727,4.223631495936749,0.4223631495936749
9,33.5,0.562894559997612,1.0474170745378284,4.254047289915224,0.42540472899152243
9,33.75,0.5632492125504347,1.0480770012199347,4.2844363986633756,0.42844363986633754
9,34.0,0.5636057644113638,1.0487404620767904,4.3147987438054685,0.43147987438054686
9,34.25,0.5639642013937112,1.0494074307102375,4.345134249526819,0.43451342495268186
9,34.5,0.5643245092288922,1.050077880569728,4.375442842606093,0.4375442842606093
9,34.75,0.5646866735639213,1.0507517849476629,4.405724452448867,0.4405724452448867
9,35.0,0.5650506799587764,1.0514291169744885,4.435979011122413,0.4435979011122413
9,35.25,0.5654165138836323,1.0521098496135477,4.46620645339191,0.44662064533919105
9,35.5,0.5657841607159619,1.0527939556556871,4.49640671675793,0.44964067167579297
9,35.75,0.5661536057375006,1.0534814077136074,4.526579741495402,0.4526579741495402
9,36.0,0.5665248341310721,1.0541721782159583,4.5567254706940155,0.4556725470694015
9,36.25,0.5668978309772743,1.0548662394011696,4.586843850300141,0.45868438503001413
9,36.5,0.5672725812510215,1.0555635633110192,4.616934829160322,0.46169348291603224
9,36.75,0.5676490698179398,1.0562641217839241,4.6469983590663535,0.46469983590663533
9,37.0,0.5680272814306158,1.0569678864479617,4.67703439480203,0.467703439480203
9,37.25,0.5684072007246926,1.057674828713604,4.707042894191645,0.4707042894191645
9,37.5,0.568788812214814,1.058384919766171,4.737023818150167,0.47370238181501667
9,37.75,0.5691721002904108,1.0590981305579905,4.766977130735317,0.47669771307353165
9,38.0,0.5695570492113297,1.0598144318002642,4.796902799201465,0.4796902799201465
9,38.25,0.5699436431033003,1.0605337939546324,4.82680079405546,0.482680079405546
9,38.5,0.5703318659532385,1.0612561872244355,4.85667108911443,0.485667108911443
9,38.75,0.5707217016043825,1.0619815815456626,4.886513661565642,0.48865136615656424
9,39.0,0.5711131337512604,1.062709946577587,4.916328492028416,0.4916328492028416
9,39.25,0.5715061459344845,1.0634412516930816,4.946115564618218,0.49461155646182176
9,39.5,0.5719007215353729,1.0641754659686082,4.975874867012935,0.49758748670129355
9,39.75,0.5722968437703914,1.0649125581738772,5.005606390521407,0.5005606390521408
9,40.0,0.5726944956854165,1.065652496761171,5.035310130154334,0.5035310130154335
9,40.25,0.5730936601498153,1.066395249854329,5.064986084697521,0.5064986084697521
9,40.5,0.5734943198503392,1.0671407852373849,5.094634256787563,0.5094634256787562
9,40.75,0.5738964572848293,1.0678890703428539,5.124254652990091,0.5124254652990091
9,41.0,0.5743000547557309,1.0686400722396645,5.153847283880538,0.5153847283880537
9,41.25,0.5747050943634121,1.0693937576207264,5.183412164127581,0.5183412164127581
9,41.5,0.5751115579992883,1.0701500927901357,5.212949312579282,0.5212949312579281
9,41.75,0.5755194273387433,1.0709090436500046,5.242458752351949,0.5242458752351948
9,42.0,0.5759286838338503,1.0716705756869147,5.271940510921933,0.5271940510921933
9,42.25,0.5763393087058858,1.0724346539579885,5.301394620220222,0.5301394620220222
9,42.5,0.5767512829376349,1.0732012430765714,5.330821116730084,0.5330821116730083
9,42.75,0.5771645872654861,1.0739703071975208,5.3602200415877235,0.5360220041587723
9,43.0,0.5775792021713099,1.074741810002095,5.389591440686056,0.5389591440686056
9,43.25,0.5779951078741206,1.0755157146824377,5.418935364781676,0.5418935364781676
9,43.5,0.5784122843215188,1.076291983925654,5.44825186960508,0.5448251869605081
9,43.75,0.5788307111809083,1.0770705798974674,5.477541015974232,0.5477541015974232
9,44.0,0.5792503678304873,1.0778514642254564,5.506802869911511,0.5506802869911511
9,44.25,0.5796712333500113,1.0786345979818661,5.536037502764184,0.5536037502764184
9,44.5,0.58009328651132,1.0794199416659822,5.565244991328386,0.5565244991328386
9,44.75,0.5805165057686322,1.08020745518607,5.594425417976812,0.5594425417976812
9,45.0,0.5809408692486006,1.0809970978408705,5.623578870790025,0.5623578870790025
9,45.25,0.581366354740122,1.0817888283006383,5.652705443691684,0.5652705443691685
9,45.5,0.5817929396839071,1.0825826045877338,5.6818052365875165,0.5681805236587516
9,45.75,0.5822206011617981,1.0833783840567466,5.710878355508364,0.5710878355508364
9,46.0,0.5826493158858368,1.0841761233741525,5.739924912757202,0.5739924912757202
9,46.25,0.5830790601870774,1.084975778497497,5.76894502706028,0.5768945027060279
9,46.5,0.5835098100041426,1.0857773046541006,5.797938823722543,0.5797938823722543
9,46.75,0.5839415408715167,1.0865806563192768,5.82690643478724,0.582690643478724
9,47.0,0.5843742279075764,1.0873857871940573,5.855847999200019,0.5855847999200019
9,47.25,0.5848078458023521,1.0881926501824208,5.884763662977413,0.5884763662977412
9,47.5,0.5852423688050212,1.0890011973680198,5.913653579379924,0.5913653579379924
9,47.75,0.5856777707111241,1.0898113799903932,5.942517909089741,0.5942517909089741
9,48.0,0.586114024849505,1.0906231484206652,5.97135682039319,0.597135682039319
9,48.25,0.5865511040689715,1.091436452136723,6.000170489368052,0.6000170489368052
9,48.5,0.5869889807246688,1.092251239697862,6.028959100075735,0.6028959100075735
9,48.75,0.5874276266641689,1.0930674587189007,6.057722844758519,0.605772284475852
9,49.0,0.5878670132132671,1.0938850558437503,6.086461924041917,0.6086461924041917
9,49.25,0.5883071111614844,1.094703976718441,6.11517654714218,0.611517654714218
9,49.5,0.5887478907472736,1.0955241659635908,6.143866932079178,0.6143866932079178
9,49.75,0.5891893216429229,1.096345567146316,6.1725333058946426,0.6172533305894643
9,50.0,0.5896313729391556,1.0971681227515748,6.201175904875933,0.6201175904875933
9,50.25,0.5900740131294212,1.0979917741529364,6.229794974785399,0.6229794974785399
9,50.5,0.5905172100938773,1.0988164615827751,6.258390771095412,0.6258390771095412
9,50.75,0.5909609310830527,1.0996421241018712,6.286963559229286,0.6286963559229286
9,51.0,0.5914051427011958,1.100468699568426,6.3155136148080295,0.6315513614808029
9,51.25,0.5918498108892983,1.101296124606473,6.344041223903146,0.6344041223903145
9,51.5,0.5922949009077951,1.1021243345736857,6.372546683295549,0.6372546683295549
9,51.75,0.5927403773189337,1.1029532635285726,6.401030300740741,0.6401030300740741
9,52.0,0.5931862039688119,1.1037828441970525,6.429492395240251,0.642949239524025
9,52.25,0.5936323439690782,1.1046130079384024,6.457933297319586,0.6457933297319587
9,52.5,0.5940787596782936,1.1054436847105784,6.486353349312749,0.6486353349312749
9,52.75,0.5945254126829479,1.1062748030348886,6.514752905653336,0.6514752905653336
9,53.0,0.5949722637781303,1.1071062899600277,6.543132333172524,0.6543132333172524
9,53.25,0.5954192729478485,1.1079380710254545,6.571492011403876,0.6571492011403877
9,53.5,0.5958663993449936,1.1087700702241114,6.599832332895202,0.6599832332895202
9,53.75,0.5963136012709446,1.109602209964473,6.628153703527495,0.6628153703527495
9,54.0,0.5967608361548143,1.110434411031927,6.656456542841206,0.6656456542841206
9,54.25,0.5972080605323261,1.1112665925494698,6.684741284369762,0.6684741284369762
9,54.5,0.5976552300243233,1.1120986719377166,6.7130083759806505,0.671300837598065
9,54.75,0.5981022993149039,1.1129305648742154,6.7412582802240895,0.674125828022409
9,55.0,0.5985492221291785,1.1137621852520596,6.76949147468941,0.676949147468941
9,55.25,0.5989959512106475,1.1145934451377926,6.7977084523692985,0.6797708452369299
9,55.5,0.5994424382981929,1.1154242547285935,6.825909722032012,0.6825909722032012
9,55.75,0.5998886341026819,1.1162545223087437,6.854095808601686,0.6854095808601686
9,56.0,0.6003344882831777,1.1170841542053591,6.882267253546899,0.6882267253546899
9,56.25,0.600779949422754,1.1179130547433878,6.91042461527754,0.691042461527754
9,56.5,0.6012249650039087,1.1187411261998585,6.938568469550221,0.6938568469550221
9,56.75,0.6016694813835736,1.1195682687573825,6.9666994098822705,0.6966699409882271
9,57.0,0.602113443767716,1.1203943804568903,6.994818047974459,0.6994818047974458
9,57.25,0.6025567961855289,1.1212193571496067,7.022925014142674,0.7022925014142674
9,57.5,0.602999481463202,1.1220430924482447,7.051020957758535,0.7051020957758535
9,57.75,0.6034414411972765,1.1228654776774247,7.079106547699201,0.7079106547699201
9,58.0,0.6038826157275736,1.1236864018233008,7.107182472806459,0.7107182472806459
9,58.25,0.6043229441096941,1.124505751482389,7.135249442355256,0.7135249442355256
9,58.5,0.6047623640870883,1.1253234108095953,7.16330818653176,0.7163308186531759
9,58.75,0.6052008120626862,1.1261392614654262,7.191359456921191,0.7191359456921191
9,59.0,0.6056382230700909,1.1269531825623869,7.219404027005406,0.7219404027005406
9,59.25,0.6060745307443245,1.1277650506105452,7.2474426926705995,0.7247442692670599
9,59.5,0.6065096672921273,1.1285747394622656,7.275476272725047,0.7275476272725048
9,59.75,0.6069435634618034,1.129382120256099,7.303505609427182,0.7303505609427182
9,60.0,0.6073761485126097,1.1301870613598222,7.331531569024078,0.7331531569024078
9,60.25,0.6078073501836833,1.13098942831262,7.359555042300552,0.7359555042300552
9,60.5,0.6082370946625044,1.1317890837664009,7.387576945138944,0.7387576945138944
9,60.75,0.6086653065528896,1.1325858874262398,7.41559821908983,0.741559821908983
9,61.0,0.6090919088425113,1.1333796959899405,7.443619831953754,0.7443619831953754
9,61.25,0.6095168228699388,1.1341703630867057,7.471642778374138,0.7471642778374138
9,61.5,0.609939968291198,1.1349577392149122,7.499668080441541,0.7499668080441542
9,61.75,0.6103612630458444,1.135741671678981,7.527696788309458,0.7527696788309458
9,62.0,0.6107806233225445,1.1365220045253321,7.555729980821701,0.75557299808217
9,62.25,0.6111979635241641,1.1372985784774226,7.583768766151683,0.7583768766151683
9,62.5,0.6116131962323552,1.1380712308698488,7.611814282453651,0.7611814282453652
9,62.75,0.6120262321716399,1.1388397955815177,7.639867698526021,0.763986769852602
9,63.0,0.6124369801729869,1.139604102967869,7.667930214487103,0.7667930214487103
9,63.25,0.6128453471368744,1.1403639797921445,7.69600306246323,0.769600306246323
9,63.5,0.613251237995837,1.1411192491556965,7.724087507289548,0.7724087507289548
9,63.75,0.6136545556764905,1.1418697304273244,7.752184847223617,0.7752184847223618
9,64.0,0.6140552010610321,1.142615239171636,7.780296414672005,0.7780296414672006
9,64.25,0.6144530729482095,1.1433555870764194,7.808423576929958,0.7808423576929958
9,64.5,0.6148480680137555,1.1440905818790212,7.836567736934475,0.7836567736934474
9,64.75,0.6152400807702838,1.144820027291722,7.864730334030849,0.7864730334030849
9,65.0,0.6156290035266411,1.145543722926099,7.892912844752823,0.7892912844752823
9,65.25,0.616014726346711,1.1462614642163715,7.921116783616658,0.7921116783616658
9,65.5,0.6163971370076646,1.1469730423417133,7.949343703929173,0.7949343703929174
9,65.75,0.6167761209576559,1.1476782441475333,7.977595198610031,0.797759519861003
9,66.0,0.6171515612729519,1.1483768520657065,8.005872901028365,0.8005872901028365
9,66.25,0.6175233386145003,1.149068644033754,8.034178485853973,0.8034178485853973
9,66.5,0.6178913311839228,1.1497533934129591,8.062513669923266,0.8062513669923266
9,66.75,0.6182554146789351,1.1504308689054117,8.090880213120176,0.8090880213120176
9,67.0,0.6186154622481854,1.1511008344699754,8.11927991927212,0.811927991927212
9,67.25,0.6189713444455083,1.151763049237163,8.147714637061359,0.8147714637061358
9,67.5,0.6193229291835889,1.1524172674229172,8.176186260951685,0.8176186260951684
9,67.75,0.6196700816870331,1.1530632382412842,8.204696732131065,0.8204696732131065
9,68.0,0.6200126644448377,1.1537007058159723,8.233248039469863,0.8233248039469864
9,68.25,0.6203505371622594,1.1543294090907907,8.26184222049536,0.826184222049536
9,68.5,0.6206835567120709,1.1549490817389487,8.290481362382423,0.8290481362382423
9,68.75,0.6210115770852085,1.1555594520712222,8.319167602960668,0.8319167602960669
9,69.0,0.6213344493407981,1.156160242942963,8.347903131738356,0.8347903131738356
9,69.25,0.6216520215555598,1.1567511716599532,8.376690190943009,0.8376690190943009
9,69.5,0.6219641387725858,1.1573319498830927,8.405531076579173,0.8405531076579174
9,69.75,0.6222706429494829,1.1579022835319033,8.434428139503547,0.8434428139503547
9,70.0,0.6225713729058805,1.158461872686855,8.463383786517332,0.8463383786517331
9,70.25,0.6228661642702952,1.1590104114904909,8.492400481476547,0.8492400481476547
9,70.5,0.6231548494263477,1.1595475880473514,8.521480746420002,0.8521480746420002
9,70.75,0.623437257458329,1.160073084322684,8.550627162715484,0.8550627162715484
9,71.0,0.6237132140961084,1.160586576039931,8.579842372224245,0.8579842372224246
9,71.25,0.6239825416593805,1.161087732576985,8.60912907848395,0.8609129078483949
9,71.5,0.6242450590012442,1.1615762168612025,8.638490047910423,0.8638490047910423
9,71.75,0.6245005814511114,1.1620516852631706,8.66792811101828,0.866792811101828
9,72.0,0.6247489207569376,1.1625137874892115,8.697446163660743,0.8697446163660743
9,72.25,0.6249898850267711,1.1629621664726189,8.727047168288937,0.8727047168288937
9,72.5,0.625223278669616,1.1633964582636167,8.756734155230582,0.8756734155230582
9,72.75,0.6254489023356012,1.1638162919180293,8.786510223988731,0.8786510223988732
9,73.0,0.6256665528554551,1.164221289384656,8.816378544560362,0.8816378544560362
9,73.25,0.6258760231792765,1.1646110653913389,8.846342358775425,0.8846342358775425
9,73.5,0.6260771023145981,1.1649852273297134,8.876404981656265,0.8876404981656265
9,73.75,0.6262695752637402,1.1653433751386368,8.906569802797797,0.8906569802797797
9,74.0,0.6264532229604423,1.1656851011862754,8.93684028776864,0.8936840287768639
9,74.25,0.626627822205778,1.1660099901508567,8.96721997953352,0.896721997953352
9,74.5,0.6267931456033368,1.166317618900057,8.997712499896927,0.8997712499896927
9,74.75,0.6269489614936762,1.1666075563690326,9.028321550968643,0.9028321550968643
9,75.0,0.627095033888035,1.166879363437075,9.059050916650932,0.9059050916650933
9,75.25,0.6272311224013022,1.1671325928028824,9.08990446414808,0.9089904464148081
9,75.5,0.6273569821842387,1.1673667888584383,9.12088614549814,0.912088614549814
9,75.75,0.6274723638549445,1.1675814875614894,9.151999999127398,0.9151999999127398
9,76.0,0.6275770134295661,1.1677762163066068,9.183250151427615,0.9183250151427614
9,76.25,0.6276706722522403,1.1679504937948284,9.214640818356456,0.9214640818356455
9,76.5,0.627753076924269,1.1681038299018693,9.246176307061184,0.9246176307061184
9,76.75,0.6278239592325165,1.1682357255448854,9.277861017525979,0.9277861017525979
9,77.0,0.6278830460770294,1.1683456725477905,9.309699444243124,0.9309699444243125
9,77.25,0.6279300593978678,1.1684331535051071,9.341696177908272,0.9341696177908272
9,77.5,0.6279647161011481,1.168497641644348,9.373855907140054,0.9373855907140054
9,77.75,0.6279867279842863,1.1685386006869114,9.40618342022427,0.940618342022427
9,78.0,0.6279958016604427,1.1685554847074906,9.438683606883034,0.9438683606883034
9,78.25,0.6279916384821559,1.1685477379919744,9.471361460068891,0.9471361460068891
9,78.5,0.627973934464166,1.168514794893838,9.504222077784478,0.9504222077784478
9,78.75,0.6279423802054194,1.168456079689012,9.537270664927656,0.9537270664927655
9,79.0,0.6278966608102481,1.168371006429217,9.570512535162713,0.9570512535162713
9,79.25,0.6278364558087223,1.1682589787937554,9.603953112817631,0.9603953112817631
9,79.5,0.6277614390761651,1.168119389939749,9.637597934807754,0.9637597934807755
9,79.75,0.6276712787518305,1.1679516223508168,9.67145265258636,0.9671452652586361
9,80.0,0.627565637156731,1.1677550476841703,9.705523034121928,0.9705523034121928
9,80.25,0.627444170710618,1.1675290266161344,9.739814965902891,0.9739814965902891
9,80.5,0.6273065298481029,1.1672729086860678,9.77433445496977,0.977433445496977
9,80.75,0.6271523589339142,1.166986032138675,9.809087630975199,0.98090876309752
9,81.0,0.6269812961772901,1.1666677237647118,9.844080748271939,0.9844080748271938
9,81.25,0.6267929735454938,1.1663172987400567,9.879320188029308,0.9879320188029308
9,81.5,0.6265870166764493,1.1659340604631467,9.914812460378226,0.9914812460378226
9,81.75,0.6263630447904949,1.1655173003907697,9.950564206585188,0.9950564206585188
9,82.0,0.6261206706012415,1.1650662978721946,9.986582201255413,0.9986582201255413
9,82.25,0.6258595002255376,1.1645803199816338,10.022873354565547,1.0022873354565547
9,82.5,0.6255791330925301,1.1640586213490294,10.059444714526048,1.005944471452605
9,82.75,0.6252791618518168,1.1635004439891437,10.096303469273739,1.009630346927374
9,83.0,0.6249591722806858,1.162905017128955,10.133456949394649,1.0133456949394648
9,83.25,0.6246187431904349,1.1622715570333384,10.170912630277549,1.0170912630277549
9,83.5,0.6242574463317647,1.1615992668290245,10.208678134498438,1.020867813449844
9,83.75,0.6238748462992416,1.1608873363268268,10.246761234236242,1.0246761234236241
9,84.0,0.6234705004348217,1.1601349418421225,10.285169853720111,1.028516985372011
9,84.25,0.6230439587304338,1.1593412460135821,10.323912071708495,1.0323912071708494
9,84.5,0.6225947637296119,1.158505397620128,10.362996124000478,1.0362996124000479
9,84.75,0.6221224504281733,1.157626531396123,10.40243040597942,1.040243040597942
9,85.0,0.6216265461739358,1.1567037678447636,10.442223475189572,1.0442223475189572
